ModelID,PatientID,CellLineName,StrippedCellLineName,DepmapModelType,OncotreeLineage,OncotreePrimaryDisease,OncotreeSubtype,OncotreeCode,LegacyMolecularSubtype,LegacySubSubtype,PatientMolecularSubtype,RRID,Age,AgeCategory,Sex,PatientRace,PrimaryOrMetastasis,SampleCollectionSite,SourceType,SourceDetail,CatalogNumber,PatientTreatmentStatus,PatientTreatmentType,PatientTreatmentDetails,Stage,StagingSystem,PatientTumorGrade,PatientTreatmentResponse,GrowthPattern,OnboardedMedia,FormulationID,PlateCoating,EngineeredModel,TissueOrigin,ModelDerivationMaterial,PublicComments,CCLEName,HCMIID,WTSIMasterCellID,SangerModelID,COSMICID,DateSharedIndbGaP,SOX10_gene_effect,SOX10_dependency_probability,SOX10_expression_log2TPM1
ACH-000014,PT-fp8PeY,Hs 294T,HS294T,MEL,Skin,Melanoma,Melanoma,MEL,,,,CVCL_0331,56.0,Adult,Male,caucasian,Metastatic,lymph_node,ATCC,ATCC,HTB-140,,,,,,,,Adherent,MF-002-001,DMEM + 10% FBS,,,,,,HS294T_SKIN,,,SIDM00800,,,-2.0505176247111847,1.0,8.192933869820523
ACH-000219,PT-3FxmoJ,A-375,A375,MEL,Skin,Melanoma,Melanoma,MEL,,,,CVCL_0132,54.0,Adult,Female,,Primary,skin,ATCC,ATCC,CRL-1619,,,,,,,,Adherent,MF-002-001,DMEM + 10% FBS,,,,,,A375_SKIN,,953.0,SIDM00795,906793.0,,-1.4902022029024806,0.9967318494108762,8.077296415265875
ACH-000274,PT-QbMSjm,Hs 852.T,HS852T,MEL,Skin,Melanoma,Melanoma,MEL,,,,CVCL_0950,53.0,Adult,Male,,Primary,skin,ATCC,ATCC,CRL-7585,,,,,,,,Adherent,MF-002-001,DMEM + 10% FBS,,,,,,HS852T_SKIN,,,,,,-1.707606369196954,0.9983739444581188,8.295723024539969
ACH-000304,PT-JAyPtz,WM-115,WM115,MEL,Skin,Melanoma,Melanoma,MEL,,,,CVCL_0040,55.0,Adult,Female,,Metastatic,skin,ATCC,ATCC,,,,,,,,,Adherent,MF-006-001,MEM + 10% FBS,,,,,,WM115_SKIN,,1000.0,SIDM01000,909784.0,,-1.8442778663658697,0.9999999999999992,8.511357340697119
ACH-000322,PT-czDcsE,HT-144,HT144,MEL,Skin,Melanoma,Melanoma,MEL,,,,CVCL_0318,29.0,Adult,Male,caucasian,Metastatic,skin,ATCC,ATCC,HTB-63,,,,,,,,Adherent,MF-023-001,McCoy's 5A + 10% FBS,,,,,,HT144_SKIN,,1193.0,SIDM00695,907067.0,,-1.9464674548113767,1.0,7.778799939117547
ACH-000348,PT-xMEDHc,RPMI-7951,RPMI7951,MEL,Skin,Melanoma,Melanoma,MEL,,,,CVCL_1666,18.0,Adult,Female,caucasian,Metastatic,lymph_node,ATCC,ATCC,HTB-66,,,,,,,,Adherent,MF-001-001,RPMI + 10% FBS,,,,,,RPMI7951_SKIN,,1909.0,SIDM01087,910903.0,,-0.043656246673278,0.0468537243592245,0.4005379295837288
ACH-000401,PT-hf4hbl,COLO-800,COLO800,SKCM,Skin,Melanoma,Cutaneous Melanoma,SKCM,,,,CVCL_1135,14.0,Pediatric,Male,,Metastatic,skin,ATCC,ATCC,CRL-1974,,,,,,,,Adherent,MF-001-001,RPMI + 10% FBS,,,,,,COLO800_SKIN,,21.0,SIDM00515,906813.0,,-1.5570035653394845,0.9959945849619966,8.343629894959053
ACH-000404,PT-xgu7do,K029AX,K029AX,SKCM,Skin,Melanoma,Cutaneous Melanoma,SKCM,,,,CVCL_8784,,Unknown,Unknown,,Primary,skin,Academic lab,Received from CCLE; originally academic lab,,,,,,,,,Adherent,MF-001-001,RPMI + 10% FBS,,,,,,K029AX_SKIN,,,,,,-1.259997575585814,0.992042846763308,7.397118409042582
ACH-000425,PT-Zu8A8i,UACC-62,UACC62,MEL,Skin,Melanoma,Melanoma,MEL,,,,CVCL_1780,,Unknown,Unknown,,Primary,skin,Academic lab,NCI/DCTD,AddexBio Product Detail - UACC-62 Cells,,,,,,,,Adherent,MF-001-001,RPMI + 10% FBS,,,,,,UACC62_SKIN,,8.0,SIDM00107,905976.0,,-1.7153301272920884,0.9975509758411288,7.891905188211931
ACH-000441,PT-wx4HmM,SH-4,SH4,MEL,Skin,Melanoma,Melanoma,MEL,,,,CVCL_1692,60.0,Adult,Female,caucasian,Metastatic,pleural_effusion,ATCC,ATCC,CRL-7724,,,,,,,,Adherent,MF-002-001,DMEM + 10% FBS,,,,,,SH4_SKIN,,1179.0,SIDM01079,909713.0,,-1.6424959848668863,0.9999430325721904,7.90743150483471
ACH-000450,PT-tIdwwm,MEL-HO,MELHO,MEL,Skin,Melanoma,Melanoma,MEL,,,,CVCL_1402,,Unknown,Female,,Primary,skin,DSMZ,DSMZ,ACC 62,,,,,,,,Adherent,MF-001-001,RPMI + 10% FBS,,,,,This line is a ME-WEI derivative (ICLAC). DepMap metadata has been updated (as of 22Q2) to reflect this.,MELHO_SKIN,,2109.0,SIDM00337,908124.0,,-1.3708921858895389,0.9994133127796134,7.849186138743459
ACH-000458,PT-CfuEas,CJM,CJM,MEL,Skin,Melanoma,Melanoma,MEL,,,,CVCL_U797,,Unknown,Male,,Metastatic,skin,RIKEN,,RCB1034,,,,,,,,Adherent,MF-004-001,F12 + 10% FBS,,,,,,CJM_SKIN,,,,,,-0.2454667701533847,0.1395652087617039,0.070389327891398
ACH-000477,PT-A0Pe6P,Malme-3M,MALME3M,MEL,Skin,Melanoma,Melanoma,MEL,,,,CVCL_1438,43.0,Adult,Male,caucasian,Metastatic,lung,ATCC,ATCC,HTB-64,,,,,,,,Adherent,MF-001-001,RPMI + 10% FBS,,,,,,MALME3M_SKIN,,,SIDM00011,,,-2.6561863824157825,1.0,7.984247546994803
ACH-000550,PT-Wg8rkx,IGR-39,IGR39,MEL,Skin,Melanoma,Melanoma,MEL,,,,CVCL_2076,26.0,Adult,Male,,Primary,skin,DSMZ,DSMZ,ACC 239,,,,,,,,Adherent,MF-002-022,DMEM + 15% FBS,,,,,,IGR39_SKIN,,,SIDM01065,,,-0.2828983726801975,0.2276486097308831,0.1890338243900171
ACH-000579,PT-KoNkGk,UACC-257,UACC257,MEL,Skin,Melanoma,Melanoma,MEL,,,,CVCL_1779,,Unknown,Unknown,,Primary,skin,Academic lab,NCI/DCTD,Cannot find link to NCI/DCTD,,,,,,,,Adherent,MF-001-001,RPMI + 10% FBS,,,,,,UACC257_SKIN,,14.0,SIDM00108,905977.0,,-1.7191426723358074,0.9998546474486688,7.760753208062987
ACH-000580,PT-Dlqu1U,C32,C32,MEL,Skin,Melanoma,Melanoma,MEL,,amelanotic,,CVCL_1097,53.0,Adult,Male,caucasian,Primary,skin,ATCC,ATCC,CRL-1585,,,,,,,,Adherent,MF-015-001,EMEM + 10% FBS,,,,,,C32_SKIN,,2242.0,SIDM00890,906830.0,,-1.0179090629397824,0.9516271141193012,8.345360889539638
ACH-000614,PT-Zy2EsL,RVH-421,RVH421,MEL,Skin,Melanoma,Melanoma,MEL,,,,CVCL_1672,28.0,Adult,Male,caucasian,Metastatic,central_nervous_system,DSMZ,DSMZ,ACC 127,,,,,,,,Adherent,MF-001-001,RPMI + 10% FBS,,,,,,RVH421_SKIN,,1274.0,SIDM00401,909706.0,,-2.5244780124138613,1.0,8.19991768027457
ACH-000632,PT-CeiJLF,Hs 944.T,HS944T,SKCM,Skin,Melanoma,Cutaneous Melanoma,SKCM,,,,CVCL_1040,51.0,Adult,Male,caucasian,Metastatic,skin,ATCC,ATCC,Discontinued,,,,,,,,Adherent,MF-002-001,DMEM + 10% FBS,,,,,,HS944T_SKIN,,,SIDM00063,,,-0.6628439854799084,0.8741316827853817,7.299116415794093
ACH-000661,PT-VxRt2m,WM1799,WM1799,MEL,Skin,Melanoma,Melanoma,MEL,,,,CVCL_A341,,Unknown,Male,,Primary,skin,Academic lab,The Wistar Institute,Cannot find WISTAR website,,,,,,,,Adherent,MF-001-001,RPMI + 10% FBS,,,,,,WM1799_SKIN,,,,,,-2.5387885354047826,1.0,8.213784690329424
ACH-000765,PT-mH5ckQ,WM983B,WM983B,MEL,Skin,Melanoma,Melanoma,MEL,,,,CVCL_6809,54.0,Adult,Male,,Metastatic,lymph_node,Academic lab,Received from CCLE; originally academic lab,,,,,,,,,Adherent,MF-001-001,RPMI + 10% FBS,,,,,,WM983B_SKIN,,,,,,-1.3950347103733591,0.9997807005542366,8.128149025286326
ACH-000788,PT-ZSJTWI,A2058,A2058,MEL,Skin,Melanoma,Melanoma,MEL,,,,CVCL_1059,43.0,Adult,Male,caucasian,Metastatic,lymph_node,ATCC,ATCC,CRL-11147,,,,,,,,Adherent,MF-002-001,DMEM + 10% FBS,,,,,,A2058_SKIN,,652.0,SIDM00797,906792.0,,-0.0353484227462807,0.0398867899216969,7.632486348459769
ACH-000799,PT-mZ69Vl,Hs 695T,HS695T,MEL,Skin,Melanoma,Melanoma,MEL,,amelanotic,,CVCL_0851,26.0,Adult,Male,caucasian,Metastatic,lymph_node,ATCC,ATCC,HTB-137,,,,,,,,Adherent,MF-006-001,MEM + 10% FBS,,,,,,HS695T_SKIN,,,,,,-1.358474385561827,0.9999095370064928,7.680605666202592
ACH-000801,PT-1I8hCi,Hs 936.T,HS936T,MEL,Skin,Melanoma,Melanoma,MEL,,,,CVCL_1033,,Unknown,Male,,Primary,skin,ATCC,ATCC,,,,,,,,,Adherent,MF-002-001,DMEM + 10% FBS,,,,,,HS936T_SKIN,,,,,,-1.080920446785813,0.992575315363491,7.976707311846879
ACH-000805,PT-SscYEx,COLO-679,COLO679,SKCM,Skin,Melanoma,Cutaneous Melanoma,SKCM,,,,CVCL_1130,47.0,Adult,Female,,Metastatic,skin,DSMZ,DSMZ,ACC 264,,,,,,,,Adherent,MF-001-001,RPMI + 10% FBS,,,,,,COLO679_SKIN,,2049.0,SIDM00284,906818.0,,-0.9492042388866166,0.9801607278750576,7.782080880768314
ACH-000810,PT-1TshCj,SK-MEL-30,SKMEL30,SKCM,Skin,Melanoma,Cutaneous Melanoma,SKCM,,,,CVCL_0039,67.0,Adult,Male,caucasian,Metastatic,skin,DSMZ,DSMZ,ACC 151,,,,,,,,Adherent,MF-001-001,RPMI + 10% FBS,,,,,,SKMEL30_SKIN,,1789.0,SIDM00392,909726.0,,-1.1360922008453171,0.9649283241468316,8.193771743396681
ACH-000822,PT-n2hnAf,SK-MEL-24,SKMEL24,MEL,Skin,Melanoma,Melanoma,MEL,,,,CVCL_0599,67.0,Adult,Male,caucasian,Metastatic,lymph_node,ATCC,ATCC,HTB-71,,,,,,,,Adherent,MF-006-001,MEM + 10% FBS,,,,,,SKMEL24_SKIN,,945.0,SIDM01106,909725.0,,-1.061309245719832,0.9722658897381258,8.529977073907332
ACH-000827,PT-L3eOYW,WM793,WM793,MEL,Skin,Melanoma,Melanoma,MEL,,,,CVCL_8787,37.0,Adult,Male,,Primary,skin,Academic lab,The Wistar Institute,Cannot find WISTAR website,,,,,,,,Adherent,MF-001-001,RPMI + 10% FBS,,,,,,WM793_SKIN,,114.0,SIDM00973,1299081.0,,-1.7182053155983434,0.998602506969387,7.178216662142889
ACH-000881,PT-9PTPLm,MEL-JUSO,MELJUSO,SKCM,Skin,Melanoma,Cutaneous Melanoma,SKCM,,,,CVCL_1403,58.0,Adult,Female,,Primary,skin,DSMZ,DSMZ,ACC 74,,,,,,,,Adherent,MF-001-001,RPMI + 10% FBS,,,,,,MELJUSO_SKIN,,626.0,SIDM00336,908125.0,,-1.9928565369669569,1.0,7.763477970909759
ACH-000882,PT-MRf5jM,IGR-1,IGR1,MEL,Skin,Melanoma,Melanoma,MEL,,,,CVCL_1303,42.0,Adult,Male,,Metastatic,lymph_node,DSMZ,DSMZ,ACC 236,,,,,,,,Adherent,MF-002-001,DMEM + 10% FBS,,,,,,IGR1_SKIN,,1534.0,SIDM01060,907169.0,,-1.6407906189560342,1.0,7.982822493992777
ACH-000884,PT-3NwoWt,MDA-MB-435S,MDAMB435S,MEL,Skin,Melanoma,Melanoma,MEL,,amelanotic,,CVCL_0622,31.0,Adult,Unknown,caucasian,Metastatic,skin,ATCC,ATCC,HTB-129,,,,,,,,Adherent,MF-001-001,RPMI + 10% FBS,,,,,SNP fingerprinting confirms that this line is an M14 derivative. DepMap metadata has been updated (as of 22Q2) to reflect this.,MDAMB435S_SKIN,,,SIDM01222,,,-1.1857503423232865,0.9903208641492446,6.6884601404244926
ACH-000899,PT-j60QIc,WM88,WM88,MEL,Skin,Melanoma,Melanoma,MEL,,,,CVCL_6805,,Unknown,Male,,Metastatic,skin,Academic lab,Received from CCLE; originally academic lab,,,,,,,,,Unknown,MF-001-001,RPMI + 10% FBS,,,,,,WM88_SKIN,,,SIDM01768,,,-1.1509574656234722,0.9839599153442788,8.069261781885672
ACH-000915,PT-Jc7cdo,IPC-298,IPC298,SKCM,Skin,Melanoma,Cutaneous Melanoma,SKCM,,,,CVCL_1307,64.0,Adult,Female,,Primary,skin,DSMZ,DSMZ,ACC 251,,,,,,,,Adherent,MF-001-001,RPMI + 10% FBS,,,,,,IPC298_SKIN,,77.0,SIDM01059,907171.0,,-1.1951043336363565,0.9928515807816716,7.572586549385767
ACH-000968,PT-z7yLU0,COLO 792,COLO792,MEL,Skin,Melanoma,Melanoma,MEL,,,,CVCL_1134,62.0,Adult,Male,,Metastatic,central_nervous_system,ECACC,ECACC,93052616,,,,,,,,Adherent,MF-001-001,RPMI + 10% FBS,,,,,,COLO792_SKIN,,1467.0,SIDM00140,906814.0,,-1.804231406083702,1.0,8.367589480412983
ACH-001041,PT-rXLMnY,CHL-1-DM,CHL1DM,MEL,Skin,Melanoma,Melanoma,MEL,,,,CVCL_1122,36.0,Adult,Female,,Metastatic,pleural_effusion,DSMZ,DSMZ,,,,,,,,,Adherent,MF-001-001,RPMI + 10% FBS,,,,,,CHL1DM_SKIN,,,SIDM00911,,,-0.9954484773500432,0.9945867736583016,8.368288185534677
ACH-001190,PT-IHNbDy,SK-MEL-2,SKMEL2,MEL,Skin,Melanoma,Melanoma,MEL,,,,CVCL_0069,60.0,Adult,Male,caucasian,Metastatic,skin,ATCC,ATCC,HTB-68,,,,,,,,Adherent,MF-006-001,MEM + 10% FBS,,,,,,SKMEL2_SKIN,,1191.0,SIDM00082,905955.0,,-1.3944528709222583,0.9997326822510528,7.369466483650723
ACH-001239,PT-JAyPtz,WM-266-4,WM2664,MEL,Skin,Melanoma,Melanoma,MEL,,,,CVCL_2765,55.0,Adult,Female,,Metastatic,skin,ATCC,ATCC,*Couldn't find on ATCC,,,,,,,,Adherent,MF-002-001,DMEM + 10% FBS,,,,,,WM2664_SKIN,,,SIDM00979,,,-1.696811876849602,0.996165380303392,8.095608004811197
ACH-001522,PT-wEoiUI,HMY-1,HMY1,MEL,Skin,Melanoma,Melanoma,MEL,,,,CVCL_2950,62.0,Adult,Male,,Metastatic,lymph_node,JCRB,JCRB,JCRB1018,,,,,,,,Adherent,MF-002-001,DMEM + 10% FBS,,,,,,HMY1_SKIN,,,,,,-1.9367015663251896,1.0,6.863690713660096
ACH-001554,PT-2AwIuw,mel-202,MEL202,UM,Eye,Ocular Melanoma,Uveal Melanoma,UM,,,,CVCL_C301,,Unknown,Female,,Primary,uvea,ECACC,ECACC,,,,,,,,,Adherent,MF-001-003,RPMI + 10% FBS + 2mM Glutamine,,,,,,MEL202_UVEA,,,,,,-0.5603293337488257,0.7901461267451431,6.819029455438522
ACH-001563,PT-uwdvUG,MM127,MM127,MEL,Skin,Melanoma,Melanoma,MEL,,amelanotic,,CVCL_2601,,Unknown,Male,,Metastatic,skin,Sigma-Aldrich,Sigma-Aldrich,CBA-1344,,,,,,,,Adherent,MF-001-004,RPMI + 10% FBS + 2mM Glutamine + 25mM HEPES,,,,,,MM127_SKIN,,,,,,-0.1799943357344785,0.0998124411007026,0.01435529297707
ACH-001566,PT-4UAKiS,MM370,MM370,MEL,Skin,Melanoma,Melanoma,MEL,,,,CVCL_2605,,Unknown,Male,,Metastatic,lymph_node,Sigma-Aldrich,Sigma-Aldrich,CBA-1348,,,,,,,,Adherent,MF-001-004,RPMI + 10% FBS + 2mM Glutamine + 25mM HEPES,,,,,,MM370_SKIN,,,,,,-1.741844654486307,1.0,7.696689389537669
ACH-001567,PT-fN0pV5,MM383,MM383,MEL,Skin,Melanoma,Melanoma,MEL,,,,CVCL_2606,,Unknown,Male,,Metastatic,lymph_node,Sigma-Aldrich,Sigma-Aldrich,CBA-1350,,,,,,,,Adherent,MF-001-004,RPMI + 10% FBS + 2mM Glutamine + 25mM HEPES,,,,,,MM383_SKIN,,,,,,-2.0580376281634103,1.0,7.438459204423481
ACH-001568,PT-QuhZbF,MM386,MM386,MEL,Skin,Melanoma,Melanoma,MEL,,,,CVCL_2607,,Unknown,Male,,Metastatic,lymph_node,Sigma-Aldrich,Sigma-Aldrich,CBA-1349,,,,,,,,Adherent,MF-001-004,RPMI + 10% FBS + 2mM Glutamine + 25mM HEPES,,,,,,MM386_SKIN,,,,,,-1.6648261657927086,0.9990008923921244,7.7535510546006545
ACH-001570,PT-bKFeuG,MM426,MM426,MEL,Skin,Melanoma,Melanoma,MEL,,,,CVCL_2609,,Unknown,Male,,Metastatic,lymph_node,Sigma-Aldrich,Sigma-Aldrich,CBA-1352,,,,,,,,Adherent,MF-001-004,RPMI + 10% FBS + 2mM Glutamine + 25mM HEPES,,,,,,MM426_SKIN,,,,,,-1.811292472794531,0.9999898600055128,7.776564629183024
ACH-001645,PT-pmeBkH,SEKI,SEKI,MEL,Skin,Melanoma,Melanoma,MEL,,,,CVCL_3162,28.0,Adult,Female,,Primary,skin,JCRB,JCRB,JCRB1041,,,,,,,,Suspension,MF-001-020,RPMI + 20% FBS,,,,,,SEKI_SKIN,,,,,,-1.7486582581069845,0.998662878801727,6.929672661579345
ACH-001970,PT-75oSJn,MM253,MM253,MEL,Skin,Melanoma,Melanoma,MEL,,,,CVCL_2604,46.0,Adult,Male,,Metastatic,lymph_node,CellBank Australia,CellBank Australia,CBA-1347,,,,,,,,Adherent,MF-001-004,RPMI + 10% FBS + 2mM Glutamine + 25mM HEPES,,,,,,MM253_SKIN,,,,,,-2.209733445872023,1.0,6.670585440262214
ACH-001972,PT-Czk2qo,MM473,MM473,MEL,Skin,Melanoma,Melanoma,MEL,,,,CVCL_4450,,Unknown,Male,,Metastatic,lymph_node,CellBank Australia,,CBA-1354,,,,,,,,Adherent,MF-001-004,RPMI + 10% FBS + 2mM Glutamine + 25mM HEPES,,,,,,MM473_SKIN,,,,,,-2.1253784551290327,1.0,7.294069295088306
ACH-001973,PT-oJTeSY,MM485,MM485,MEL,Skin,Melanoma,Melanoma,MEL,,,,CVCL_2610,,Unknown,Male,,Metastatic,lymph_node,CellBank Australia,CellBank Australia,CBA-1355,,,,,,,,Adherent,MF-001-004,RPMI + 10% FBS + 2mM Glutamine + 25mM HEPES,,,,,,MM485_SKIN,,,,,,-1.25778924718048,0.98851157232952,6.928133407829852
ACH-001975,PT-IBpd8U,MM576,MM576,MEL,Skin,Melanoma,Melanoma,MEL,,,,CVCL_2611,,Unknown,Unknown,,Metastatic,lymph_node,CellBank Australia,CellBank Australia,CBA-1357,,,,,,,,Adherent,MF-001-004,RPMI + 10% FBS + 2mM Glutamine + 25mM HEPES,,,,,,MM576_SKIN,,,,,,-1.2245978131587136,0.9931423652264476,7.446008038523716
ACH-001982,PT-6BEu4D,NZM3,NZM3,MEL,Skin,Melanoma,Melanoma,MEL,,,,CVCL_D828,69.0,Adult,Male,,Metastatic,lymph_node,CellBank Australia,CellBank Australia,,,,,,,,,Adherent,MF-003-003,AlphaMEM + 5% FBS + 1X Insulin-Transferrin-Selenium,,,,,,NZM3_SKIN,,,,,,-1.952419533612286,0.9999559670990203,6.724104519866845
ACH-001986,PT-EpCvHQ,NZM42,NZM42,MEL,Skin,Melanoma,Melanoma,MEL,,,,CVCL_D833,71.0,Adult,Male,,Metastatic,skin,CellBank Australia,CellBank Australia,,,,,,,,,Adherent,MF-003-003,AlphaMEM + 5% FBS + 1X Insulin-Transferrin-Selenium,,,,,,NZM42_SKIN,,,,,,-1.727892240888256,0.9998286658033804,6.9342805936400245
ACH-001990,PT-PCXcZ8,NZM7,NZM7,MEL,Skin,Melanoma,Melanoma,MEL,,,,CVCL_D843,36.0,Adult,Male,,Metastatic,lymph_node,CellBank Australia,CellBank Australia,,,,,,,,,Adherent,MF-003-003,AlphaMEM + 5% FBS + 1X Insulin-Transferrin-Selenium,,,,,,NZM7_SKIN,,,,,,-2.159741297116101,1.0,6.726558779104974
ACH-002001,PT-3FxmoJ,A375 SKIN CJ1,A375SKINCJ1,MEL,Skin,Melanoma,Melanoma,MEL,,,,CVCL_A1VP,54.0,Adult,Female,,Primary,skin,Academic lab,Cory Johannessen (Broad),,,,,,,,,Adherent,MF-001-001,RPMI + 10% FBS,,cultured to resistance,,,,A375_SKIN_CJ1_RESISTANT,,,,,,-1.534206879902363,0.9976493986949584,7.796688594464146
ACH-002002,PT-3FxmoJ,A375 SKIN CJ2,A375SKINCJ2,MEL,Skin,Melanoma,Melanoma,MEL,,,,CVCL_C8YB,54.0,Adult,Female,,Primary,skin,Academic lab,Cory Johannessen (Broad),,,,,,,,,Adherent,MF-001-001,RPMI + 10% FBS,,cultured to resistance,,,,A375_SKIN_CJ2_RESISTANT,,,,,,-0.2114161778514789,0.150050936152312,2.594548549550354
ACH-002003,PT-3FxmoJ,A375 SKIN CJ3,A375SKINCJ3,MEL,Skin,Melanoma,Melanoma,MEL,,,,CVCL_B3PJ,54.0,Adult,Female,,Primary,skin,Academic lab,Cory Johannessen (Broad),,,,,,,,,Adherent,MF-001-001,RPMI + 10% FBS,,cultured to resistance,,,,A375_SKIN_CJ3_RESISTANT,,,,,,-1.6189841228589636,0.9983791392871753,7.69939893773701
ACH-002004,PT-Zu8A8i,UACC62 SKIN CJ1,UACC62SKINCJ1,MEL,Skin,Melanoma,Melanoma,MEL,,,,CVCL_A1VN,,Unknown,Unknown,,Primary,skin,Academic lab,Cory Johannessen (Broad),,,,,,,,,Adherent,MF-001-001,RPMI + 10% FBS,,cultured to resistance,,,,UACC62_SKIN_CJ1_RESISTANT,,,,,,-1.1715102655952594,0.9813272887597072,7.527711571550042
ACH-002005,PT-4QtR2m,SK-MEL-19,SKMEL19,SKCM,Skin,Melanoma,Cutaneous Melanoma,SKCM,,,,CVCL_6025,50.0,Adult,Male,,Primary,skin,Academic lab,Cory Johannessen (Broad),,,,,,,,,Adherent,MF-001-001,RPMI + 10% FBS,,,,,,SKMEL19_SKIN,,,,,,-2.055297639754967,1.0,7.242983516109694
ACH-002014,PT-5vJu3k,Mel270,MEL270,UM,Eye,Ocular Melanoma,Uveal Melanoma,UM,,,,CVCL_C302,62.0,Adult,Male,,Primary,uvea,Academic lab,,,,,,,,,,Adherent,MF-001-022,RPMI + 20% FBS + 3mM Glutamine,,,,,,MEL270_UVEA,,,,,,-1.0933132422291325,0.9482290542436396,6.60139939053183
ACH-002015,PT-N7xRpa,Mel285,MEL285,UM,Eye,Ocular Melanoma,Uveal Melanoma,UM,,,,CVCL_C303,49.0,Adult,Female,,Primary,uvea,Academic lab,(Leiden University),,,,,,,,,Adherent,MF-001-022,RPMI + 20% FBS + 3mM Glutamine,,,,,,MEL285_UVEA,,,,,,-0.3133316203902755,0.2480983212310684,0.0
ACH-002016,PT-MucJf6,Mel290,MEL290,UM,Eye,Ocular Melanoma,Uveal Melanoma,UM,,,,CVCL_C304,67.0,Adult,Female,,Primary,uvea,Academic lab,(Leiden University),,,,,,,,,Adherent,MF-001-022,RPMI + 20% FBS + 3mM Glutamine,,,,,,MEL290_UVEA,,,,,,-0.2872031482059638,0.224117011494543,0.0285691521967709
ACH-002018,PT-5vJu3k,Omm2.5,OMM25,UM,Eye,Ocular Melanoma,Uveal Melanoma,UM,,,,CVCL_C307,62.0,Adult,Male,,Metastatic,liver,Academic lab,,,,,,,,,,Adherent,MF-001-022,RPMI + 20% FBS + 3mM Glutamine,,,,,,OMM25_UVEA,,,,,,-2.2969373454116484,1.0,7.315874125039256
ACH-002040,PT-YbtlK5,HMV-II,HMVII,VMM,Vulva/Vagina,Mucosal Melanoma of the Vulva/Vagina,Mucosal Melanoma of the Vulva/Vagina,VMM,,,,CVCL_1282,65.0,Adult,Female,,Primary,skin,RIKEN,RIKEN,,,,,,,,,Adherent,MF-004-001,F12 + 10% FBS,,,,,,HMVII_SKIN,,,SIDM00291,,,-2.2428490867671553,1.0,7.517039424676004
ACH-002084,PT-Qsi22o,MMAc,MMAC,MEL,Skin,Melanoma,Melanoma,MEL,,,,CVCL_5951,39.0,Adult,Female,,Metastatic,ascites,RIKEN,RIKEN,RCB0808,,,,,,,,Adherent,MF-001-001,RPMI + 10% FBS,,,,,,MMAC_SKIN,,,SIDM00246,,,-1.8767616809013985,0.9999724819868928,7.484057549469535
ACH-002458,PT-czDcsE,HT144 SKIN FV1,HT144SKINFV1,MEL,Skin,Melanoma,Melanoma,MEL,,,,CVCL_A1VJ,29.0,Adult,Male,caucasian,Metastatic,skin,Academic lab,Vazquez (Broad),,,,,,,,,Adherent,MF-001-001,RPMI + 10% FBS,,cultured to resistance,,,,HT144_SKIN_FV1_RESISTANT,,,,,,-1.0741490605197022,0.9753925106520112,7.372255648445787
ACH-002460,PT-czDcsE,HT144 SKIN FV2,HT144SKINFV2,MEL,Skin,Melanoma,Melanoma,MEL,,,,CVCL_A1VK,29.0,Adult,Male,caucasian,Metastatic,skin,Academic lab,Vazquez (Broad),,,,,,,,,Adherent,MF-001-001,RPMI + 10% FBS,,cultured to resistance,,,,HT144_SKIN_FV2_RESISTANT,,,,,,-1.643258684731616,0.9996072012004472,6.871350840634026
ACH-002461,PT-Zy2EsL,RVH421 SKIN FV1,RVH421SKINFV1,MEL,Skin,Melanoma,Melanoma,MEL,,,,CVCL_A1VM,28.0,Adult,Male,caucasian,Metastatic,central_nervous_system,Academic lab,Vazquez (Broad),,,,,,,,,Adherent,MF-001-001,RPMI + 10% FBS,,cultured to resistance,,,,RVH421_SKIN_FV1_RESISTANT,,,,,,-0.133134741379864,0.0874963263615335,0.0
ACH-002508,PT-SogXKU,WM3211,WM3211,ACRM,Skin,Melanoma,Acral Melanoma,ACRM,,acral,,CVCL_6797,34.0,Adult,Female,,Metastatic,lymph_node,Academic lab,Hayward (QIMRB),,,,,,,,,Adherent,MF-001-001,RPMI + 10% FBS,,,,,,WM3211_SKIN,,,,,,-0.1668096159415665,0.1153060462526582,0.0
ACH-002510,PT-6g2PcW,M040416,M040416,ACRM,Skin,Melanoma,Acral Melanoma,ACRM,,acral,,CVCL_A1UF,54.0,Adult,Male,,Metastatic,skin,Academic lab,Hayward (QIMRB),,,,,,,,,Adherent,MF-001-001,RPMI + 10% FBS,,,,,,M040416_SKIN,,,,,,-2.09136337404003,1.0,7.59499633654093
ACH-002511,PT-iI63vt,M140325,M140325,MEL,Skin,Melanoma,Melanoma,MEL,,mucosal,,CVCL_A1UE,64.0,Adult,Female,,Primary,skin,Academic lab,Hayward (QIMRB),,,,,,,,,Adherent,MF-001-001,RPMI + 10% FBS,,,,,,M140325_SKIN,,,,,,-1.7503265614368573,0.9996728201517112,8.059614856297223
ACH-002512,PT-YwNqCa,MM160113,MM160113,ACRM,Skin,Melanoma,Acral Melanoma,ACRM,,acral,,CVCL_B4KU,86.0,Adult,Male,,Metastatic,skin,Academic lab,Hayward (QIMRB),,,,,,,,,Adherent,MF-001-001,RPMI + 10% FBS,,,,,,MM160113_SKIN,,,,,,-1.1804776996321968,0.9747381085233184,7.06813335395103
ACH-002687,PT-VBCF1O,WM3772F,WM3772F,UM,Eye,Ocular Melanoma,Uveal Melanoma,UM,,,,CVCL_0B81,,Unknown,Female,,Metastatic,lung,Academic lab,"Rockland Immunochemicals, Inc., Received from Tak Ito",,,,,,,,,Adherent,MF-001-020,RPMI + 20% FBS,,,,,,WM3772F_EYE,,,,,,-1.531758221587148,0.9947401481894226,7.340117143898421
ACH-002847,PT-AFnHpd,YUHOIN,YUHOIN,MEL,Skin,Melanoma,Melanoma,MEL,,,,CVCL_J521,59.0,Adult,Female,,Metastatic,sinonasal,Academic lab,Halaban (Yale),,,,,,,,,Adherent,MF-036-001,Opti-MEM + 5% FBS,,,,,,YUHOIN0650_Melanoma_Skin,,,,,,-0.0324382581058691,0.0360950506043168,0.01435529297707
ACH-002925,PT-abxYPP,UPMM3,UPMM3,UM,Eye,Ocular Melanoma,Uveal Melanoma,UM,,uveal,,CVCL_C295,,Unknown,Male,,Primary,eye,QIMRB Berghofer,QIMRB Berghofer (via CRUK Manchester),,,,,,,,,Adherent,MF-001-001,RPMI + 10% FBS,,,,,,,,,,,,-1.7451045053141403,1.0,7.050501697446727
ACH-002926,PT-vu5jnE,UPMD1,UPMD1,UM,Eye,Ocular Melanoma,Uveal Melanoma,UM,,uveal,,CVCL_C297,,Unknown,Female,,Primary,eye,QIMRB Berghofer,QIMRB Berghofer (via CRUK Manchester),,,,,,,,,Unknown,MF-001-001,RPMI + 10% FBS,,,,,,UPMD1_Melanoma_Eye,,,,,,-1.204769071224929,0.9934168435534088,7.400367145914883
ACH-002928,PT-M9rUlw,MM100511,MM100511,ACRM,Skin,Melanoma,Acral Melanoma,ACRM,,acral,,,57.0,Adult,Female,,Metastatic,skin,QIMRB Berghofer,QIMRB Berghofer (via University of Zurich),,,,,,,,,Unknown,MF-001-001,RPMI + 10% FBS,,,,,,,,,,,,-0.6206118359225642,0.6284511015848024,3.777156666004501
