iteration,mean_effect_melanoma,mean_effect_other,selectivity,frac_dependent_melanoma,frac_dependent_other
1,-1.2724627421267123,-0.18270027555092963,-1.0897624665757826,0.7733333333333333,0.024186046511627906
2,-1.2983604800020234,-0.18538528231168921,-1.1129751976903342,0.8533333333333334,0.026976744186046512
3,-1.3517726289534238,-0.17203695479027326,-1.1797356741631506,0.8533333333333334,0.024186046511627906
4,-1.5112804370384045,-0.18194959835843116,-1.3293308386799734,0.9066666666666666,0.023255813953488372
5,-1.1695342719842499,-0.1820523924337232,-0.9874818795505267,0.7733333333333333,0.02883720930232558
6,-1.3863662168485458,-0.1843726033368473,-1.2019936135116984,0.88,0.02883720930232558
7,-1.4592637526166932,-0.18079453914977325,-1.27846921346692,0.8933333333333333,0.025116279069767444
8,-1.3408821981083459,-0.18985959711703465,-1.1510226009913112,0.8133333333333334,0.023255813953488372
9,-1.3515718214691161,-0.1810714877190592,-1.170500333750057,0.8533333333333334,0.03348837209302326
10,-1.486661841379582,-0.1791610067990938,-1.3075008345804882,0.88,0.023255813953488372
11,-1.4561961307906564,-0.18202927134667446,-1.274166859443982,0.8933333333333333,0.022325581395348838
12,-1.1261176178769836,-0.18959258373642573,-0.9365250341405579,0.76,0.04186046511627907
13,-1.3540127923653724,-0.18335132658919953,-1.170661465776173,0.7866666666666666,0.026046511627906978
14,-1.4411570266932576,-0.1851406926152308,-1.2560163340780268,0.9066666666666666,0.03162790697674418
15,-1.3048779089882345,-0.17470398615314273,-1.1301739228350918,0.84,0.025116279069767444
16,-1.3469327010601628,-0.19145506035953874,-1.155477640700624,0.8666666666666667,0.035348837209302326
17,-1.4495563318772244,-0.17278852717462,-1.2767678047026045,0.8533333333333334,0.022325581395348838
18,-1.4630828909836922,-0.1772411996808001,-1.285841691302892,0.8666666666666667,0.022325581395348838
19,-1.525025004259373,-0.1692464736513144,-1.3557785306080585,0.92,0.024186046511627906
20,-1.4341035509608067,-0.1970672678815008,-1.2370362830793058,0.9066666666666666,0.029767441860465118
21,-1.4003794553447737,-0.19181419020411244,-1.2085652651406613,0.8533333333333334,0.029767441860465118
22,-1.281867638732927,-0.17781995142251653,-1.1040476873104106,0.8266666666666667,0.020465116279069766
23,-1.3500989210016747,-0.18699741000273798,-1.1631015109989367,0.84,0.026046511627906978
24,-1.3775012117604364,-0.18922235401942195,-1.1882788577410144,0.84,0.03255813953488372
25,-1.4179735437535643,-0.18706563889391153,-1.2309079048596527,0.8666666666666667,0.02883720930232558
26,-1.525345341456456,-0.18582642744534728,-1.3395189140111086,0.88,0.03162790697674418
27,-1.3448579659109015,-0.18416087808492443,-1.160697087825977,0.8533333333333334,0.029767441860465118
28,-1.4928227417593432,-0.183708254346427,-1.3091144874129161,0.88,0.03348837209302326
29,-1.3422106452409608,-0.18164096124514248,-1.1605696839958184,0.8266666666666667,0.029767441860465118
30,-1.3679326092420037,-0.17058594710739858,-1.1973466621346052,0.7733333333333333,0.014883720930232559
31,-1.341780196549259,-0.18356081689152004,-1.158219379657739,0.84,0.03441860465116279
32,-1.294761164974778,-0.18840414703598954,-1.1063570179387883,0.8133333333333334,0.03441860465116279
33,-1.362614237375104,-0.1880925630263961,-1.174521674348708,0.84,0.027906976744186046
34,-1.3054656908599738,-0.17423227804752853,-1.1312334128124453,0.8133333333333334,0.01953488372093023
35,-1.3785424386258673,-0.19701770938275653,-1.1815247292431108,0.8533333333333334,0.026976744186046512
36,-1.2402540139344336,-0.18451060702751368,-1.0557434069069198,0.7866666666666666,0.027906976744186046
37,-1.3177293398698182,-0.1841364504783834,-1.1335928893914349,0.7733333333333333,0.022325581395348838
38,-1.377953430589759,-0.1903800261354559,-1.187573404454303,0.8266666666666667,0.03348837209302326
39,-1.3934249510711694,-0.1745234137510876,-1.2189015373200818,0.8266666666666667,0.029767441860465118
40,-1.4401681256285632,-0.17945054275594452,-1.2607175828726187,0.88,0.027906976744186046
41,-1.5345574973485892,-0.18557331904244725,-1.3489841783061418,0.88,0.035348837209302326
42,-1.4856367914357784,-0.18777378969102787,-1.2978630017447506,0.92,0.030697674418604652
43,-1.2448551946075963,-0.18860564710671282,-1.0562495475008835,0.7866666666666666,0.026976744186046512
44,-1.2787956333426251,-0.17365221885964008,-1.105143414482985,0.7866666666666666,0.025116279069767444
45,-1.3538447923149037,-0.18267155694173892,-1.1711732353731648,0.7866666666666666,0.026976744186046512
46,-1.2499576811775641,-0.17326229686947986,-1.0766953843080842,0.8,0.022325581395348838
47,-1.2670331873953093,-0.18553104747515362,-1.0815021399201556,0.7866666666666666,0.02883720930232558
48,-1.4220818995157367,-0.1753174343468223,-1.2467644651689145,0.9066666666666666,0.01581395348837209
49,-1.4321426780665918,-0.18767255377733047,-1.2444701242892613,0.8933333333333333,0.029767441860465118
50,-1.4856626977478886,-0.1926333523625824,-1.2930293453853063,0.92,0.030697674418604652
51,-1.3888087840365377,-0.18577359450884867,-1.203035189527689,0.8666666666666667,0.026046511627906978
52,-1.4256675409248747,-0.19255220904230788,-1.2331153318825667,0.8533333333333334,0.023255813953488372
53,-1.5231169937375562,-0.18430933575270358,-1.3388076579848525,0.92,0.023255813953488372
54,-1.3145150815410105,-0.1813324729590512,-1.1331826085819592,0.8266666666666667,0.027906976744186046
55,-1.340801086777053,-0.17180334588453566,-1.1689977408925174,0.84,0.01953488372093023
56,-1.3426313681548474,-0.1894373283687621,-1.1531940397860854,0.84,0.037209302325581395
57,-1.4236215577259923,-0.17756430706316606,-1.2460572506628262,0.8533333333333334,0.02883720930232558
58,-1.291747003178593,-0.1873037957468621,-1.1044432074317307,0.7733333333333333,0.030697674418604652
59,-1.465236958270951,-0.18587949553518002,-1.2793574627357711,0.9066666666666666,0.02883720930232558
60,-1.317303677058885,-0.19760235310312463,-1.1197013239557605,0.7866666666666666,0.035348837209302326
61,-1.2839357312560198,-0.18666563704865238,-1.0972700942073674,0.8133333333333334,0.025116279069767444
62,-1.4100157324451612,-0.1880004661623761,-1.222015266282785,0.88,0.035348837209302326
63,-1.4043214324955693,-0.186963687753057,-1.2173577447425123,0.88,0.04279069767441861
64,-1.3205258870972794,-0.18039021027176103,-1.1401356768255184,0.8266666666666667,0.022325581395348838
65,-1.3197990626444034,-0.18657659844559227,-1.1332224641988111,0.88,0.026046511627906978
66,-1.4071530631615037,-0.1886471755317677,-1.2185058876297359,0.8266666666666667,0.027906976744186046
67,-1.413765360824917,-0.1805571665413613,-1.2332081942835558,0.88,0.030697674418604652
68,-1.3905087541893582,-0.17510762191183168,-1.2154011322775264,0.84,0.03162790697674418
69,-1.4312304116673893,-0.18388724843384374,-1.2473431632335457,0.88,0.02883720930232558
70,-1.3113993565125543,-0.18419042197245325,-1.127208934540101,0.84,0.029767441860465118
71,-1.282068731431069,-0.18991481513252528,-1.0921539162985439,0.8133333333333334,0.03627906976744186
72,-1.4547239579646138,-0.18797940315991019,-1.2667445548047036,0.88,0.029767441860465118
73,-1.3542927559963849,-0.19318571251888342,-1.1611070434775015,0.8666666666666667,0.025116279069767444
74,-1.3185930692868604,-0.1849752591611927,-1.1336178101256678,0.8133333333333334,0.029767441860465118
75,-1.304454957850707,-0.19203487986471934,-1.1124200779859876,0.8,0.03906976744186046
76,-1.2744847597286826,-0.18597378703994566,-1.088510972688737,0.72,0.026976744186046512
77,-1.3529646946380816,-0.18418757822563425,-1.1687771164124472,0.8266666666666667,0.025116279069767444
78,-1.4431525567204306,-0.1825592136766207,-1.2605933430438099,0.8666666666666667,0.026046511627906978
79,-1.3671802802557036,-0.18352967488045552,-1.183650605375248,0.8133333333333334,0.027906976744186046
80,-1.31495547980746,-0.18402152833308288,-1.1309339514743773,0.8,0.027906976744186046
81,-1.3455350538106403,-0.1950560989506057,-1.1504789548600347,0.7866666666666666,0.030697674418604652
82,-1.3526214723116659,-0.18287725428090063,-1.1697442180307651,0.8133333333333334,0.023255813953488372
83,-1.4667827939677511,-0.1860867159058006,-1.2806960780619505,0.8933333333333333,0.023255813953488372
84,-1.4512894501331517,-0.19045991785668903,-1.2608295322764627,0.8933333333333333,0.030697674418604652
85,-1.3285520860804438,-0.17992567557834563,-1.1486264105020982,0.8666666666666667,0.026976744186046512
86,-1.410164330584824,-0.19137589450129475,-1.2187884360835293,0.8933333333333333,0.02883720930232558
87,-1.3641028117082612,-0.18298462284916717,-1.181118188859094,0.8133333333333334,0.024186046511627906
88,-1.366164233537452,-0.1889237051547592,-1.1772405283826928,0.8533333333333334,0.02883720930232558
89,-1.3162776483028404,-0.17844814545259316,-1.1378295028502472,0.84,0.026046511627906978
90,-1.5184492511683407,-0.18018870655245356,-1.338260544615887,0.8933333333333333,0.026976744186046512
91,-1.2946490900550685,-0.18439019625166275,-1.1102588938034057,0.8133333333333334,0.03255813953488372
92,-1.3808995236071635,-0.18913006335136864,-1.1917694602557949,0.84,0.025116279069767444
93,-1.3947750090193847,-0.19791114223334333,-1.1968638667860414,0.8533333333333334,0.03162790697674418
94,-1.3551862666949797,-0.18423590511781668,-1.170950361577163,0.8666666666666667,0.045581395348837206
95,-1.384539509320881,-0.17925188491846758,-1.2052876244024133,0.8933333333333333,0.020465116279069766
96,-1.2038857765988629,-0.1888690597252149,-1.015016716873648,0.76,0.03348837209302326
97,-1.3627881769444152,-0.18819626272708012,-1.174591914217335,0.8266666666666667,0.035348837209302326
98,-1.2939733564672322,-0.1840014390867887,-1.1099719173804434,0.8,0.027906976744186046
99,-1.4320967043946882,-0.16484624413423718,-1.267250460260451,0.8533333333333334,0.017674418604651163
100,-1.4121080371950134,-0.1840508738030984,-1.228057163391915,0.8666666666666667,0.030697674418604652
101,-1.2707591413410806,-0.18689229575532726,-1.0838668455857534,0.8133333333333334,0.03441860465116279
102,-1.4215892137905721,-0.1841548218945339,-1.2374343918960382,0.8533333333333334,0.029767441860465118
103,-1.3738497443689641,-0.18699660504529692,-1.1868531393236672,0.8266666666666667,0.02883720930232558
104,-1.4494531873289969,-0.18132800712185626,-1.2681251802071407,0.8666666666666667,0.01581395348837209
105,-1.3718070957763557,-0.19362359305143606,-1.1781835027249197,0.84,0.03162790697674418
106,-1.3938068419175933,-0.1885818162745952,-1.2052250256429982,0.88,0.027906976744186046
107,-1.402995595197642,-0.17624046111254,-1.226755134085102,0.88,0.020465116279069766
108,-1.3913964303436306,-0.17923647243709068,-1.2121599579065399,0.8666666666666667,0.026976744186046512
109,-1.3840661922130055,-0.1891260944626563,-1.1949400977503493,0.8533333333333334,0.035348837209302326
110,-1.4084105379203151,-0.19146293962051453,-1.2169475982998006,0.8533333333333334,0.026046511627906978
111,-1.3598440986100915,-0.1807855761871864,-1.179058522422905,0.8133333333333334,0.02883720930232558
112,-1.20930308809078,-0.18710974568639258,-1.0221933424043874,0.7866666666666666,0.04186046511627907
113,-1.395020518133152,-0.1843418603969023,-1.2106786577362498,0.84,0.030697674418604652
114,-1.3710363436915556,-0.18281943526730796,-1.1882169084242475,0.8133333333333334,0.022325581395348838
115,-1.3581174275016146,-0.17733533706111382,-1.1807820904405006,0.8266666666666667,0.023255813953488372
116,-1.3402429288650262,-0.18360364363353937,-1.1566392852314868,0.88,0.025116279069767444
117,-1.307217393392892,-0.18242136106586515,-1.1247960323270267,0.8133333333333334,0.03348837209302326
118,-1.3634962029049464,-0.18338865482760264,-1.1801075480773437,0.8133333333333334,0.026976744186046512
119,-1.4877683899692387,-0.18282325732789562,-1.304945132641343,0.8933333333333333,0.026976744186046512
120,-1.354043946253901,-0.19108501031758854,-1.1629589359363124,0.8666666666666667,0.027906976744186046
121,-1.3599710994642138,-0.19666872566411178,-1.163302373800102,0.88,0.035348837209302326
122,-1.4796814453789966,-0.19252328424701406,-1.2871581611319824,0.88,0.03441860465116279
123,-1.3605976246653726,-0.1883395833357813,-1.1722580413295913,0.8133333333333334,0.024186046511627906
124,-1.397698668378232,-0.1893258380479398,-1.2083728303302923,0.8533333333333334,0.030697674418604652
125,-1.3460440386289985,-0.18354535804123068,-1.1624986805877677,0.8,0.023255813953488372
126,-1.244932025028846,-0.1778405815638511,-1.067091443464995,0.76,0.017674418604651163
127,-1.3719309542958267,-0.17350867313208415,-1.1984222811637426,0.8133333333333334,0.024186046511627906
128,-1.398109847890577,-0.17708443667951856,-1.2210254112110583,0.8533333333333334,0.030697674418604652
129,-1.2753954103909793,-0.18272940856400588,-1.0926660018269734,0.7866666666666666,0.030697674418604652
130,-1.4322523563300296,-0.1759257428659356,-1.256326613464094,0.8533333333333334,0.023255813953488372
131,-1.496617590874665,-0.1808269461981167,-1.3157906446765484,0.92,0.030697674418604652
132,-1.4266553092038479,-0.18883638984250994,-1.237818919361338,0.8533333333333334,0.030697674418604652
133,-1.3803437378348198,-0.1752780483998312,-1.2050656894349885,0.7866666666666666,0.020465116279069766
134,-1.4096476514649852,-0.19263074381349163,-1.2170169076514936,0.88,0.030697674418604652
135,-1.4638416803159764,-0.19364894001644561,-1.2701927402995308,0.88,0.03255813953488372
136,-1.4053386128012881,-0.1802374701416317,-1.2251011426596565,0.8533333333333334,0.027906976744186046
137,-1.3002104373659185,-0.18809635702479052,-1.112114080341128,0.7866666666666666,0.029767441860465118
138,-1.3412238461321553,-0.1783952977368946,-1.1628285483952607,0.8533333333333334,0.023255813953488372
139,-1.2202386984026699,-0.19058591800500477,-1.0296527803976652,0.8133333333333334,0.03627906976744186
140,-1.3244590339977853,-0.18006162803052642,-1.1443974059672588,0.7866666666666666,0.02883720930232558
141,-1.362746524439445,-0.18990582835621309,-1.1728406960832318,0.84,0.023255813953488372
142,-1.3672092209759634,-0.17614408448709096,-1.1910651364888725,0.8266666666666667,0.026046511627906978
143,-1.3274454324244362,-0.1861574567666907,-1.1412879756577454,0.8133333333333334,0.022325581395348838
144,-1.2634286253275748,-0.18046361162206473,-1.08296501370551,0.8,0.03255813953488372
145,-1.4922501890049988,-0.19476806297669946,-1.2974821260282994,0.8933333333333333,0.030697674418604652
146,-1.5063096997860033,-0.18633679846559306,-1.3199729013204102,0.8933333333333333,0.026046511627906978
147,-1.4047797687763408,-0.1715194433628346,-1.2332603254135062,0.8533333333333334,0.018604651162790697
148,-1.4538099394875315,-0.18819511438533376,-1.2656148251021977,0.8666666666666667,0.026976744186046512
149,-1.3487848537956528,-0.17309637195922659,-1.1756884818364262,0.8,0.024186046511627906
150,-1.2993810246295057,-0.18292825033661825,-1.1164527742928874,0.8266666666666667,0.030697674418604652
151,-1.3516814837257014,-0.18329883420096066,-1.1683826495247407,0.8266666666666667,0.022325581395348838
152,-1.3818415084575455,-0.18671511518497938,-1.1951263932725662,0.8533333333333334,0.024186046511627906
153,-1.383172310261772,-0.18283539839409407,-1.2003369118676779,0.8666666666666667,0.023255813953488372
154,-1.4095073486237244,-0.1851420090255241,-1.2243653395982004,0.8133333333333334,0.02883720930232558
155,-1.4277738627418883,-0.18330580373455813,-1.2444680590073303,0.8666666666666667,0.030697674418604652
156,-1.352306756365405,-0.19370201290405054,-1.1586047434613544,0.8666666666666667,0.02883720930232558
157,-1.4951475551548905,-0.18140185026479363,-1.313745704890097,0.88,0.030697674418604652
158,-1.288108741616062,-0.1809201075192202,-1.1071886340968418,0.8666666666666667,0.022325581395348838
159,-1.2967221882959934,-0.18816743315063467,-1.1085547551453587,0.76,0.022325581395348838
160,-1.4297506904758408,-0.1830660645019165,-1.2466846259739244,0.8533333333333334,0.026976744186046512
161,-1.4673343407340942,-0.19514012040691864,-1.2721942203271754,0.8533333333333334,0.03813953488372093
162,-1.323002214565172,-0.19502486032069322,-1.1279773542444789,0.8533333333333334,0.03813953488372093
163,-1.2965139301885662,-0.1739059848897958,-1.1226079452987703,0.8,0.02883720930232558
164,-1.3609040396528054,-0.19820871416089328,-1.1626953254919121,0.8266666666666667,0.035348837209302326
165,-1.2602593957337387,-0.19271604577594398,-1.0675433499577947,0.7866666666666666,0.02883720930232558
166,-1.4140404621218223,-0.1988912861319367,-1.2151491759898856,0.8533333333333334,0.04093023255813953
167,-1.442813813393987,-0.18767751853142825,-1.2551362948625586,0.88,0.025116279069767444
168,-1.284420053878972,-0.18946983804923173,-1.0949502158297404,0.8266666666666667,0.02883720930232558
169,-1.3550517221814076,-0.18627397299890738,-1.1687777491825002,0.8666666666666667,0.02883720930232558
170,-1.3721558197214403,-0.17828878065319836,-1.193867039068242,0.84,0.01953488372093023
171,-1.3440896763287438,-0.18573465689938026,-1.1583550194293635,0.8133333333333334,0.024186046511627906
172,-1.5077142993517303,-0.18458926988064842,-1.323125029471082,0.8933333333333333,0.026046511627906978
173,-1.3991156491706542,-0.1709032966952114,-1.228212352475443,0.84,0.023255813953488372
174,-1.2188418584002856,-0.17769967201281534,-1.0411421863874701,0.76,0.02883720930232558
175,-1.2799938216993485,-0.18388293687357476,-1.0961108848257737,0.7733333333333333,0.01953488372093023
176,-1.4219048638740583,-0.1878106230023619,-1.2340942408716964,0.88,0.03162790697674418
177,-1.3970925164864416,-0.17210229195427762,-1.224990224532164,0.88,0.023255813953488372
178,-1.39106841321003,-0.18291563478204464,-1.2081527784279853,0.84,0.03162790697674418
179,-1.4293178327593286,-0.1814261965864566,-1.247891636172872,0.8933333333333333,0.026976744186046512
180,-1.5244062783809238,-0.18387844190417696,-1.3405278364767468,0.9333333333333333,0.024186046511627906
181,-1.3573687453413867,-0.18081873603300092,-1.1765500093083858,0.84,0.024186046511627906
182,-1.4568868732097315,-0.19220285975214602,-1.2646840134575856,0.88,0.03162790697674418
183,-1.2390306976303396,-0.17868600876266788,-1.0603446888676717,0.7866666666666666,0.03162790697674418
184,-1.4322608898260005,-0.18308352136274852,-1.249177368463252,0.8666666666666667,0.027906976744186046
185,-1.1557189374996393,-0.18657259989646144,-0.9691463376031778,0.76,0.027906976744186046
186,-1.3873746683398085,-0.18347137676061392,-1.2039032915791945,0.8533333333333334,0.026046511627906978
187,-1.4058777154275943,-0.17459936372020418,-1.2312783517073902,0.8933333333333333,0.01674418604651163
188,-1.3442440735075194,-0.17943871772734388,-1.1648053557801754,0.8266666666666667,0.021395348837209303
189,-1.454711444516364,-0.17329423912582334,-1.2814172053905406,0.8666666666666667,0.024186046511627906
190,-1.4351288246929923,-0.1876343932830806,-1.2474944314099117,0.8933333333333333,0.027906976744186046
191,-1.4059789343095517,-0.19316517670012806,-1.2128137576094236,0.8133333333333334,0.026046511627906978
192,-1.4295969914507933,-0.18534946569988167,-1.2442475257509116,0.84,0.030697674418604652
193,-1.373492335970326,-0.18483812366710878,-1.188654212303217,0.8666666666666667,0.023255813953488372
194,-1.355284885939296,-0.1931924511027504,-1.1620924348365458,0.8133333333333334,0.029767441860465118
195,-1.3432623736710794,-0.18644864669633063,-1.1568137269747487,0.8133333333333334,0.025116279069767444
196,-1.2912304855541241,-0.17940649061128525,-1.1118239949428388,0.7866666666666666,0.023255813953488372
197,-1.3325930608333105,-0.17874292514886045,-1.1538501356844502,0.84,0.027906976744186046
198,-1.503100238553089,-0.19181671234372202,-1.311283526209367,0.8933333333333333,0.029767441860465118
199,-1.4293562175166268,-0.19007830112124233,-1.2392779163953844,0.88,0.037209302325581395
200,-1.346797658713511,-0.18265207971533803,-1.164145578998173,0.8,0.026046511627906978
201,-1.3737745236065726,-0.18609391810749318,-1.1876806054990794,0.8,0.02883720930232558
202,-1.4569947807714392,-0.17971501002350912,-1.27727977074793,0.88,0.020465116279069766
203,-1.385368220081042,-0.1699297389053904,-1.2154384811756516,0.8533333333333334,0.020465116279069766
204,-1.4539711977814465,-0.18051571085110749,-1.273455486930339,0.88,0.023255813953488372
205,-1.3534890518576908,-0.18455888236978069,-1.16893016948791,0.8933333333333333,0.03348837209302326
206,-1.3788834829482846,-0.19150921009650082,-1.1873742728517838,0.8133333333333334,0.03441860465116279
207,-1.472478041755306,-0.179712291536955,-1.2927657502183512,0.8933333333333333,0.027906976744186046
208,-1.4511034904162796,-0.1777872428583597,-1.2733162475579198,0.8666666666666667,0.025116279069767444
209,-1.3696654385953548,-0.18609805564940288,-1.1835673829459519,0.84,0.022325581395348838
210,-1.2806657241593726,-0.18052976789419933,-1.1001359562651734,0.76,0.029767441860465118
211,-1.4542943732639815,-0.17771502335126121,-1.2765793499127203,0.9066666666666666,0.018604651162790697
212,-1.420450528843548,-0.18895927350654917,-1.2314912553369988,0.8933333333333333,0.022325581395348838
213,-1.3735521909418607,-0.18464051547722313,-1.1889116754646376,0.9066666666666666,0.027906976744186046
214,-1.3515649985177494,-0.18003254175310465,-1.1715324567646448,0.8133333333333334,0.022325581395348838
215,-1.3686095855778466,-0.18859734500608474,-1.180012240571762,0.84,0.02883720930232558
216,-1.435025327850609,-0.1717062601539193,-1.26331906769669,0.8,0.018604651162790697
217,-1.2472986387225269,-0.19069744499966748,-1.0566011937228594,0.8133333333333334,0.024186046511627906
218,-1.4761615147951603,-0.193383588714747,-1.2827779260804133,0.9066666666666666,0.03348837209302326
219,-1.2125477737120418,-0.19378065709013553,-1.0187671166219063,0.7866666666666666,0.029767441860465118
220,-1.3351816910410996,-0.1792213767381974,-1.1559603143029022,0.8666666666666667,0.03162790697674418
221,-1.4018766075173297,-0.19330331206728077,-1.208573295450049,0.8133333333333334,0.022325581395348838
222,-1.6170581551972747,-0.18280063697878984,-1.434257518218485,0.96,0.026976744186046512
223,-1.2873598510640167,-0.18232614823398383,-1.105033702830033,0.8133333333333334,0.03441860465116279
224,-1.364438942932389,-0.18352327973078567,-1.1809156632016033,0.84,0.02883720930232558
225,-1.351662332007179,-0.1856684413970793,-1.1659938906100997,0.84,0.026976744186046512
226,-1.2991028066325458,-0.184440966282256,-1.11466184035029,0.8133333333333334,0.025116279069767444
227,-1.381388539464191,-0.1887480192983474,-1.1926405201658437,0.84,0.035348837209302326
228,-1.3366133923963608,-0.1812983028064394,-1.1553150895899214,0.84,0.029767441860465118
229,-1.363286828142809,-0.18431507783993403,-1.178971750302875,0.8666666666666667,0.030697674418604652
230,-1.382026337397465,-0.1792064350527579,-1.2028199023447073,0.8266666666666667,0.021395348837209303
231,-1.4573001206449956,-0.18536710338464843,-1.2719330172603471,0.8933333333333333,0.024186046511627906
232,-1.383582197891131,-0.1807733604225477,-1.2028088374685832,0.8666666666666667,0.029767441860465118
233,-1.4875862941535203,-0.18310458203454424,-1.304481712118976,0.8666666666666667,0.018604651162790697
234,-1.4065379548797041,-0.1873607316891928,-1.2191772231905114,0.9066666666666666,0.025116279069767444
235,-1.3934616315223571,-0.18987406098633045,-1.2035875705360266,0.84,0.03348837209302326
236,-1.3336496562092692,-0.17926057723107816,-1.154389078978191,0.84,0.027906976744186046
237,-1.2920677105358298,-0.19867382752406162,-1.0933938830117682,0.8133333333333334,0.029767441860465118
238,-1.4359353756199258,-0.18434506412645305,-1.2515903114934728,0.8666666666666667,0.02883720930232558
239,-1.4849375934523952,-0.17874011034222873,-1.3061974831101664,0.8666666666666667,0.01953488372093023
240,-1.3651076151829016,-0.1822259491526785,-1.182881666030223,0.8266666666666667,0.03348837209302326
241,-1.272259741461416,-0.1853039237340128,-1.0869558177274032,0.8266666666666667,0.030697674418604652
242,-1.4162270252407145,-0.1841904155394056,-1.232036609701309,0.8666666666666667,0.03255813953488372
243,-1.2657564709148472,-0.17687204016978264,-1.0888844307450647,0.7733333333333333,0.020465116279069766
244,-1.4184455947752213,-0.20107775831223892,-1.2173678364629823,0.8666666666666667,0.029767441860465118
245,-1.2620710184081825,-0.17982083707994442,-1.0822501813282381,0.8,0.018604651162790697
246,-1.4699025242559725,-0.1884450949737098,-1.2814574292822627,0.8266666666666667,0.025116279069767444
247,-1.4254648276008588,-0.17773222591324325,-1.2477326016876156,0.88,0.023255813953488372
248,-1.4255892515123718,-0.1950083366142468,-1.230580914898125,0.88,0.02883720930232558
249,-1.3154987215949447,-0.19049737457126173,-1.125001347023683,0.7733333333333333,0.03441860465116279
250,-1.3095750280455885,-0.18306836930648412,-1.1265066587391044,0.7866666666666666,0.022325581395348838
251,-1.430792026163223,-0.1837104823655341,-1.2470815437976888,0.8666666666666667,0.026046511627906978
252,-1.3402331743168772,-0.18416546728369604,-1.156067707033181,0.8533333333333334,0.026976744186046512
253,-1.2946777300573138,-0.18702380221573683,-1.107653927841577,0.7466666666666667,0.02883720930232558
254,-1.4818895715690497,-0.19710259755985263,-1.284786974009197,0.8666666666666667,0.02883720930232558
255,-1.2299037484807278,-0.18900856014022022,-1.0408951883405075,0.76,0.02883720930232558
256,-1.4143107794909813,-0.18867813157193009,-1.2256326479190511,0.8933333333333333,0.03348837209302326
257,-1.565462692437607,-0.18422129988380342,-1.3812413925538034,0.92,0.029767441860465118
258,-1.460332124918092,-0.17180042884552982,-1.2885316960725621,0.8933333333333333,0.018604651162790697
259,-1.355296726224956,-0.1815159401601499,-1.1737807860648062,0.84,0.027906976744186046
260,-1.3627859205688408,-0.17852530491582427,-1.1842606156530167,0.8533333333333334,0.025116279069767444
261,-1.2217008601726873,-0.18530641432061493,-1.0363944458520724,0.76,0.02883720930232558
262,-1.4230154471691205,-0.18953944517103943,-1.233476001998081,0.8933333333333333,0.024186046511627906
263,-1.5366266365205448,-0.18512990797407183,-1.351496728546473,0.92,0.026046511627906978
264,-1.380845312010282,-0.19308190683647772,-1.1877634051738042,0.8533333333333334,0.030697674418604652
265,-1.4915862032095362,-0.1864617123606354,-1.3051244908489008,0.9066666666666666,0.025116279069767444
266,-1.4316700666822955,-0.18517411393005467,-1.2464959527522408,0.8666666666666667,0.027906976744186046
267,-1.3354155639665868,-0.19536746423492185,-1.1400480997316649,0.7866666666666666,0.03255813953488372
268,-1.532500322275363,-0.17985816420342157,-1.3526421580719414,0.9466666666666667,0.025116279069767444
269,-1.2970964823830609,-0.18678940710558614,-1.1103070752774746,0.8533333333333334,0.025116279069767444
270,-1.3289231664486132,-0.18506537615600802,-1.1438577902926053,0.84,0.029767441860465118
271,-1.3302136744430817,-0.18197602313139907,-1.1482376513116825,0.8133333333333334,0.026046511627906978
272,-1.2758629096047756,-0.19493188253083704,-1.0809310270739385,0.8,0.024186046511627906
273,-1.3991581592515612,-0.18260930770237982,-1.2165488515491814,0.84,0.035348837209302326
274,-1.2822936308183424,-0.17971324567390654,-1.1025803851444358,0.8,0.035348837209302326
275,-1.379415912071129,-0.18838955728655005,-1.191026354784579,0.8666666666666667,0.026976744186046512
276,-1.4129136259943578,-0.18740059325099764,-1.22551303274336,0.8533333333333334,0.030697674418604652
277,-1.2544387841334061,-0.18509892799129962,-1.0693398561421066,0.7466666666666667,0.024186046511627906
278,-1.345013074104159,-0.17479609928652692,-1.170216974817632,0.84,0.022325581395348838
279,-1.3408449506044884,-0.18720903613929718,-1.153635914465191,0.8266666666666667,0.026046511627906978
280,-1.3524866894320884,-0.18071001488155136,-1.1717766745505371,0.8266666666666667,0.027906976744186046
281,-1.4213070217797965,-0.18325789890688973,-1.2380491228729067,0.84,0.02883720930232558
282,-1.2092901620545118,-0.18110343239455062,-1.0281867296599612,0.7333333333333333,0.01953488372093023
283,-1.4226773371869248,-0.1873615608287718,-1.235315776358153,0.8533333333333334,0.02883720930232558
284,-1.2777045199371235,-0.19199758330331676,-1.0857069366338068,0.7466666666666667,0.035348837209302326
285,-1.358001383663702,-0.18760918067130553,-1.1703922029923963,0.8266666666666667,0.027906976744186046
286,-1.2632223000356644,-0.18287933595678477,-1.0803429640788795,0.76,0.01581395348837209
287,-1.3591848595779208,-0.18611544438273267,-1.1730694151951881,0.84,0.02883720930232558
288,-1.5320776855631217,-0.1872529376875228,-1.344824747875599,0.9466666666666667,0.02883720930232558
289,-1.38780527183791,-0.18978767793736712,-1.1980175939005429,0.8666666666666667,0.03162790697674418
290,-1.3068031223833725,-0.18474901516121928,-1.1220541072221533,0.84,0.024186046511627906
291,-1.3618429780563417,-0.18953948519961047,-1.1723034928567313,0.8666666666666667,0.027906976744186046
292,-1.355286943088357,-0.18963149213126096,-1.165655450957096,0.88,0.026976744186046512
293,-1.420458167613317,-0.17833543301902063,-1.2421227345942965,0.8933333333333333,0.03627906976744186
294,-1.4458709262139682,-0.17742096693477172,-1.2684499592791965,0.7866666666666666,0.023255813953488372
295,-1.3488530775581122,-0.18546931905869826,-1.163383758499414,0.8133333333333334,0.026976744186046512
296,-1.3586452537436677,-0.17818919442674938,-1.1804560593169184,0.8,0.027906976744186046
297,-1.3715248707472685,-0.18801775484801203,-1.1835071158992565,0.8533333333333334,0.020465116279069766
298,-1.3838858540645014,-0.18410121388318917,-1.1997846401813121,0.84,0.03348837209302326
299,-1.2575719142314747,-0.18914219861039608,-1.0684297156210787,0.8266666666666667,0.025116279069767444
300,-1.4235372222572542,-0.18518472507019612,-1.238352497187058,0.8533333333333334,0.02883720930232558
301,-1.2338910452330116,-0.1759109704336611,-1.0579800747993504,0.8,0.03162790697674418
302,-1.2052975186580632,-0.1827921020800575,-1.0225054165780056,0.76,0.020465116279069766
303,-1.4336071220954205,-0.18938437301554598,-1.2442227490798745,0.84,0.021395348837209303
304,-1.402605019968405,-0.17901215989661268,-1.2235928600717925,0.8533333333333334,0.029767441860465118
305,-1.495045249007906,-0.17798833669518033,-1.3170569123127258,0.9066666666666666,0.022325581395348838
306,-1.4355419200751702,-0.1858188469001169,-1.2497230731750533,0.8666666666666667,0.030697674418604652
307,-1.5228782231477693,-0.185110758787352,-1.3377674643604174,0.8933333333333333,0.025116279069767444
308,-1.3285560465914017,-0.17985886480730498,-1.1486971817840967,0.8,0.029767441860465118
309,-1.3224208331963379,-0.18353425839280627,-1.1388865748035315,0.8133333333333334,0.022325581395348838
310,-1.3960676605603468,-0.19278431952357503,-1.2032833410367718,0.88,0.037209302325581395
311,-1.4196564664432683,-0.1868642817262026,-1.2327921847170658,0.84,0.026046511627906978
312,-1.3102785903575958,-0.17971173091850526,-1.1305668594390905,0.8133333333333334,0.020465116279069766
313,-1.358275165307444,-0.18338265163229592,-1.1748925136751482,0.8133333333333334,0.029767441860465118
314,-1.3867062126511305,-0.1876985680672124,-1.1990076445839182,0.84,0.029767441860465118
315,-1.5120564475861493,-0.18136209595506264,-1.3306943516310867,0.92,0.03255813953488372
316,-1.4047316838641597,-0.18573180083392746,-1.2189998830302322,0.8666666666666667,0.03627906976744186
317,-1.3329941402644854,-0.18720673504079924,-1.145787405223686,0.8266666666666667,0.03255813953488372
318,-1.3582032296027797,-0.183424864531672,-1.1747783650711077,0.8666666666666667,0.026046511627906978
319,-1.526250736951255,-0.17652042055531808,-1.3497303163959369,0.8933333333333333,0.026046511627906978
320,-1.297634281049427,-0.1960342502563385,-1.1016000307930884,0.8133333333333334,0.026976744186046512
321,-1.479950065128686,-0.17813533282354846,-1.3018147323051377,0.8933333333333333,0.03348837209302326
322,-1.454439455636164,-0.1753498952453611,-1.2790895603908028,0.84,0.020465116279069766
323,-1.533834514617607,-0.17011719549347493,-1.3637173191241319,0.9066666666666666,0.023255813953488372
324,-1.3878798108591974,-0.18820941132104926,-1.1996703995381481,0.88,0.03162790697674418
325,-1.3505472730340298,-0.1785590822928432,-1.1719881907411867,0.8933333333333333,0.024186046511627906
326,-1.3027310246218584,-0.18340999255600318,-1.1193210320658553,0.8133333333333334,0.035348837209302326
327,-1.285875358270673,-0.18655823685037182,-1.0993171214203012,0.84,0.03441860465116279
328,-1.3961558604976558,-0.18648084314360103,-1.209675017354055,0.8933333333333333,0.022325581395348838
329,-1.459254557762061,-0.18469821844729195,-1.2745563393147692,0.88,0.03348837209302326
330,-1.3453529633961556,-0.18828759370287443,-1.157065369693281,0.8266666666666667,0.030697674418604652
331,-1.328499812230013,-0.17966144516441612,-1.1488383670655968,0.8,0.026976744186046512
332,-1.2587754725068268,-0.18511221843131967,-1.0736632540755071,0.8,0.025116279069767444
333,-1.2505930879597653,-0.1954605434214236,-1.0551325445383417,0.76,0.035348837209302326
334,-1.3592307236854464,-0.19198471769048378,-1.1672460059949625,0.8533333333333334,0.03162790697674418
335,-1.4112510424898161,-0.18764428208536532,-1.2236067604044507,0.8666666666666667,0.03441860465116279
336,-1.345718566727128,-0.1848220004164872,-1.160896566310641,0.8533333333333334,0.03162790697674418
337,-1.4790533152486287,-0.18353070755030998,-1.2955226076983188,0.84,0.02883720930232558
338,-1.4013667258814289,-0.18552631772518008,-1.2158404081562488,0.84,0.027906976744186046
339,-1.2514546538015385,-0.19293099755094684,-1.0585236562505917,0.76,0.030697674418604652
340,-1.3861977059127149,-0.17811725211823165,-1.2080804537944831,0.84,0.022325581395348838
341,-1.3415262663012728,-0.18505469207713007,-1.1564715742241427,0.8133333333333334,0.027906976744186046
342,-1.350778172135518,-0.18643961697481615,-1.164338555160702,0.84,0.024186046511627906
343,-1.3484818726912082,-0.18191933459773243,-1.1665625380934759,0.8266666666666667,0.018604651162790697
344,-1.3729177861325215,-0.18289333939385247,-1.190024446738669,0.8266666666666667,0.026976744186046512
345,-1.2218668892181097,-0.18499180231235382,-1.036875086905756,0.7466666666666667,0.035348837209302326
346,-1.2818911203851378,-0.19367252732938137,-1.0882185930557564,0.84,0.03348837209302326
347,-1.3868311403618423,-0.19644108258749712,-1.1903900577743451,0.8266666666666667,0.030697674418604652
348,-1.4994721704909248,-0.17781447262351127,-1.3216576978674135,0.9333333333333333,0.03441860465116279
349,-1.3129734978822696,-0.19419342445897397,-1.1187800734232956,0.88,0.029767441860465118
350,-1.3919647511756281,-0.1888501402804402,-1.203114610895188,0.7866666666666666,0.023255813953488372
351,-1.3663888295622237,-0.1801978949025716,-1.1861909346596522,0.8933333333333333,0.024186046511627906
352,-1.4079074240054508,-0.18184265382059048,-1.2260647701848604,0.9066666666666666,0.03255813953488372
353,-1.4678229168012529,-0.1836017645805233,-1.2842211522207296,0.92,0.026046511627906978
354,-1.5237912725120195,-0.18726048345254914,-1.3365307890594704,0.9066666666666666,0.026976744186046512
355,-1.399053544497731,-0.18698102465313404,-1.212072519844597,0.9066666666666666,0.03441860465116279
356,-1.4579893816486378,-0.18198711798052877,-1.276002263668109,0.8666666666666667,0.025116279069767444
357,-1.372534087274515,-0.18784974947534924,-1.1846843377991658,0.88,0.02883720930232558
358,-1.442447175741429,-0.18852239730671103,-1.253924778434718,0.9066666666666666,0.026046511627906978
359,-1.3424699450100324,-0.19384893698403496,-1.1486210080259973,0.84,0.035348837209302326
360,-1.2661341353031936,-0.17903690407312814,-1.0870972312300655,0.8,0.027906976744186046
361,-1.3003167901168,-0.19471544449075917,-1.1056013456260407,0.8133333333333334,0.035348837209302326
362,-1.4222909646384758,-0.18530400632597036,-1.2369869583125055,0.8666666666666667,0.026976744186046512
363,-1.390782583949071,-0.18230608364824796,-1.208476500300823,0.8533333333333334,0.024186046511627906
364,-1.2575987445242216,-0.18068435472171762,-1.076914389802504,0.8266666666666667,0.025116279069767444
365,-1.2818095326074406,-0.18299127093348824,-1.0988182616739524,0.8533333333333334,0.024186046511627906
366,-1.3257226755849472,-0.19100127720473,-1.1347213983802171,0.8266666666666667,0.026976744186046512
367,-1.4283538767902015,-0.187495251373919,-1.2408586254162826,0.8533333333333334,0.027906976744186046
368,-1.3198059178328903,-0.1795748640781752,-1.1402310537547151,0.8133333333333334,0.026976744186046512
369,-1.3795445931125163,-0.19319216644584444,-1.1863524266666718,0.88,0.029767441860465118
370,-1.5178493707109098,-0.19434453322574083,-1.323504837485169,0.8666666666666667,0.030697674418604652
371,-1.4068490783803804,-0.177009699491933,-1.2298393788884474,0.8266666666666667,0.026976744186046512
372,-1.3372014529967775,-0.18151782861109447,-1.155683624385683,0.88,0.027906976744186046
373,-1.3231892087612551,-0.17351492350617317,-1.1496742852550819,0.8133333333333334,0.017674418604651163
374,-1.2952800563412703,-0.17613510032703814,-1.1191449560142321,0.8,0.022325581395348838
375,-1.337773263285388,-0.1748267494003169,-1.1629465138850712,0.8,0.026976744186046512
376,-1.3735321253003152,-0.18612223828780516,-1.18740988701251,0.8666666666666667,0.027906976744186046
377,-1.2971568385976315,-0.17593993980239475,-1.121216898795237,0.7866666666666666,0.026046511627906978
378,-1.5340124270236228,-0.19017193988691594,-1.343840487136707,0.92,0.03441860465116279
379,-1.3529585304790501,-0.18082279883591412,-1.172135731643136,0.84,0.022325581395348838
380,-1.4475696602053396,-0.173902369821656,-1.2736672903836836,0.8533333333333334,0.01953488372093023
381,-1.395132778301729,-0.17808352066821304,-1.2170492576335161,0.8533333333333334,0.026046511627906978
382,-1.3309419613665572,-0.18136110084836995,-1.1495808605181872,0.8133333333333334,0.025116279069767444
383,-1.333248607286842,-0.17264325450580723,-1.1606053527810347,0.8133333333333334,0.022325581395348838
384,-1.1727866258585322,-0.1817276234754091,-0.9910590023831232,0.76,0.03255813953488372
385,-1.357878339868152,-0.18013574631247345,-1.1777425935556785,0.84,0.025116279069767444
386,-1.3114578858742054,-0.18455884790514154,-1.1268990379690638,0.8666666666666667,0.03255813953488372
387,-1.303415881318912,-0.17458170226799766,-1.1288341790509144,0.8,0.026046511627906978
388,-1.3691553389250453,-0.17933037715269756,-1.1898249617723478,0.8266666666666667,0.03162790697674418
389,-1.4022815076118118,-0.1834070741058543,-1.2188744335059576,0.84,0.03162790697674418
390,-1.4433711214218967,-0.1850764485508428,-1.258294672871054,0.8666666666666667,0.03162790697674418
391,-1.3670099725914133,-0.18508544608034708,-1.1819245265110663,0.8133333333333334,0.03255813953488372
392,-1.2809456450341339,-0.18674578444592255,-1.0941998605882113,0.8266666666666667,0.03441860465116279
393,-1.39622378284822,-0.1954034364456962,-1.2008203464025238,0.8266666666666667,0.03348837209302326
394,-1.3666658873804811,-0.17577498393250945,-1.1908909034479715,0.8666666666666667,0.025116279069767444
395,-1.3934546365369604,-0.17767870519533815,-1.2157759313416223,0.8666666666666667,0.022325581395348838
396,-1.341210775947091,-0.184716967441095,-1.1564938085059961,0.7866666666666666,0.03627906976744186
397,-1.4044603748085573,-0.18082561696731095,-1.2236347578412463,0.8266666666666667,0.024186046511627906
398,-1.4219009710910684,-0.18531844348028975,-1.2365825276107787,0.8666666666666667,0.03255813953488372
399,-1.3572370863020786,-0.17147930405097575,-1.185757782251103,0.8533333333333334,0.01953488372093023
400,-1.5321251940702685,-0.18368013322621463,-1.348445060844054,0.9066666666666666,0.023255813953488372
401,-1.3932260347721308,-0.18966288511244825,-1.2035631496596826,0.8666666666666667,0.021395348837209303
402,-1.524771582357524,-0.190841649918725,-1.333929932438799,0.8933333333333333,0.030697674418604652
403,-1.3625128500823613,-0.17331407359392167,-1.1891987764884397,0.84,0.020465116279069766
404,-1.329055236183218,-0.18244086281042227,-1.1466143733727958,0.8266666666666667,0.03162790697674418
405,-1.3430616625901781,-0.1806907934286834,-1.1623708691614947,0.8133333333333334,0.024186046511627906
406,-1.3614471883348302,-0.1851587866910075,-1.1762884016438226,0.84,0.03627906976744186
407,-1.3975365441039354,-0.18021602461257175,-1.2173205194913637,0.8533333333333334,0.023255813953488372
408,-1.4240939013062588,-0.17985912150165292,-1.2442347798046058,0.8533333333333334,0.02883720930232558
409,-1.5213682224606362,-0.18644722443449452,-1.3349209980261416,0.8666666666666667,0.026046511627906978
410,-1.4850392484890267,-0.17775199729578184,-1.307287251193245,0.9066666666666666,0.029767441860465118
411,-1.421928329464241,-0.18165755090686314,-1.2402707785573779,0.8533333333333334,0.026046511627906978
412,-1.483476112919625,-0.18251775909628312,-1.3009583538233418,0.88,0.023255813953488372
413,-1.3520960567700597,-0.18485349756130237,-1.1672425592087574,0.7733333333333333,0.029767441860465118
414,-1.4293126617680285,-0.17902527009411473,-1.250287391673914,0.88,0.027906976744186046
415,-1.4498435015745956,-0.20145527584340805,-1.2483882257311876,0.92,0.029767441860465118
416,-1.3596310576310169,-0.18237922127435746,-1.1772518363566595,0.8266666666666667,0.024186046511627906
417,-1.462117711490588,-0.18594621896266303,-1.2761714925279248,0.9066666666666666,0.026976744186046512
418,-1.3341285738750577,-0.18107455149299376,-1.153054022382064,0.7866666666666666,0.021395348837209303
419,-1.3512612565189899,-0.17841875103051935,-1.1728425054884706,0.7866666666666666,0.02883720930232558
420,-1.3131721621279233,-0.20222332017904573,-1.1109488419488776,0.88,0.037209302325581395
421,-1.3060532631277788,-0.1858751182750543,-1.1201781448527246,0.8133333333333334,0.026976744186046512
422,-1.3904490524567295,-0.18714311071087703,-1.2033059417458525,0.8533333333333334,0.026046511627906978
423,-1.5076644694512262,-0.18274121521795753,-1.3249232542332687,0.88,0.025116279069767444
424,-1.4001191203309116,-0.18954268122615422,-1.2105764391047573,0.8533333333333334,0.030697674418604652
425,-1.422660399351788,-0.18256409756424635,-1.2400963017875415,0.8666666666666667,0.029767441860465118
426,-1.345259946334838,-0.17947259962056955,-1.1657873467142685,0.8,0.026976744186046512
427,-1.398820314349252,-0.18430414391702463,-1.2145161704322274,0.8,0.026976744186046512
428,-1.3234900165080998,-0.18368013832142882,-1.139809878186671,0.84,0.023255813953488372
429,-1.2004785557617579,-0.17753130808214643,-1.0229472476796115,0.8133333333333334,0.024186046511627906
430,-1.482860234292635,-0.1810571500863419,-1.301803084206293,0.9466666666666667,0.029767441860465118
431,-1.4208866034856038,-0.18552575356888457,-1.2353608499167192,0.9066666666666666,0.021395348837209303
432,-1.405036021998568,-0.19238205982204862,-1.2126539621765193,0.8133333333333334,0.035348837209302326
433,-1.3161346676598975,-0.186717378966134,-1.1294172886937635,0.8666666666666667,0.03441860465116279
434,-1.365559045734692,-0.186820594624862,-1.17873845110983,0.8933333333333333,0.024186046511627906
435,-1.3105079577550007,-0.17563586075576293,-1.1348720969992379,0.8266666666666667,0.025116279069767444
436,-1.3967137894215234,-0.18576228884243132,-1.210951500579092,0.8933333333333333,0.022325581395348838
437,-1.4767472346353936,-0.1930221587048446,-1.283725075930549,0.8933333333333333,0.03162790697674418
438,-1.3626843834474884,-0.20135897669591,-1.1613254067515784,0.8133333333333334,0.03441860465116279
439,-1.4809413675224634,-0.1847477740111072,-1.2961935935113562,0.92,0.025116279069767444
440,-1.4224363115121255,-0.19612528135463705,-1.2263110301574884,0.88,0.03348837209302326
441,-1.2283166089651893,-0.17713523897998235,-1.051181369985207,0.8,0.022325581395348838
442,-1.279903011606128,-0.19232926080374219,-1.087573750802386,0.7866666666666666,0.03255813953488372
443,-1.3905231143743364,-0.181406736183135,-1.2091163781912013,0.88,0.020465116279069766
444,-1.3161290237750791,-0.17959261171718888,-1.1365364120578902,0.8,0.024186046511627906
445,-1.4251182716772566,-0.18929672377687237,-1.2358215479003842,0.88,0.022325581395348838
446,-1.3642666793475475,-0.18263644373262064,-1.1816302356149269,0.84,0.020465116279069766
447,-1.4375298060483814,-0.17434998506050053,-1.2631798209878808,0.8666666666666667,0.022325581395348838
448,-1.398966727855853,-0.17376207549150802,-1.225204652364345,0.88,0.023255813953488372
449,-1.362399285271625,-0.1868801056907614,-1.1755191795808635,0.84,0.026046511627906978
450,-1.2321412373967917,-0.2000554109385116,-1.0320858264582802,0.7333333333333333,0.03627906976744186
451,-1.4301045439044895,-0.18929638869388232,-1.2408081552106072,0.8533333333333334,0.03255813953488372
452,-1.4562438759845826,-0.18028127765520574,-1.275962598329377,0.9066666666666666,0.027906976744186046
453,-1.4354094667544974,-0.18076860471210546,-1.254640862042392,0.88,0.026046511627906978
454,-1.3815409620798709,-0.18521636292442697,-1.1963245991554439,0.84,0.026976744186046512
455,-1.3212214695715039,-0.18985966608700158,-1.1313618034845023,0.8,0.030697674418604652
456,-1.272714385893593,-0.17967943304357423,-1.0930349528500187,0.8133333333333334,0.020465116279069766
457,-1.3190007695893187,-0.1908203000554608,-1.128180469533858,0.8,0.03348837209302326
458,-1.4595840975401668,-0.20023211645352945,-1.2593519810866374,0.8666666666666667,0.035348837209302326
459,-1.418777458283153,-0.179723460702032,-1.239053997581121,0.8266666666666667,0.022325581395348838
460,-1.2722195968430148,-0.17405362448153394,-1.098165972361481,0.8,0.020465116279069766
461,-1.3205712953616229,-0.1791262498982617,-1.1414450454633611,0.8666666666666667,0.01953488372093023
462,-1.451291956075694,-0.18691389270809927,-1.2643780633675947,0.8666666666666667,0.026976744186046512
463,-1.4114441872029337,-0.19086543716433196,-1.2205787500386018,0.8266666666666667,0.022325581395348838
464,-1.2639119165576238,-0.19100319624727405,-1.0729087203103498,0.72,0.03162790697674418
465,-1.3375172369701713,-0.18258970893958515,-1.1549275280305862,0.8266666666666667,0.026046511627906978
466,-1.4054787497573564,-0.18925819642228478,-1.2162205533350716,0.84,0.01953488372093023
467,-1.309053727220986,-0.17806089124641644,-1.1309928359745696,0.8133333333333334,0.020465116279069766
468,-1.485260326555596,-0.18509368679593866,-1.3001666397596572,0.9066666666666666,0.029767441860465118
469,-1.3344039058320438,-0.1865181810829097,-1.147885724749134,0.88,0.026976744186046512
470,-1.3125293172252683,-0.1909570636314562,-1.1215722535938122,0.7733333333333333,0.03348837209302326
471,-1.363248438485284,-0.18455432513064726,-1.178694113354637,0.7866666666666666,0.035348837209302326
472,-1.3423110825066218,-0.19776676741359,-1.144544315093032,0.7733333333333333,0.035348837209302326
473,-1.1794617263441118,-0.18078095988991816,-0.9986807664541937,0.7466666666666667,0.018604651162790697
474,-1.3291525129005761,-0.1911569315337723,-1.137995581366804,0.8133333333333334,0.03255813953488372
475,-1.4310834239533434,-0.18099758087754902,-1.2500858430757944,0.84,0.025116279069767444
476,-1.3328629083716528,-0.18274097083029758,-1.1501219375413552,0.8266666666666667,0.027906976744186046
477,-1.2593095732885393,-0.18664952116018244,-1.072660052128357,0.7866666666666666,0.025116279069767444
478,-1.4896416491363111,-0.18180848973056576,-1.3078331594057453,0.92,0.027906976744186046
479,-1.3905906251836726,-0.1780410067321521,-1.2125496184515205,0.8933333333333333,0.03348837209302326
480,-1.4493633115692168,-0.17474741828955057,-1.2746158932796663,0.88,0.026976744186046512
481,-1.3931375984970789,-0.18273320548660238,-1.2104043930104764,0.8533333333333334,0.026976744186046512
482,-1.3216756681391788,-0.1904170724499555,-1.1312585956892234,0.8133333333333334,0.029767441860465118
483,-1.3710866346172037,-0.1869862953060992,-1.1841003393111045,0.8266666666666667,0.03255813953488372
484,-1.3913118413211896,-0.1914563312549839,-1.1998555100662056,0.8533333333333334,0.03162790697674418
485,-1.334439341452154,-0.1924921385800025,-1.1419472028721516,0.84,0.024186046511627906
486,-1.402066638186415,-0.19187384307172192,-1.2101927951146931,0.8933333333333333,0.037209302325581395
487,-1.3868881410476728,-0.1731455150196929,-1.2137426260279798,0.8266666666666667,0.021395348837209303
488,-1.3983804678342555,-0.18324875977661423,-1.2151317080576414,0.8533333333333334,0.027906976744186046
489,-1.416365857123189,-0.1815276024460341,-1.2348382546771548,0.8933333333333333,0.023255813953488372
490,-1.356150733597955,-0.19260941411364418,-1.163541319484311,0.8266666666666667,0.030697674418604652
491,-1.4159187662506054,-0.1852755193376594,-1.230643246912946,0.8533333333333334,0.025116279069767444
492,-1.3925947513835075,-0.18171938072172367,-1.2108753706617839,0.8533333333333334,0.02883720930232558
493,-1.3732653644779138,-0.17701213781271102,-1.1962532266652028,0.88,0.027906976744186046
494,-1.3984224632611642,-0.1835231564216283,-1.214899306839536,0.84,0.023255813953488372
495,-1.2969409017399591,-0.18017299921502358,-1.1167679025249355,0.8,0.026046511627906978
496,-1.3877460870232574,-0.18870734952500956,-1.1990387374982479,0.8533333333333334,0.026046511627906978
497,-1.212440483325252,-0.1800834422187967,-1.0323570411064553,0.7466666666666667,0.023255813953488372
498,-1.4955914344970118,-0.1803414145452607,-1.3152500199517512,0.9066666666666666,0.022325581395348838
499,-1.3317291747341398,-0.18670099315618538,-1.1450281815779544,0.84,0.02883720930232558
500,-1.4323389739738224,-0.1791454530702445,-1.2531935209035778,0.8666666666666667,0.018604651162790697
501,-1.5426469236386708,-0.18182000437553697,-1.360826919263134,0.96,0.027906976744186046
502,-1.469017996748406,-0.18897726744831952,-1.2800407293000866,0.8933333333333333,0.037209302325581395
503,-1.4884925983611794,-0.17247930202239797,-1.3160132963387814,0.9066666666666666,0.026046511627906978
504,-1.4486801981835118,-0.1826686157491909,-1.266011582434321,0.9333333333333333,0.021395348837209303
505,-1.3774692722997823,-0.18750982780555506,-1.1899594444942272,0.8533333333333334,0.030697674418604652
506,-1.52764686720486,-0.19017078610739688,-1.337476081097463,0.92,0.03348837209302326
507,-1.5041419800290186,-0.1853860666845521,-1.3187559133444664,0.8533333333333334,0.027906976744186046
508,-1.3331104012780315,-0.19333085553243975,-1.1397795457455917,0.8533333333333334,0.03162790697674418
509,-1.4657913851366577,-0.18242417147916606,-1.2833672136574916,0.8666666666666667,0.024186046511627906
510,-1.281994503996892,-0.18991310692345234,-1.0920813970734398,0.8266666666666667,0.03255813953488372
511,-1.3928583794811276,-0.19522667289661164,-1.197631706584516,0.8,0.030697674418604652
512,-1.2927240692663027,-0.1882449542507908,-1.1044791150155118,0.8266666666666667,0.026976744186046512
513,-1.4494672037679102,-0.17807866665269326,-1.271388537115217,0.88,0.023255813953488372
514,-1.3274098518628041,-0.18700061523182027,-1.140409236630984,0.84,0.02883720930232558
515,-1.3607500239144763,-0.18265843759704464,-1.1780915863174317,0.88,0.030697674418604652
516,-1.3821519313767399,-0.1810670410563894,-1.2010848903203504,0.84,0.027906976744186046
517,-1.2902459342483608,-0.18306801022331845,-1.1071779240250423,0.8,0.03441860465116279
518,-1.3669564296643835,-0.17966106816581123,-1.1872953614985722,0.84,0.024186046511627906
519,-1.3326291670024033,-0.18744137417520693,-1.1451877928271963,0.84,0.023255813953488372
520,-1.2552413619739862,-0.18709924316179638,-1.0681421188121898,0.76,0.027906976744186046
521,-1.3162621767637976,-0.18652161359891853,-1.1297405631648791,0.8666666666666667,0.026046511627906978
522,-1.2642605974589665,-0.18966620761372613,-1.0745943898452404,0.8,0.025116279069767444
523,-1.383724065625386,-0.18903095997407043,-1.1946931056513155,0.88,0.03348837209302326
524,-1.4193687632516665,-0.18446593825169022,-1.2349028249999763,0.92,0.03162790697674418
525,-1.3098510586920218,-0.1715464554983719,-1.13830460319365,0.8,0.021395348837209303
526,-1.320536962973172,-0.1825267298944326,-1.1380102330787394,0.8,0.025116279069767444
527,-1.3707878185683533,-0.1841570561815813,-1.186630762386772,0.88,0.027906976744186046
528,-1.2333079075675144,-0.18532314326406074,-1.0479847643034537,0.8,0.02883720930232558
529,-1.4151851268035642,-0.17888463137047353,-1.2363004954330907,0.9066666666666666,0.026976744186046512
530,-1.2847512837064727,-0.1872175599545563,-1.0975337237519165,0.76,0.029767441860465118
531,-1.255945596084033,-0.1888382541146176,-1.0671073419694153,0.84,0.026976744186046512
532,-1.3401813115208667,-0.182866811599021,-1.1573144999218457,0.84,0.025116279069767444
533,-1.3841681960524768,-0.17509307895224618,-1.2090751171002305,0.8933333333333333,0.029767441860465118
534,-1.4016167288663324,-0.18558937854663976,-1.2160273503196926,0.9066666666666666,0.022325581395348838
535,-1.3093212645125933,-0.18177691671119525,-1.127544347801398,0.8266666666666667,0.02883720930232558
536,-1.3446212441011918,-0.18828238427057178,-1.15633885983062,0.8666666666666667,0.02883720930232558
537,-1.3204891068186302,-0.17633895071203923,-1.144150156106591,0.8,0.025116279069767444
538,-1.3123063927817262,-0.1879334781145874,-1.1243729146671388,0.8266666666666667,0.037209302325581395
539,-1.349824082654062,-0.18734254179241064,-1.1624815408616513,0.84,0.026976744186046512
540,-1.3353065473573216,-0.17162164417980794,-1.1636849031775136,0.8,0.017674418604651163
541,-1.344290908397552,-0.18621918844086252,-1.1580717199566894,0.8133333333333334,0.03441860465116279
542,-1.4393176313187401,-0.18539591720202964,-1.2539217141167105,0.8933333333333333,0.03255813953488372
543,-1.3291261029868318,-0.17920801188691474,-1.149918091099917,0.8666666666666667,0.027906976744186046
544,-1.2723304667376238,-0.17973310723919775,-1.0925973594984262,0.8533333333333334,0.025116279069767444
545,-1.3117211337556272,-0.19340181444954146,-1.1183193193060856,0.8266666666666667,0.03906976744186046
546,-1.3228780003002718,-0.17186726763044458,-1.1510107326698273,0.88,0.01674418604651163
547,-1.4563237564077174,-0.1822574821639753,-1.274066274243742,0.8133333333333334,0.022325581395348838
548,-1.373731035534096,-0.17858168882216532,-1.1951493467119305,0.8,0.027906976744186046
549,-1.32264061447141,-0.1815361962085898,-1.1411044182628203,0.8533333333333334,0.025116279069767444
550,-1.4151178209361475,-0.19022328904042674,-1.2248945318957207,0.8266666666666667,0.030697674418604652
551,-1.6313820225994926,-0.18419303201817447,-1.4471889905813182,0.9066666666666666,0.027906976744186046
552,-1.372790165835565,-0.18813226892453175,-1.1846578969110333,0.8666666666666667,0.02883720930232558
553,-1.3802380883434127,-0.18537962707645336,-1.1948584612669593,0.84,0.026046511627906978
554,-1.2715008310886702,-0.18735424124328495,-1.0841465898453853,0.7733333333333333,0.025116279069767444
555,-1.5053966887742336,-0.1870769194388408,-1.3183197693353927,0.8533333333333334,0.03348837209302326
556,-1.3638542564648632,-0.18153209841794427,-1.182322158046919,0.8666666666666667,0.029767441860465118
557,-1.4284603191480152,-0.16967640861025043,-1.2587839105377647,0.8666666666666667,0.020465116279069766
558,-1.3382067471146435,-0.17644869613816613,-1.1617580509764773,0.8266666666666667,0.020465116279069766
559,-1.3033458275457452,-0.1858809898550369,-1.1174648376907084,0.8533333333333334,0.026976744186046512
560,-1.3788116469428315,-0.19749567528344725,-1.1813159716593842,0.8533333333333334,0.03162790697674418
561,-1.3855429507904216,-0.18475526089037272,-1.200787689900049,0.84,0.03348837209302326
562,-1.423612241247796,-0.1709143973972439,-1.252697843850552,0.88,0.022325581395348838
563,-1.285555324569961,-0.18263201063733747,-1.1029233139326236,0.8266666666666667,0.030697674418604652
564,-1.4635715009766674,-0.19312857733650554,-1.270442923640162,0.8533333333333334,0.03162790697674418
565,-1.3563250595342082,-0.18475977087409176,-1.1715652886601164,0.8666666666666667,0.026046511627906978
566,-1.3166353455840052,-0.1897544280855902,-1.126880917498415,0.7866666666666666,0.026046511627906978
567,-1.4314775013820689,-0.1762281908291096,-1.2552493105529592,0.8533333333333334,0.027906976744186046
568,-1.3743073701131334,-0.18737384110522157,-1.186933529007912,0.8666666666666667,0.03348837209302326
569,-1.2965768938509379,-0.18131008317303762,-1.1152668106779002,0.76,0.02883720930232558
570,-1.550675831384017,-0.18954916242094214,-1.3611266689630748,0.8933333333333333,0.030697674418604652
571,-1.452959955591702,-0.17860594714458114,-1.274354008447121,0.8533333333333334,0.026046511627906978
572,-1.3920581218601735,-0.19839338836532128,-1.1936647334948522,0.8933333333333333,0.027906976744186046
573,-1.4438600822824825,-0.18881559357146707,-1.2550444887110155,0.8666666666666667,0.03162790697674418
574,-1.3413711200628837,-0.19553889584897544,-1.1458322242139083,0.8133333333333334,0.024186046511627906
575,-1.4026052753443619,-0.1823435428162143,-1.2202617325281475,0.84,0.03162790697674418
576,-1.2726118853484272,-0.1802358084718364,-1.0923760768765907,0.7733333333333333,0.026976744186046512
577,-1.3958675123207438,-0.17518916584312366,-1.22067834647762,0.84,0.025116279069767444
578,-1.3891798211652135,-0.18856754784876287,-1.2006122733164506,0.84,0.026976744186046512
579,-1.3908440040253751,-0.1852784774912418,-1.2055655265341334,0.8533333333333334,0.03162790697674418
580,-1.3130237666560869,-0.16968412298301633,-1.1433396436730705,0.8266666666666667,0.017674418604651163
581,-1.2893520396014866,-0.18926696453017322,-1.1000850750713134,0.7866666666666666,0.026976744186046512
582,-1.4087822544172222,-0.17681457351252688,-1.2319676809046953,0.92,0.020465116279069766
583,-1.348719533884495,-0.18817281790663803,-1.160546715977857,0.84,0.025116279069767444
584,-1.310914770564928,-0.18261103297880898,-1.1283037375861191,0.8,0.026046511627906978
585,-1.408690901772405,-0.1860008046140704,-1.2226900971583345,0.8666666666666667,0.027906976744186046
586,-1.270276964337334,-0.17635426367303758,-1.0939227006642964,0.7866666666666666,0.02883720930232558
587,-1.3608533944496517,-0.18733962584519517,-1.1735137686044566,0.88,0.03348837209302326
588,-1.3625198398626401,-0.18607711750008896,-1.176442722362551,0.8266666666666667,0.030697674418604652
589,-1.3359476003322774,-0.18288974036954952,-1.153057859962728,0.8133333333333334,0.025116279069767444
590,-1.4117152825445274,-0.1838721078438693,-1.2278431747006582,0.8266666666666667,0.029767441860465118
591,-1.4395609726224274,-0.18622786785898074,-1.2533331047634466,0.8666666666666667,0.025116279069767444
592,-1.419205589438665,-0.18178183997150602,-1.237423749467159,0.8133333333333334,0.025116279069767444
593,-1.2990033609090452,-0.18984545116448437,-1.1091579097445607,0.8266666666666667,0.025116279069767444
594,-1.3511466483651027,-0.181806766426549,-1.1693398819385536,0.8266666666666667,0.024186046511627906
595,-1.3249523324534953,-0.17396204313323552,-1.1509902893202597,0.84,0.030697674418604652
596,-1.3280651655822984,-0.17852234689070692,-1.1495428186915915,0.84,0.026046511627906978
597,-1.5635512402370757,-0.18044455269283052,-1.3831066875442453,0.96,0.02883720930232558
598,-1.475071748204157,-0.18562626045022734,-1.2894454877539299,0.9066666666666666,0.026046511627906978
599,-1.3804225616306889,-0.18478002662524884,-1.19564253500544,0.8133333333333334,0.03441860465116279
600,-1.3554299906426581,-0.17876982607475927,-1.176660164567899,0.88,0.017674418604651163
601,-1.36355244312731,-0.18771446012929774,-1.1758379829980123,0.8266666666666667,0.02883720930232558
602,-1.2677120664574406,-0.18510786212455135,-1.0826042043328892,0.7733333333333333,0.03441860465116279
603,-1.3333994245343241,-0.18704120474008173,-1.1463582197942424,0.8533333333333334,0.024186046511627906
604,-1.5370576332232109,-0.18879140971039077,-1.34826622351282,0.9066666666666666,0.03255813953488372
605,-1.4198030614709582,-0.18445115776724028,-1.235351903703718,0.88,0.029767441860465118
606,-1.338758527644324,-0.17810966848112564,-1.1606488591631983,0.7866666666666666,0.01953488372093023
607,-1.4299379234237732,-0.18523658643919017,-1.244701336984583,0.9066666666666666,0.025116279069767444
608,-1.413449419563814,-0.1862321006250495,-1.2272173189387645,0.8533333333333334,0.03441860465116279
609,-1.3806236828056853,-0.18287336322510736,-1.1977503195805779,0.8933333333333333,0.025116279069767444
610,-1.404071880030345,-0.19276309618437373,-1.2113087838459713,0.8533333333333334,0.03162790697674418
611,-1.3428841276358396,-0.17990168445490687,-1.1629824431809328,0.7866666666666666,0.021395348837209303
612,-1.3147490984932766,-0.1713828157884421,-1.1433662827048345,0.8,0.024186046511627906
613,-1.4268525931766398,-0.18736599557475372,-1.239486597601886,0.88,0.029767441860465118
614,-1.4212109610164494,-0.18299961095095638,-1.238211350065493,0.8133333333333334,0.02883720930232558
615,-1.5546087472373464,-0.18358714697340728,-1.3710216002639393,0.9333333333333333,0.026976744186046512
616,-1.319297709944384,-0.18809005039880938,-1.1312076595455745,0.8,0.01953488372093023
617,-1.2774694982657435,-0.18787749617256919,-1.0895920020931744,0.8133333333333334,0.023255813953488372
618,-1.1839146299864338,-0.18635267820814405,-0.9975619517782898,0.7333333333333333,0.029767441860465118
619,-1.412564184479116,-0.18202861768035217,-1.2305355667987636,0.8533333333333334,0.030697674418604652
620,-1.440748714796814,-0.19854952267765022,-1.242199192119164,0.8666666666666667,0.029767441860465118
621,-1.3476136069413656,-0.18097380286670034,-1.1666398040746653,0.8133333333333334,0.03348837209302326
622,-1.5667609947451673,-0.18978462988965433,-1.376976364855513,0.9066666666666666,0.029767441860465118
623,-1.269624948349317,-0.18690959695256065,-1.0827153513967562,0.8133333333333334,0.01953488372093023
624,-1.233579391361582,-0.19103953702206566,-1.0425398543395163,0.76,0.024186046511627906
625,-1.3805244781426018,-0.18729953489321546,-1.1932249432493864,0.8933333333333333,0.03348837209302326
626,-1.3128785415355926,-0.19544957687657574,-1.1174289646590168,0.8133333333333334,0.03441860465116279
627,-1.4565991302806454,-0.185970908336618,-1.2706282219440275,0.8666666666666667,0.026976744186046512
628,-1.279251804965705,-0.18551184874857787,-1.093739956217127,0.7466666666666667,0.030697674418604652
629,-1.3427886821008086,-0.1776528298153532,-1.1651358522854554,0.8133333333333334,0.01953488372093023
630,-1.3595372559024634,-0.1809377828253095,-1.1785994730771538,0.8266666666666667,0.02883720930232558
631,-1.3569363408993462,-0.17296054502499844,-1.1839757958743478,0.8666666666666667,0.027906976744186046
632,-1.4445649114523265,-0.1845026627657509,-1.2600622486865756,0.8933333333333333,0.023255813953488372
633,-1.36456921536072,-0.18603259580867146,-1.1785366195520486,0.9066666666666666,0.026046511627906978
634,-1.4723801017685438,-0.18757423907267118,-1.2848058626958727,0.88,0.024186046511627906
635,-1.3435967578694095,-0.1832842914860153,-1.1603124663833941,0.7733333333333333,0.023255813953488372
636,-1.3115657073612899,-0.2070584740524448,-1.104507233308845,0.84,0.037209302325581395
637,-1.4492714793196826,-0.18966571918299918,-1.2596057601366835,0.8933333333333333,0.026046511627906978
638,-1.4286142754726814,-0.17789636593176822,-1.250717909540913,0.8533333333333334,0.026046511627906978
639,-1.410492589702833,-0.17720729986015363,-1.2332852898426794,0.8666666666666667,0.02883720930232558
640,-1.2866672033826136,-0.1847335803370949,-1.1019336230455188,0.76,0.03255813953488372
641,-1.4261986558619493,-0.19106236829533937,-1.2351362875666099,0.8533333333333334,0.023255813953488372
642,-1.417379102712656,-0.18364616560206087,-1.2337329371105952,0.8666666666666667,0.026976744186046512
643,-1.2977959183781684,-0.16980990910604588,-1.1279860092721226,0.7866666666666666,0.01674418604651163
644,-1.37258534393293,-0.17395148397540725,-1.1986338599575228,0.8133333333333334,0.026976744186046512
645,-1.4929215183239786,-0.18398923622587,-1.3089322820981086,0.9066666666666666,0.020465116279069766
646,-1.248263413784726,-0.18472339437456242,-1.0635400194101634,0.7866666666666666,0.022325581395348838
647,-1.5119977556241389,-0.18537628728402503,-1.3266214683401139,0.8533333333333334,0.03906976744186046
648,-1.5182932945722036,-0.18348926783544728,-1.3348040267367565,0.88,0.026976744186046512
649,-1.4223457354643387,-0.18905648968633704,-1.2332892457780016,0.88,0.03255813953488372
650,-1.482524408944135,-0.18574941741789247,-1.2967749915262425,0.92,0.030697674418604652
651,-1.3114955588814305,-0.17083271925933735,-1.1406628396220932,0.7866666666666666,0.026046511627906978
652,-1.3854519919887422,-0.19346439811936733,-1.191987593869375,0.8666666666666667,0.03348837209302326
653,-1.3473501788863442,-0.17981125668317133,-1.167538922203173,0.8133333333333334,0.027906976744186046
654,-1.2068503342799892,-0.17137235082971577,-1.0354779834502734,0.8,0.020465116279069766
655,-1.330182714230873,-0.20453538411651387,-1.1256473301143592,0.8,0.03441860465116279
656,-1.293097892496287,-0.19422588972819377,-1.0988720027680934,0.8266666666666667,0.026976744186046512
657,-1.3078412875094656,-0.19026830888711205,-1.1175729786223536,0.8,0.03906976744186046
658,-1.3673040327772983,-0.1836786251049809,-1.1836254076723174,0.84,0.027906976744186046
659,-1.3151985908154253,-0.19378494984890923,-1.121413640966516,0.84,0.030697674418604652
660,-1.3244282872350739,-0.18410926593555396,-1.14031902129952,0.88,0.025116279069767444
661,-1.3208860947320487,-0.184462881325235,-1.1364232134068137,0.84,0.023255813953488372
662,-1.4211551143735361,-0.1801232835472199,-1.2410318308263162,0.8533333333333334,0.026046511627906978
663,-1.40325849143805,-0.18629020063695395,-1.216968290801096,0.8266666666666667,0.020465116279069766
664,-1.5114866892671868,-0.18528333943201292,-1.3262033498351737,0.9333333333333333,0.026976744186046512
665,-1.560033153007032,-0.1764390041502695,-1.3835941488567625,0.9333333333333333,0.025116279069767444
666,-1.2947345144405646,-0.18341107160721537,-1.1113234428333492,0.84,0.021395348837209303
667,-1.3527597405889191,-0.1823969883891667,-1.1703627521997524,0.88,0.026976744186046512
668,-1.4215144162806834,-0.18531355026885094,-1.2362008660118324,0.84,0.03348837209302326
669,-1.3812760308264425,-0.18464842174873464,-1.1966276090777077,0.84,0.03348837209302326
670,-1.3879002717590063,-0.1807765660110753,-1.207123705747931,0.8933333333333333,0.026976744186046512
671,-1.378885168331765,-0.18666416895514218,-1.1922209993766228,0.8266666666666667,0.029767441860465118
672,-1.2873721897723491,-0.19037188080231096,-1.0970003089700382,0.8266666666666667,0.03255813953488372
673,-1.3136111552695418,-0.18770875071976323,-1.1259024045497785,0.84,0.02883720930232558
674,-1.2983838062552242,-0.18515830312036313,-1.113225503134861,0.84,0.025116279069767444
675,-1.2161742123315742,-0.18633903074886643,-1.0298351815827078,0.7733333333333333,0.030697674418604652
676,-1.4806977804061041,-0.1911651272606237,-1.2895326531454805,0.88,0.03255813953488372
677,-1.3939072522975668,-0.17979033281130155,-1.2141169194862653,0.8533333333333334,0.024186046511627906
678,-1.4170641941232285,-0.176177408529771,-1.2408867855934576,0.88,0.021395348837209303
679,-1.4024489789872934,-0.18048900075762178,-1.2219599782296715,0.8,0.024186046511627906
680,-1.4601951785444316,-0.18721230417805074,-1.272982874366381,0.8666666666666667,0.027906976744186046
681,-1.3602719194774777,-0.18221230119782467,-1.178059618279653,0.84,0.018604651162790697
682,-1.3875808597025237,-0.17886901113448375,-1.20871184856804,0.8133333333333334,0.030697674418604652
683,-1.2663705571149009,-0.19584203620951574,-1.0705285209053852,0.76,0.03627906976744186
684,-1.4080170445028088,-0.17835841982221903,-1.2296586246805898,0.9333333333333333,0.020465116279069766
685,-1.408611386023114,-0.17751573133362106,-1.231095654689493,0.88,0.027906976744186046
686,-1.2896106480888074,-0.18782941965853334,-1.1017812284302742,0.8,0.03441860465116279
687,-1.4259805463585777,-0.18994925430014373,-1.236031292058434,0.8933333333333333,0.03348837209302326
688,-1.2456227790934362,-0.1864088890272243,-1.059213890066212,0.7733333333333333,0.023255813953488372
689,-1.4224856828518495,-0.17570617662013888,-1.2467795062317106,0.84,0.020465116279069766
690,-1.2020341384368025,-0.18759225265152416,-1.0144418857852784,0.7866666666666666,0.024186046511627906
691,-1.4375502664972974,-0.18841350979318378,-1.2491367567041136,0.8933333333333333,0.03348837209302326
692,-1.4021913340043666,-0.1832420229459155,-1.218949311058451,0.8666666666666667,0.029767441860465118
693,-1.3249200616117414,-0.19005239232917637,-1.134867669282565,0.8133333333333334,0.029767441860465118
694,-1.3924462247766314,-0.19294667148675776,-1.1994995532898736,0.8133333333333334,0.030697674418604652
695,-1.4904444160955017,-0.18708515690596852,-1.303359259189533,0.8933333333333333,0.03162790697674418
696,-1.4348334816474533,-0.17790977314193343,-1.2569237085055198,0.9066666666666666,0.026976744186046512
697,-1.4083912572299744,-0.1976882148209427,-1.2107030424090317,0.8266666666666667,0.027906976744186046
698,-1.2507843907417977,-0.19400935831920568,-1.056775032422592,0.8266666666666667,0.03441860465116279
699,-1.2782452839579985,-0.17891569584987543,-1.099329588108123,0.88,0.024186046511627906
700,-1.2549721694736689,-0.18923920419753057,-1.0657329652761383,0.7866666666666666,0.03441860465116279
701,-1.5036442869836262,-0.18652602970411838,-1.3171182572795077,0.8666666666666667,0.02883720930232558
702,-1.4355082723740393,-0.1737586207743511,-1.2617496515996882,0.8666666666666667,0.023255813953488372
703,-1.259707373757455,-0.19421418415260014,-1.0654931896048547,0.7866666666666666,0.03255813953488372
704,-1.3495085987785536,-0.19718158222707263,-1.152327016551481,0.8266666666666667,0.03906976744186046
705,-1.4098272690961584,-0.18883506216679102,-1.2209922069293673,0.9066666666666666,0.02883720930232558
706,-1.402050982086514,-0.17808509300274716,-1.2239658890837668,0.8533333333333334,0.026046511627906978
707,-1.3748810507222158,-0.1774624571341277,-1.197418593588088,0.8933333333333333,0.021395348837209303
708,-1.478800450870738,-0.1834048119667783,-1.2953956389039596,0.8666666666666667,0.022325581395348838
709,-1.4456262109586877,-0.19045556881252151,-1.2551706421461661,0.88,0.026046511627906978
710,-1.4968126157958699,-0.18242169768977282,-1.314390918106097,0.9066666666666666,0.021395348837209303
711,-1.4354830412181376,-0.186833296623968,-1.2486497445941696,0.84,0.030697674418604652
712,-1.3160695903889423,-0.18189751045006375,-1.1341720799388786,0.8,0.026046511627906978
713,-1.412322846419959,-0.1802180571476639,-1.2321047892722952,0.88,0.024186046511627906
714,-1.444289092242234,-0.1800002895061933,-1.2642888027360408,0.8666666666666667,0.024186046511627906
715,-1.2830262911294499,-0.19606861321297608,-1.0869576779164738,0.8,0.03255813953488372
716,-1.3291615161864057,-0.19249427459355967,-1.136667241592846,0.8533333333333334,0.03348837209302326
717,-1.3772926241143244,-0.19488299096187617,-1.1824096331524483,0.84,0.03906976744186046
718,-1.355304123874121,-0.18586798913913055,-1.1694361347349904,0.8533333333333334,0.03906976744186046
719,-1.4709593829827872,-0.18252231796075624,-1.288437065022031,0.88,0.026976744186046512
720,-1.2932580960340117,-0.18010118620995733,-1.1131569098240544,0.7866666666666666,0.02883720930232558
721,-1.2866676589247996,-0.18789129614955155,-1.098776362775248,0.8,0.03348837209302326
722,-1.3502524690640663,-0.17982409956386042,-1.1704283695002058,0.84,0.025116279069767444
723,-1.3275217593549375,-0.1774420709364741,-1.1500796884184634,0.8133333333333334,0.026976744186046512
724,-1.316010672901851,-0.1816096985323919,-1.1344009743694592,0.8,0.025116279069767444
725,-1.3795974729472174,-0.17568603180022727,-1.20391144114699,0.8266666666666667,0.023255813953488372
726,-1.3996844462747506,-0.1848791189085319,-1.2148053273662187,0.84,0.026976744186046512
727,-1.3853516097678282,-0.1768931472352261,-1.2084584625326023,0.7866666666666666,0.021395348837209303
728,-1.469676401067719,-0.19635870865607485,-1.273317692411644,0.88,0.030697674418604652
729,-1.3071350985408399,-0.19050332818734617,-1.1166317703534938,0.8266666666666667,0.03441860465116279
730,-1.4877839303389995,-0.18991816462450045,-1.297865765714499,0.88,0.029767441860465118
731,-1.3497881878826596,-0.18668157140466626,-1.1631066164779933,0.84,0.03255813953488372
732,-1.326644319408706,-0.19419937037796037,-1.1324449490307458,0.84,0.03441860465116279
733,-1.3240297496712095,-0.18472865158706014,-1.1393010980841494,0.8133333333333334,0.01674418604651163
734,-1.4823805173673792,-0.180904713962281,-1.3014758034050982,0.9066666666666666,0.027906976744186046
735,-1.3972738156235596,-0.18131275421933285,-1.2159610614042267,0.8933333333333333,0.01953488372093023
736,-1.2452962812454915,-0.19529688417207028,-1.0499993970734212,0.8,0.024186046511627906
737,-1.4683231090784785,-0.1898014757377846,-1.278521633340694,0.84,0.03627906976744186
738,-1.3071083132179344,-0.18494628809102673,-1.1221620251269078,0.8266666666666667,0.027906976744186046
739,-1.3819480781086848,-0.1953362255112448,-1.18661185259744,0.84,0.030697674418604652
740,-1.3770498696813016,-0.18776314239193104,-1.1892867272893706,0.84,0.03441860465116279
741,-1.3906313559600756,-0.18214330459341058,-1.208488051366665,0.8666666666666667,0.02883720930232558
742,-1.3609074249350308,-0.1876412544395598,-1.173266170495471,0.8,0.03813953488372093
743,-1.3465836755618705,-0.185229244989352,-1.1613544305725185,0.84,0.024186046511627906
744,-1.3308209695347513,-0.19408864594607053,-1.1367323235886808,0.7733333333333333,0.029767441860465118
745,-1.3657289806815456,-0.18981172756687562,-1.17591725311467,0.88,0.021395348837209303
746,-1.243077650210769,-0.18925132158493452,-1.0538263286258345,0.76,0.03255813953488372
747,-1.3141121365650397,-0.174094981786137,-1.1400171547789026,0.7866666666666666,0.017674418604651163
748,-1.5100895043139884,-0.18016577492821,-1.3299237293857784,0.9066666666666666,0.02883720930232558
749,-1.4191185566773394,-0.19443305055747953,-1.2246855061198598,0.88,0.03162790697674418
750,-1.2846208291853602,-0.18179200922248984,-1.1028288199628704,0.8133333333333334,0.024186046511627906
751,-1.3787933132660524,-0.18967931362332205,-1.1891139996427302,0.8666666666666667,0.026046511627906978
752,-1.376073530072375,-0.19023113655089618,-1.1858423935214788,0.8133333333333334,0.027906976744186046
753,-1.3872234408351969,-0.18001199414893398,-1.207211446686263,0.84,0.025116279069767444
754,-1.2317673682699701,-0.18629463825831488,-1.0454727300116553,0.7866666666666666,0.025116279069767444
755,-1.4257714380678526,-0.18874152786292522,-1.2370299102049274,0.88,0.026046511627906978
756,-1.3605948863121429,-0.1840511430992408,-1.176543743212902,0.84,0.035348837209302326
757,-1.4444133623437923,-0.19062306203554755,-1.2537903003082447,0.9333333333333333,0.023255813953488372
758,-1.3778001985590151,-0.1759306529156891,-1.201869545643326,0.8533333333333334,0.026976744186046512
759,-1.3124092222392982,-0.17754336762662082,-1.1348658546126775,0.8266666666666667,0.021395348837209303
760,-1.3615313025723719,-0.18225379627657956,-1.1792775062957923,0.8533333333333334,0.029767441860465118
761,-1.425612122587745,-0.1789916338502919,-1.246620488737453,0.8666666666666667,0.01953488372093023
762,-1.3218243236420817,-0.1759439112018203,-1.1458804124402615,0.7866666666666666,0.029767441860465118
763,-1.428272611156372,-0.19361859171925114,-1.2346540194371207,0.8266666666666667,0.029767441860465118
764,-1.2680320654125663,-0.1940131685581732,-1.0740188968543931,0.8533333333333334,0.03348837209302326
765,-1.3525845951224487,-0.1841788760837041,-1.1684057190387445,0.8,0.030697674418604652
766,-1.2871221772976316,-0.1795861063280234,-1.107536070969608,0.7866666666666666,0.02883720930232558
767,-1.3945917438582123,-0.17864955128724866,-1.2159421925709637,0.8533333333333334,0.029767441860465118
768,-1.4497165304910609,-0.1924598483179901,-1.2572566821730708,0.8666666666666667,0.035348837209302326
769,-1.3869679466241214,-0.18743172183248336,-1.199536224791638,0.8533333333333334,0.02883720930232558
770,-1.5814714875096294,-0.18060742610689667,-1.4008640614027328,0.9066666666666666,0.02883720930232558
771,-1.4255746258927893,-0.18146590960438685,-1.2441087162884024,0.84,0.027906976744186046
772,-1.3459278603147582,-0.19223580761580125,-1.153692052698957,0.8133333333333334,0.030697674418604652
773,-1.4263612388640732,-0.1976838089318177,-1.2286774299322554,0.8533333333333334,0.027906976744186046
774,-1.401502899812381,-0.18572798882728303,-1.2157749109850982,0.84,0.03627906976744186
775,-1.359217085029982,-0.19381836970300007,-1.165398715326982,0.84,0.03162790697674418
776,-1.411355214764428,-0.18396945148022664,-1.2273857632842013,0.8666666666666667,0.026046511627906978
777,-1.3240704018336475,-0.1972348428128644,-1.1268355590207833,0.8,0.026976744186046512
778,-1.337472181082158,-0.18662195104323512,-1.1508502300389227,0.8133333333333334,0.035348837209302326
779,-1.431453683273333,-0.1841306808899607,-1.2473230023833723,0.8666666666666667,0.021395348837209303
780,-1.3396643708323939,-0.18897331302897555,-1.1506910578034184,0.8933333333333333,0.03255813953488372
781,-1.3712573841944478,-0.18183482231043932,-1.1894225618840084,0.8533333333333334,0.03162790697674418
782,-1.3987894380112238,-0.19089866545828393,-1.2078907725529398,0.8666666666666667,0.03255813953488372
783,-1.3361836458807563,-0.17878797053421072,-1.1573956753465455,0.8533333333333334,0.023255813953488372
784,-1.4054932828341402,-0.17744508512359183,-1.2280481977105484,0.8666666666666667,0.025116279069767444
785,-1.4134377183919766,-0.18524781526476156,-1.228189903127215,0.8666666666666667,0.029767441860465118
786,-1.4360649577157645,-0.17768637710580226,-1.2583785806099623,0.8933333333333333,0.026046511627906978
787,-1.3899735701199392,-0.19161473173700483,-1.1983588383829344,0.8,0.02883720930232558
788,-1.463834671482999,-0.1831674932320808,-1.2806671782509182,0.88,0.020465116279069766
789,-1.4640691762899765,-0.1807886889484095,-1.283280487341567,0.8933333333333333,0.026976744186046512
790,-1.5483372995213291,-0.1895357774500788,-1.3588015220712504,0.9466666666666667,0.03627906976744186
791,-1.2237115608037505,-0.17315996333821865,-1.050551597465532,0.7333333333333333,0.023255813953488372
792,-1.3504422197084296,-0.17650480255364703,-1.1739374171547825,0.8266666666666667,0.027906976744186046
793,-1.4578624186869031,-0.1911464747115056,-1.2667159439753974,0.8666666666666667,0.024186046511627906
794,-1.3700847421538958,-0.18697663814593685,-1.183108104007959,0.8133333333333334,0.02883720930232558
795,-1.2251191116470899,-0.18994524838859128,-1.0351738632584986,0.7733333333333333,0.025116279069767444
796,-1.369226955599822,-0.18283493018609256,-1.1863920254137295,0.84,0.027906976744186046
797,-1.305594490366317,-0.1821788834850943,-1.1234156068812227,0.8266666666666667,0.026046511627906978
798,-1.3234254374168752,-0.18562622676598547,-1.1377992106508898,0.8,0.03255813953488372
799,-1.2583447213743402,-0.188508245217532,-1.0698364761568082,0.7466666666666667,0.03348837209302326
800,-1.3402339738434133,-0.19277875691304924,-1.147455216930364,0.84,0.03348837209302326
801,-1.457552780820872,-0.18664538377675838,-1.2709073970441136,0.9066666666666666,0.03255813953488372
802,-1.439044082297054,-0.17917939188075002,-1.259864690416304,0.8533333333333334,0.03255813953488372
803,-1.3845819648699622,-0.1757586044368957,-1.2088233604330665,0.8533333333333334,0.027906976744186046
804,-1.4720887550986044,-0.1911255789664972,-1.2809631761321072,0.88,0.023255813953488372
805,-1.332900309507065,-0.18934496090788816,-1.143555348599177,0.8266666666666667,0.03255813953488372
806,-1.3253816693614218,-0.19651045172702672,-1.1288712176343951,0.8266666666666667,0.03255813953488372
807,-1.4936115947523125,-0.19535047877672648,-1.2982611159755861,0.8533333333333334,0.03348837209302326
808,-1.3909449535157195,-0.185922388686132,-1.2050225648295874,0.84,0.03162790697674418
809,-1.3898337583938782,-0.17593706735155032,-1.213896691042328,0.8,0.026976744186046512
810,-1.3533157489624728,-0.180578811618909,-1.1727369373435637,0.84,0.026976744186046512
811,-1.5258882377668854,-0.18077103314559664,-1.3451172046212887,0.8666666666666667,0.022325581395348838
812,-1.3894560860350202,-0.18588824462559572,-1.2035678414094244,0.8533333333333334,0.030697674418604652
813,-1.3511097293790495,-0.18434552844086452,-1.166764200938185,0.88,0.035348837209302326
814,-1.3876602154983415,-0.18195554649660073,-1.2057046690017408,0.8666666666666667,0.025116279069767444
815,-1.4455216055118767,-0.1894637491880479,-1.2560578563238287,0.88,0.03255813953488372
816,-1.310014500418476,-0.18208789899688735,-1.1279266014215887,0.84,0.029767441860465118
817,-1.2931053954379828,-0.19745977206582593,-1.0956456233721568,0.8133333333333334,0.037209302325581395
818,-1.4774156298700205,-0.1876481596369006,-1.2897674702331199,0.8666666666666667,0.026046511627906978
819,-1.4363810028352526,-0.1775356167872431,-1.2588453860480096,0.8933333333333333,0.030697674418604652
820,-1.209211131687844,-0.1813689956674643,-1.0278421360203798,0.7466666666666667,0.029767441860465118
821,-1.350900319172325,-0.1809128102069105,-1.1699875089654146,0.8133333333333334,0.027906976744186046
822,-1.361224798977096,-0.19035532209151848,-1.1708694768855776,0.84,0.027906976744186046
823,-1.3247925002789167,-0.1838433619192359,-1.1409491383596808,0.84,0.01953488372093023
824,-1.3022150767517147,-0.1894352284448532,-1.1127798483068614,0.7733333333333333,0.030697674418604652
825,-1.492563815157333,-0.19455899530374285,-1.2980048198535903,0.8666666666666667,0.023255813953488372
826,-1.3509220142571459,-0.18777645542743174,-1.1631455588297142,0.88,0.03162790697674418
827,-1.368192246637333,-0.18245271076458366,-1.1857395358727494,0.8666666666666667,0.029767441860465118
828,-1.3012309009955532,-0.18488013576943857,-1.1163507652261146,0.7733333333333333,0.03348837209302326
829,-1.3663831202098475,-0.18408108855000918,-1.1823020316598383,0.8666666666666667,0.037209302325581395
830,-1.3762676998309902,-0.19080291425390797,-1.1854647855770821,0.8133333333333334,0.027906976744186046
831,-1.3185927916553501,-0.18808541665505785,-1.1305073750002923,0.8533333333333334,0.037209302325581395
832,-1.4319559043852894,-0.18297275920481504,-1.2489831451804743,0.8533333333333334,0.023255813953488372
833,-1.3445348673829272,-0.18564024444064753,-1.1588946229422796,0.84,0.03162790697674418
834,-1.4040386171016745,-0.18062129135287736,-1.2234173257487972,0.88,0.014883720930232559
835,-1.259763397075522,-0.1857018694773048,-1.0740615275982173,0.7733333333333333,0.026046511627906978
836,-1.4057530458238017,-0.18243303300873953,-1.223320012815062,0.84,0.025116279069767444
837,-1.5397294844213285,-0.19579715381032034,-1.3439323306110083,0.92,0.035348837209302326
838,-1.4491351422452075,-0.18453530419744332,-1.264599838047764,0.8933333333333333,0.027906976744186046
839,-1.4119054506236655,-0.18030529643980378,-1.2316001541838617,0.84,0.030697674418604652
840,-1.3619339738545493,-0.17563338651840257,-1.1863005873361467,0.8533333333333334,0.021395348837209303
841,-1.3355849174199501,-0.18804742528685048,-1.1475374921330996,0.84,0.024186046511627906
842,-1.4249461797744565,-0.19040909190943772,-1.2345370878650188,0.84,0.03441860465116279
843,-1.3332121001121895,-0.18945062628057685,-1.1437614738316126,0.8266666666666667,0.02883720930232558
844,-1.3435835290664446,-0.19918386695066703,-1.1443996621157777,0.8933333333333333,0.03906976744186046
845,-1.3820336724314939,-0.1859580655548757,-1.1960756068766183,0.8933333333333333,0.030697674418604652
846,-1.3475225544034288,-0.17156631251632398,-1.1759562418871048,0.8533333333333334,0.020465116279069766
847,-1.2634466747593858,-0.16636281169555672,-1.097083863063829,0.8,0.01953488372093023
848,-1.2545910833452631,-0.1891258328460659,-1.0654652504991973,0.7866666666666666,0.03348837209302326
849,-1.361338551514834,-0.1888225889717415,-1.1725159625430925,0.8266666666666667,0.03162790697674418
850,-1.4227028577808678,-0.17563942286217515,-1.2470634349186926,0.8933333333333333,0.027906976744186046
851,-1.286743285139244,-0.18410714606669526,-1.1026361390725488,0.8133333333333334,0.021395348837209303
852,-1.3902002323228395,-0.1828696576470407,-1.2073305746757987,0.8,0.026976744186046512
853,-1.3484651080021703,-0.1798489812446303,-1.1686161267575401,0.8133333333333334,0.027906976744186046
854,-1.3894633755826171,-0.17807638642944196,-1.2113869891531752,0.88,0.026046511627906978
855,-1.4236374729516936,-0.2052226618847284,-1.2184148110669653,0.84,0.044651162790697675
856,-1.277230170947044,-0.17335091067428854,-1.1038792602727554,0.8,0.020465116279069766
857,-1.3733908805109363,-0.17237791365899055,-1.2010129668519458,0.8266666666666667,0.021395348837209303
858,-1.3398660887485605,-0.1757330767139235,-1.164133012034637,0.88,0.02883720930232558
859,-1.4312077262243712,-0.180896606697147,-1.2503111195272243,0.8666666666666667,0.03348837209302326
860,-1.3239438426192391,-0.1738726461747752,-1.1500711964444639,0.8133333333333334,0.022325581395348838
861,-1.5207242569318948,-0.19061494576498617,-1.3301093111669087,0.8666666666666667,0.029767441860465118
862,-1.314271450592163,-0.18175984539387577,-1.1325116051982873,0.8,0.029767441860465118
863,-1.3967359017623802,-0.1803990843121003,-1.2163368174502798,0.84,0.023255813953488372
864,-1.4280311303568836,-0.1796880053309161,-1.2483431250259676,0.8933333333333333,0.024186046511627906
865,-1.3003802344981408,-0.1816688197547863,-1.1187114147433546,0.7866666666666666,0.026976744186046512
866,-1.450305550885108,-0.18766739320043208,-1.262638157684676,0.8933333333333333,0.026046511627906978
867,-1.3923561679714895,-0.18663822075509318,-1.2057179472163964,0.84,0.03162790697674418
868,-1.2820980024337314,-0.1754590230391713,-1.1066389793945601,0.7733333333333333,0.017674418604651163
869,-1.4675809059534408,-0.19031235724693313,-1.2772685487065076,0.84,0.02883720930232558
870,-1.2639399396610875,-0.18437365272502454,-1.079566286936063,0.8133333333333334,0.024186046511627906
871,-1.3684485500548684,-0.20200638186405492,-1.1664421681908135,0.8533333333333334,0.03813953488372093
872,-1.364877658678676,-0.18296953685450007,-1.1819081218241758,0.8266666666666667,0.030697674418604652
873,-1.4221508562678125,-0.18924019447581078,-1.2329106617920016,0.8666666666666667,0.024186046511627906
874,-1.499539232307397,-0.18129477792372745,-1.3182444543836696,0.8933333333333333,0.020465116279069766
875,-1.4058315496193623,-0.18565322213384852,-1.2201783274855138,0.8533333333333334,0.026976744186046512
876,-1.311578066460964,-0.18585639212388122,-1.1257216743370828,0.84,0.03162790697674418
877,-1.3164800734640563,-0.1761370977669926,-1.1403429756970636,0.8266666666666667,0.02883720930232558
878,-1.42405717205306,-0.1994934780075963,-1.2245636940454636,0.8266666666666667,0.03441860465116279
879,-1.4987921288696138,-0.18392281136818495,-1.3148693175014288,0.96,0.021395348837209303
880,-1.338297222705362,-0.19042983360507174,-1.1478673891002902,0.8266666666666667,0.03348837209302326
881,-1.3592086565255763,-0.17591133328927533,-1.1832973232363009,0.8533333333333334,0.023255813953488372
882,-1.3809991943403013,-0.1786373578139678,-1.2023618365263335,0.8533333333333334,0.026046511627906978
883,-1.1876062636852547,-0.17553268027898605,-1.0120735834062686,0.7733333333333333,0.024186046511627906
884,-1.4507808520569119,-0.18513068754790168,-1.2656501645090101,0.8666666666666667,0.025116279069767444
885,-1.324656892098825,-0.1761636396266686,-1.1484932524721565,0.84,0.023255813953488372
886,-1.5041162521691243,-0.18958079728825292,-1.3145354548808714,0.92,0.026976744186046512
887,-1.4209607680663703,-0.18847898768406146,-1.232481780382309,0.8933333333333333,0.02883720930232558
888,-1.474413356040091,-0.1787407305757625,-1.2956726254643285,0.88,0.027906976744186046
889,-1.3372947458822257,-0.19243309801996958,-1.1448616478622562,0.8266666666666667,0.03441860465116279
890,-1.4527814931456955,-0.18070174447806236,-1.2720797486676332,0.8933333333333333,0.027906976744186046
891,-1.2198517491229355,-0.1791348362614796,-1.040716912861456,0.7333333333333333,0.023255813953488372
892,-1.2657451807682816,-0.1818413816369981,-1.0839037991312834,0.7866666666666666,0.022325581395348838
893,-1.3532932130082216,-0.1832848894517833,-1.1700083235564382,0.8,0.027906976744186046
894,-1.3394788788130991,-0.18461254690509998,-1.154866331907999,0.8133333333333334,0.03162790697674418
895,-1.1511166329595452,-0.18188984835857636,-0.9692267846009689,0.7733333333333333,0.026976744186046512
896,-1.403783571508893,-0.20132319576889254,-1.2024603757400005,0.8,0.03348837209302326
897,-1.2648405063944965,-0.19107175312565883,-1.0737687532688378,0.8,0.029767441860465118
898,-1.4018018713825586,-0.1773099994939224,-1.2244918718886362,0.84,0.024186046511627906
899,-1.3170929831699525,-0.18162597472428235,-1.1354670084456702,0.8266666666666667,0.020465116279069766
900,-1.4183958424425882,-0.17497470997302414,-1.243421132469564,0.84,0.023255813953488372
901,-1.396084331225431,-0.18067047768120853,-1.2154138535442225,0.8266666666666667,0.029767441860465118
902,-1.4408109419264377,-0.18389431235885265,-1.256916629567585,0.88,0.026046511627906978
903,-1.452160869689309,-0.18678628028457384,-1.265374589404735,0.84,0.026046511627906978
904,-1.2879500006881341,-0.18364230541459337,-1.104307695273541,0.8133333333333334,0.022325581395348838
905,-1.430018491292728,-0.17272740357804583,-1.2572910877146821,0.8666666666666667,0.025116279069767444
906,-1.376065731828229,-0.18328451970684628,-1.1927812121213828,0.84,0.026046511627906978
907,-1.320306851362065,-0.1801789648059983,-1.1401278865560667,0.84,0.027906976744186046
908,-1.3645278357039174,-0.19056704062407,-1.1739607950798474,0.8666666666666667,0.02883720930232558
909,-1.3843407054159669,-0.191039597932647,-1.19330110748332,0.88,0.023255813953488372
910,-1.4384299599256363,-0.1858063670628487,-1.2526235928627876,0.9066666666666666,0.03162790697674418
911,-1.3914848089915346,-0.1908818701149521,-1.2006029388765824,0.84,0.03255813953488372
912,-1.4356102913953395,-0.1795207706692469,-1.2560895207260925,0.8933333333333333,0.026976744186046512
913,-1.293210254881722,-0.18379495720328362,-1.1094152976784384,0.7866666666666666,0.022325581395348838
914,-1.3175591085691203,-0.17096226010896887,-1.1465968484601514,0.88,0.022325581395348838
915,-1.3365537639492941,-0.19431978474981618,-1.142233979199478,0.8133333333333334,0.03813953488372093
916,-1.4356675122328955,-0.18270979084089106,-1.2529577213920045,0.84,0.030697674418604652
917,-1.2886093297758392,-0.16824387115879935,-1.12036545861704,0.8266666666666667,0.022325581395348838
918,-1.3849600705043719,-0.1811389321009694,-1.2038211384034025,0.8933333333333333,0.029767441860465118
919,-1.2751373045099228,-0.1920382845732381,-1.0830990199366848,0.8,0.04093023255813953
920,-1.337645134459594,-0.18441974113529158,-1.1532253933243024,0.8,0.029767441860465118
921,-1.4825757311025478,-0.18237122870972794,-1.30020450239282,0.9066666666666666,0.025116279069767444
922,-1.380952991976803,-0.1766571260754019,-1.2042958659014011,0.8666666666666667,0.025116279069767444
923,-1.3160701390523923,-0.18659941380670322,-1.129470725245689,0.8133333333333334,0.027906976744186046
924,-1.3939215377198073,-0.1835241845808766,-1.2103973531389307,0.8933333333333333,0.03348837209302326
925,-1.319813546287131,-0.19213190915940143,-1.1276816371277296,0.8,0.029767441860465118
926,-1.338522256357839,-0.1743313896255957,-1.1641908667322434,0.8266666666666667,0.025116279069767444
927,-1.3482104259632963,-0.17863961755544527,-1.169570808407851,0.8266666666666667,0.021395348837209303
928,-1.31333223617835,-0.18611860614918352,-1.1272136300291664,0.84,0.029767441860465118
929,-1.3170168758272531,-0.18550662723896236,-1.1315102485882909,0.8266666666666667,0.03162790697674418
930,-1.4031188849757306,-0.1784971274797612,-1.2246217574959695,0.84,0.026046511627906978
931,-1.3328755240788146,-0.18155190067386248,-1.1513236234049522,0.8133333333333334,0.01953488372093023
932,-1.311535090278081,-0.18292696443939893,-1.128608125838682,0.8,0.03255813953488372
933,-1.2918759984468713,-0.19623557065957456,-1.0956404277872966,0.7866666666666666,0.029767441860465118
934,-1.2896857453097583,-0.18746471770285905,-1.1022210276068993,0.8,0.030697674418604652
935,-1.4305241049245745,-0.18507975188690473,-1.2454443530376698,0.9066666666666666,0.026976744186046512
936,-1.4163740040393134,-0.176578880488609,-1.2397951235507043,0.8933333333333333,0.030697674418604652
937,-1.4992872075111423,-0.1761494777941881,-1.3231377297169542,0.92,0.020465116279069766
938,-1.4116883838285739,-0.19183579148718108,-1.2198525923413928,0.8533333333333334,0.035348837209302326
939,-1.4260054891245375,-0.17982685520757663,-1.246178633916961,0.8933333333333333,0.027906976744186046
940,-1.3630464161613236,-0.18869698108141175,-1.174349435079912,0.8133333333333334,0.027906976744186046
941,-1.459118288549113,-0.18136303844739146,-1.2777552501017215,0.8666666666666667,0.026976744186046512
942,-1.403137286455609,-0.18567724749044803,-1.217460038965161,0.84,0.027906976744186046
943,-1.4482592562551113,-0.19237983523019972,-1.2558794210249116,0.9066666666666666,0.035348837209302326
944,-1.373926198692728,-0.17699221935606152,-1.1969339793366665,0.8266666666666667,0.024186046511627906
945,-1.5048720619216538,-0.17998692368849947,-1.3248851382331543,0.8666666666666667,0.018604651162790697
946,-1.3619023542369018,-0.20243372733439516,-1.1594686269025065,0.8,0.03813953488372093
947,-1.3987159653565495,-0.1889464765280108,-1.2097694888285386,0.8266666666666667,0.030697674418604652
948,-1.342925094342199,-0.17355131953662684,-1.1693737748055724,0.8,0.018604651162790697
949,-1.3674902251514,-0.17630387867721642,-1.1911863464741836,0.88,0.026976744186046512
950,-1.5297772662755094,-0.19678364298800227,-1.332993623287507,0.8933333333333333,0.03162790697674418
951,-1.3218811856203936,-0.18118133802513464,-1.140699847595259,0.7733333333333333,0.017674418604651163
952,-1.426042346128751,-0.18380034066172707,-1.242242005467024,0.8666666666666667,0.03255813953488372
953,-1.3483893769396424,-0.18244680279123004,-1.1659425741484124,0.8,0.04186046511627907
954,-1.3374804238404467,-0.18297920876744253,-1.1545012150730043,0.8,0.030697674418604652
955,-1.3536019225953175,-0.19523538884967054,-1.158366533745647,0.84,0.030697674418604652
956,-1.337068193294275,-0.1908063649128717,-1.1462618283814032,0.8133333333333334,0.024186046511627906
957,-1.3958145329628535,-0.18722635932622111,-1.2085881736366324,0.8666666666666667,0.027906976744186046
958,-1.3515397908968618,-0.18809646294244262,-1.1634433279544192,0.8133333333333334,0.024186046511627906
959,-1.461798886932673,-0.201008814626651,-1.2607900723060221,0.8533333333333334,0.035348837209302326
960,-1.3898290309539547,-0.18134075382991538,-1.2084882771240393,0.8533333333333334,0.029767441860465118
961,-1.452287109253833,-0.17701141371869608,-1.275275695535137,0.8666666666666667,0.025116279069767444
962,-1.3174372174999276,-0.1880202026262014,-1.1294170148737261,0.8266666666666667,0.025116279069767444
963,-1.169599060939782,-0.19201412873778761,-0.9775849322019943,0.7333333333333333,0.027906976744186046
964,-1.4773856681615711,-0.18452538951766348,-1.2928602786439076,0.8533333333333334,0.03255813953488372
965,-1.4688061117593443,-0.18185667080740714,-1.286949440951937,0.8933333333333333,0.024186046511627906
966,-1.171391962544318,-0.17744917889498701,-0.9939427836493311,0.7733333333333333,0.014883720930232559
967,-1.249556919587313,-0.18148931580000255,-1.0680676037873105,0.7866666666666666,0.024186046511627906
968,-1.4616956748617327,-0.19326706527442983,-1.268428609587303,0.88,0.029767441860465118
969,-1.342258395849005,-0.172759555975816,-1.1694988398731891,0.8133333333333334,0.023255813953488372
970,-1.210341310597041,-0.18338115834088126,-1.0269601522561598,0.7466666666666667,0.027906976744186046
971,-1.3754407922753553,-0.1823098453550353,-1.19313094692032,0.8133333333333334,0.018604651162790697
972,-1.407101196000992,-0.1832873808606858,-1.2238138151403062,0.8533333333333334,0.017674418604651163
973,-1.4739199155832332,-0.18744000651745873,-1.2864799090657746,0.88,0.03627906976744186
974,-1.2584722245222553,-0.17039054890400054,-1.0880816756182548,0.7733333333333333,0.026976744186046512
975,-1.4972481282241017,-0.1942750338457947,-1.302973094378307,0.8933333333333333,0.037209302325581395
976,-1.3817646882130035,-0.1719032022082382,-1.2098614860047652,0.8666666666666667,0.021395348837209303
977,-1.3019982462568043,-0.18572448972917333,-1.1162737565276308,0.8133333333333334,0.03348837209302326
978,-1.4873357990024727,-0.1867114091211223,-1.3006243898813503,0.8533333333333334,0.027906976744186046
979,-1.3170943688221526,-0.19746737527865713,-1.1196269935434955,0.8,0.02883720930232558
980,-1.3018759085496403,-0.1862700603855657,-1.1156058481640745,0.8,0.03255813953488372
981,-1.4115449786713457,-0.18188188358034452,-1.2296630950910012,0.8933333333333333,0.021395348837209303
982,-1.453106689710517,-0.1872004748484524,-1.2659062148620646,0.8533333333333334,0.03162790697674418
983,-1.3527235783066638,-0.17724025717431127,-1.1754833211323525,0.8933333333333333,0.023255813953488372
984,-1.3937735188168123,-0.19666215414914615,-1.197111364667666,0.8533333333333334,0.029767441860465118
985,-1.3444205826264308,-0.17477646788867923,-1.1696441147377517,0.84,0.01953488372093023
986,-1.2865972903419556,-0.1906385840298301,-1.0959587063121254,0.76,0.037209302325581395
987,-1.3086548838753906,-0.19263032519243684,-1.1160245586829538,0.7733333333333333,0.026046511627906978
988,-1.3818869087730838,-0.18838620524657954,-1.1935007035265044,0.88,0.03441860465116279
989,-1.4028414945660628,-0.17881359953873274,-1.22402789502733,0.88,0.021395348837209303
990,-1.3752782863782937,-0.18315903573188988,-1.1921192506464038,0.88,0.023255813953488372
991,-1.3085555167752672,-0.19176261422444768,-1.1167929025508194,0.8,0.030697674418604652
992,-1.363449318297571,-0.18147149081651504,-1.181977827481056,0.8933333333333333,0.03441860465116279
993,-1.3748980482981141,-0.17766592022469768,-1.1972321280734164,0.8533333333333334,0.023255813953488372
994,-1.4443077455318525,-0.1869274420911298,-1.2573803034407227,0.8533333333333334,0.035348837209302326
995,-1.3176437352699133,-0.17680326412575836,-1.1408404711441549,0.8133333333333334,0.020465116279069766
996,-1.3178922001426843,-0.180009019264506,-1.1378831808781782,0.76,0.030697674418604652
997,-1.4685386951677182,-0.18341312208704325,-1.285125573080675,0.84,0.023255813953488372
998,-1.3390999865185218,-0.183768465303649,-1.155331521214873,0.84,0.02883720930232558
999,-1.3512892731716495,-0.18091168304007682,-1.1703775901315727,0.9066666666666666,0.025116279069767444
1000,-1.3820449102020997,-0.1906243885343793,-1.1914205216677205,0.8,0.02883720930232558
