SAMPLE_ID,PATIENT_ID,BRAF_MUT,NRAS_MUT,MAPK_DRIVEN,CD274,PDCD1,antiPD1_0.010,antiPD1_0.120,antiPD1_0.230,antiPD1_0.340,antiPD1_0.450,antiPD1_0.560,antiPD1_0.670,antiPD1_0.780,antiPD1_0.890,antiPD1_1.000
TCGA-3N-A9WB-06,TCGA-3N-A9WB,0,1,1,0.1675166614794414,0.0096750083283049,1.8173548151688176e-09,1.7713184431412152e-09,1.767449560792048e-09,1.7660113125946117e-09,1.765260657781834e-09,1.7647996396980172e-09,1.764487735869109e-09,1.7642626719554144e-09,1.7640926128949364e-09,1.763959589967887e-09
TCGA-3N-A9WC-06,TCGA-3N-A9WC,0,1,1,4.848440246470672,3.236375627117108,0.6085479755834091,0.44945815146910445,0.039498375613544114,0.0,0.0,0.0,0.0,0.0,0.0,0.0
TCGA-3N-A9WD-06,TCGA-3N-A9WD,0,1,1,0.5430731658616517,0.6498575231895404,0.49911846858296494,0.4149530957519513,0.3967724698528892,0.3888314058625545,0.38438010997983535,0.38153257971642446,0.37955438424257265,0.37810014082876114,0.3769860293409886,0.3761052138241259
TCGA-BF-A1PU-01,TCGA-BF-A1PU,1,0,1,0.0569736596076181,0.0077777365001359,4.748233740974145e-10,4.722278766676269e-10,4.720073556358205e-10,4.719252787868421e-10,4.718824195613383e-10,4.718560902110185e-10,4.718382738725096e-10,4.718254162077312e-10,4.718157000497888e-10,4.718080994443669e-10
TCGA-BF-A1PX-01,TCGA-BF-A1PX,1,0,1,1.291967146779452,2.3418371133604183,0.0,0.0,0.0,0.0,0.0,0.0,0.0,0.0,0.0,0.0
TCGA-BF-A1PZ-01,TCGA-BF-A1PZ,0,1,1,0.3314599064409608,0.2689981702738955,0.48522797821964314,0.4711086286403189,0.46908471167227994,0.4682746625619051,0.46783836796941947,0.46756564322084126,0.46737902406669896,0.46724329185310925,0.4671401301762223,0.4670590714490612
TCGA-BF-A1Q0-01,TCGA-BF-A1Q0,0,0,0,3.633398866615646,0.179199360384014,0.6396753013619898,0.6396753013619898,0.6363783040125047,0.6269221641555548,0.6218810305486508,0.6187481031871023,0.6166123460503848,0.6150630424752068,0.6138878025540102,0.6129657478979764
TCGA-BF-A3DJ-01,TCGA-BF-A3DJ,1,0,1,0.7257497278633307,0.1465480787957015,0.44939989438503963,0.41990028802317214,0.4136023781399073,0.41116220077973015,0.409866280858494,0.40906263032070367,0.40851552874397523,0.40811903818969647,0.407818491300464,0.4075828216981358
TCGA-BF-A3DL-01,TCGA-BF-A3DL,1,0,1,0.1641793456957393,0.0352199049693152,0.4244107575881214,0.4140385273720816,0.41308776221088306,0.41273088589052265,0.41254387699378037,0.41242876910478216,0.4123507818394146,0.4122944522002296,0.4122518584328543,0.41221852233917344
TCGA-BF-A3DM-01,TCGA-BF-A3DM,1,0,1,0.2095011150145619,0.0211011602252861,0.5991609689932288,0.5990431295086287,0.5990327192180797,0.5990288279745443,0.5990267924401974,0.5990255407371172,0.5990246932129156,0.5990240813147589,0.5990236187728467,0.5990232568512517
TCGA-BF-A3DN-01,TCGA-BF-A3DN,1,0,1,0.5134489048179862,0.0416764982709219,0.6170237338573733,0.6155792207477547,0.6153701156888903,0.6152914771336315,0.6152502365536253,0.6152248409820791,0.6152076302722486,0.6151951966672915,0.6151857936169557,0.6151784334871279
TCGA-BF-A5EO-01,TCGA-BF-A5EO,0,1,1,0.2634102509030158,0.8776259643793239,0.05246174552559928,0.030394763844263102,0.025620930199369993,0.0235843247103282,0.02246059246122068,0.021749452939455235,0.021259248406510934,0.02090098354895671,0.02062776011368483,0.02041253536322028
TCGA-BF-A5EP-01,TCGA-BF-A5EP,0,0,0,0.1959317038978458,0.028896863314704,0.6862966984323791,0.6856409639988013,0.6855818299109397,0.6855596750028938,0.6855480744817563,0.6855409372128571,0.6855361029436876,0.6855326118559852,0.6855299724362119,0.6855279069133312
TCGA-BF-A5EQ-01,TCGA-BF-A5EQ,1,0,1,0.523211989233023,0.8354404127454147,0.5698016667553951,0.5262589836014239,0.51549829127052,0.5106233867910057,0.5078422884899153,0.5060445184625881,0.504786903159259,0.5038577970350087,0.5031433518243094,0.5025768784860997
TCGA-BF-A5ER-01,TCGA-BF-A5ER,1,0,1,0.2130585787801718,0.0276871129697225,0.5736183474380206,0.5731139888557952,0.5730686493610966,0.5730516687673344,0.573042778891158,0.5730373098101786,0.5730336056464407,0.5730309307673891,0.5730289084928878,0.5730273259604075
TCGA-BF-A5ES-01,TCGA-BF-A5ES,0,0,0,0.3043003456295228,0.2042441869566779,0.3165390107365645,0.30179221553641156,0.2998806277362765,0.29912832828667424,0.2987261092883476,0.29847573217292467,0.2983048668093166,0.2981808275710606,0.2980866849938831,0.29801279277968806
TCGA-BF-AAP0-06,TCGA-BF-AAP0,1,0,1,1.212819161457943,3.1486088384750093,0.0,0.0,0.0,0.0,0.0,0.0,0.0,0.0,0.0,0.0
TCGA-D3-A1Q1-06,TCGA-D3-A1Q1,0,1,1,0.0914204376752471,0.0407554111270697,0.5377514073988153,0.5373997154457191,0.5373670221265867,0.5373547304159197,0.537348284976227,0.5373443161824766,0.5373416266183654,0.5373396836395605,0.5373382142707022,0.5373370641572279
TCGA-D3-A1Q3-06,TCGA-D3-A1Q3,0,0,0,0.8830518420373015,0.9826885896368012,0.5622323271938607,0.5238638011826995,0.5134998226392162,0.5086778356440796,0.5058903719249355,0.5040741221822784,0.5027968058395608,0.50184953841288,0.501119032916383,0.5005385260233265
TCGA-D3-A1Q4-06,TCGA-D3-A1Q4,1,0,1,0.2207254715413918,0.0873421782487358,0.5357561355224918,0.527763949600365,0.5269350036433911,0.5266191074866711,0.5264525202303655,0.526349619880753,0.5262797456941564,0.5262291966057131,0.5261909294658231,0.5261609529331563
TCGA-D3-A1Q5-06,TCGA-D3-A1Q5,1,0,1,0.0637743179182884,0.0444631162685451,0.5226917273367954,0.5208196355785337,0.5206439849456229,0.5205778735576513,0.5205431907934712,0.5205218294130277,0.5205073509391731,0.5204968903119942,0.5204889788558972,0.520482785958772
TCGA-D3-A1Q6-06,TCGA-D3-A1Q6,1,0,1,0.1248605970719792,0.0744469582348043,0.555679229409222,0.5520481804976048,0.5516822907017611,0.5515433714090955,0.5514702264656095,0.551425084315792,0.5513944477241249,0.5513722928857748,0.5513555258201825,0.5513423942385108
TCGA-D3-A1Q7-06,TCGA-D3-A1Q7,1,0,1,3.567880912869639,3.378886613301165,0.0012321944788877114,0.0,0.0,0.0,0.0,0.0,0.0,0.0,0.0,0.0
TCGA-D3-A1Q8-06,TCGA-D3-A1Q8,0,1,1,0.0757596207304078,0.1015753102778597,0.6143484140423457,0.6130614206800992,0.6129237689588191,0.6128710997261563,0.612843277217042,0.6128260749359029,0.6128143866204652,0.6128059273304295,0.6127995213828957,0.6127945020744107
TCGA-D3-A1Q9-06,TCGA-D3-A1Q9,1,0,1,1.8659774852000592,0.5071291412751715,0.5969085706145931,0.5519561561842893,0.5048646107937698,0.4849154814225056,0.47389221739433923,0.4668994269191215,0.4620682543681016,0.458530575414994,0.45582824375170167,0.4536966287036218
TCGA-D3-A1QA-06,TCGA-D3-A1QA,1,0,1,2.019889639507698,0.1787717555591047,0.6555345002989229,0.6542803812615198,0.6496362756111385,0.6478210153592093,0.6468533356275523,0.6462519658500453,0.6458420116893551,0.6455446298306876,0.6453190499152882,0.6451420685918813
TCGA-D3-A1QB-06,TCGA-D3-A1QB,0,1,1,1.9120011756206168,6.322143325147113,0.0,0.0,0.0,0.0,0.0,0.0,0.0,0.0,0.0,0.0
TCGA-D3-A2J6-06,TCGA-D3-A2J6,0,0,0,0.4181375908538053,1.4584678292739794,0.0,0.0,0.0,0.0,0.0,0.0,0.0,0.0,0.0,0.0
TCGA-D3-A2J7-06,TCGA-D3-A2J7,1,0,1,1.5686564687071027,0.4241252954517059,0.6417562717316196,0.5814661037634273,0.5397380884371172,0.5223924700134156,0.5128905815586419,0.5068931155967682,0.5027632050297953,0.4997460582222893,0.4974453352554354,0.49563294343050307
TCGA-D3-A2J8-06,TCGA-D3-A2J8,0,1,1,6.330163786727936,1.343799067613778,0.6208762132696656,0.6208762132696656,0.6208762132696656,0.26978824741819785,0.0,0.0,0.0,0.0,0.0,0.0
TCGA-D3-A2J9-06,TCGA-D3-A2J9,0,0,0,1.990600386262588,7.866790894343288,0.0,0.0,0.0,0.0,0.0,0.0,0.0,0.0,0.0,0.0
TCGA-D3-A2JA-06,TCGA-D3-A2JA,1,0,1,1.350954043728864,0.4262345730334014,0.5552920711748772,0.49621938050899383,0.46772181167301125,0.4558700340201204,0.44937620659735333,0.4452768596772077,0.4424537733062053,0.4403912170740639,0.4388183466523252,0.43757927737799807
TCGA-D3-A2JC-06,TCGA-D3-A2JC,0,0,0,1.210786780813375,0.6431320299350146,0.6482668490325869,0.5441529194867055,0.5114296490708036,0.49715639882213236,0.48916092091261254,0.4840481329176236,0.4804971610752974,0.47788718875606295,0.47588793384146705,0.4743074923535896
TCGA-D3-A2JD-06,TCGA-D3-A2JD,1,0,1,0.253498805891476,0.5732132510855592,0.5872551037503896,0.5804245391973801,0.5790420656063654,0.5784478860273089,0.5781173464201128,0.5779068391888885,0.5777610286884127,0.5776540621051524,0.5775722419194462,0.5775076334341688
TCGA-D3-A2JE-06,TCGA-D3-A2JE,1,0,1,0.0108861581778122,0.0265624044806754,0.5234502636844868,0.5234347889751324,0.5234334019672633,0.5234328826770782,0.5234326108499688,0.523432443633902,0.523432330385394,0.5234322486083094,0.5234321867843734,0.5234321384049384
TCGA-D3-A2JF-06,TCGA-D3-A2JF,0,0,0,1.0829127088296302,1.046685580658941,0.0,0.0,0.0,0.0,0.0,0.0,0.0,0.0,0.0,0.0
TCGA-D3-A2JG-06,TCGA-D3-A2JG,1,0,1,0.1497070087981553,0.0786822822148584,0.6229733239297734,0.6223442957399413,0.6222802991267332,0.62225597158943,0.6222431558936141,0.6222352442968733,0.6222298739564451,0.6222259899019298,0.622223050123394,0.6222207475899416
TCGA-D3-A2JH-06,TCGA-D3-A2JH,1,0,1,1.6376297886039215,6.462402498807838,0.0,0.0,0.0,0.0,0.0,0.0,0.0,0.0,0.0,0.0
TCGA-D3-A2JK-06,TCGA-D3-A2JK,1,0,1,0.0618328679618995,0.0232128333522192,0.0,0.0,0.0,0.0,0.0,0.0,0.0,0.0,0.0,0.0
TCGA-D3-A2JL-06,TCGA-D3-A2JL,0,1,1,0.4623522391621646,4.027845807026611,0.0,0.0,0.0,0.0,0.0,0.0,0.0,0.0,0.0,0.0
TCGA-D3-A2JN-06,TCGA-D3-A2JN,1,0,1,0.0869839772572377,0.7249339109355207,0.0,0.0,0.0,0.0,0.0,0.0,0.0,0.0,0.0,0.0
TCGA-D3-A2JO-06,TCGA-D3-A2JO,0,1,1,2.366846049544683,1.49556883614111,0.5930799634611145,0.0,0.0,0.0,0.0,0.0,0.0,0.0,0.0,0.0
TCGA-D3-A2JP-06,TCGA-D3-A2JP,1,0,1,0.23459958022727,0.8829201193543914,0.0,0.0,0.0,0.0,0.0,0.0,0.0,0.0,0.0,0.0
TCGA-D3-A3BZ-06,TCGA-D3-A3BZ,0,0,0,0.8470193603898447,0.8769372451235177,0.23865173512802776,4.692875341597264e-10,0.0,0.0,0.0,0.0,0.0,0.0,0.0,0.0
TCGA-D3-A3C6-06,TCGA-D3-A3C6,1,0,1,0.0697055512279463,0.0130844680877008,0.45769726468177996,0.45757950872533465,0.45756932917166915,0.4575655332790916,0.4575635495916955,0.45756233044114974,0.457561505247883,0.45756090961763785,0.4575604594537195,0.4575601072659794
TCGA-D3-A3C7-06,TCGA-D3-A3C7,1,0,1,0.1212632514255891,1.1380876091990777,0.15438446673554035,0.13344694301213236,0.12731431840759108,0.12438539754368391,0.12266966745924418,0.12154267949690503,0.12074577702884601,0.1201524656727891,0.11969356245854884,0.11932804267469162
TCGA-D3-A3C8-06,TCGA-D3-A3C8,0,0,0,4.813439907897811,9.258482900119526,0.0,0.0,0.0,0.0,0.0,0.0,0.0,0.0,0.0,0.0
TCGA-D3-A3CB-06,TCGA-D3-A3CB,1,0,1,40.73311964375539,2.013982792144245,0.5594341967750636,0.5594341967750636,0.5594341967750636,0.5594341967750636,0.5594341967750636,0.5594341967750636,0.5594341967750636,0.5594341967750636,0.5594341967750636,0.5594341967750636
TCGA-D3-A3CC-06,TCGA-D3-A3CC,0,0,0,0.0441795522532726,0.044228951721571,0.5938347769526707,0.5937172139525407,0.5937061899246497,0.5937020409860773,0.5936998644694638,0.5936985239575508,0.5936976153847663,0.5936969589499884,0.593696462485703,0.5936960738669859
TCGA-D3-A3CE-06,TCGA-D3-A3CE,1,0,1,0.9668341019054904,1.496652820361118,0.19328411220542396,2.542072037558407e-05,4.03025159912279e-11,0.0,0.0,0.0,0.0,0.0,0.0,0.0
TCGA-D3-A3CF-06,TCGA-D3-A3CF,0,0,0,0.5099057985294573,0.9297769842015956,0.2370720195739802,0.1571946242674551,0.1362649584837706,0.12661764829615565,0.12106670442344553,0.11745998631347711,0.11492825851262445,0.11305324627074612,0.11160876107509916,0.11046178300712957
TCGA-D3-A3ML-06,TCGA-D3-A3ML,0,1,1,0.0335263042592177,0.0143846502654012,0.6127904575797521,0.6127771950729011,0.6127760444926875,0.612775615281351,0.6127753909445872,0.6127752530575888,0.6127751597221872,0.6127750923493768,0.6127750414290406,0.6127750015903987
TCGA-D3-A3MO-06,TCGA-D3-A3MO,1,0,1,0.0109340164347487,0.034890517499147,0.5673520329691882,0.5668426693451555,0.5667960181380279,0.5667785089787502,0.5667693342553253,0.5667636871575333,0.5667598612217764,0.566757097803589,0.5667550082548711,0.5667533728747987
TCGA-D3-A3MR-06,TCGA-D3-A3MR,1,0,1,0.8932360791133791,2.211531430161867,0.0,0.0,0.0,0.0,0.0,0.0,0.0,0.0,0.0,0.0
TCGA-D3-A3MU-06,TCGA-D3-A3MU,1,0,1,0.6186668779680132,0.3223134250816344,0.5925677230539591,0.5835442617925859,0.5821517932980325,0.5815869556208668,0.5812809239196631,0.5810889777756467,0.5809573451045087,0.580861458136102,0.5807884970570611,0.5807311177104871
TCGA-D3-A3MV-06,TCGA-D3-A3MV,0,1,1,0.0838014031709635,0.024057861934778,0.60455474872939,0.6040270241610127,0.6039800352718259,0.6039624559111322,0.6039532566783841,0.603947598685178,0.6039437671804532,0.6039410006500661,0.6039389092547243,0.6039372727336585
TCGA-D3-A51E-06,TCGA-D3-A51E,0,1,1,1.0964087372857103,1.342864804971119,0.38821273134093837,0.19812661640757584,0.1371395929943799,0.10707269824222244,0.0891667890360189,0.07728496590341322,0.06882512048704977,0.062495440830646044,0.0575818867879146,0.05365767609814072
TCGA-D3-A51F-06,TCGA-D3-A51F,0,0,0,1.8574746682176824,12.071092563570566,0.0,0.0,0.0,0.0,0.0,0.0,0.0,0.0,0.0,0.0
TCGA-D3-A51H-06,TCGA-D3-A51H,0,0,0,0.5806562550338497,4.382656001028733,0.0,0.0,0.0,0.0,0.0,0.0,0.0,0.0,0.0,0.0
TCGA-D3-A51J-06,TCGA-D3-A51J,1,0,1,1.115970002170871,3.314967477499247,0.0,0.0,0.0,0.0,0.0,0.0,0.0,0.0,0.0,0.0
TCGA-D3-A51K-06,TCGA-D3-A51K,0,0,0,0.0496976092780458,2.0709129247155027,0.0,0.0,0.0,0.0,0.0,0.0,0.0,0.0,0.0,0.0
TCGA-D3-A51N-06,TCGA-D3-A51N,1,0,1,0.8411997963463718,0.4887331505094306,0.5248134374717034,0.49624581619926533,0.4905899561972094,0.48820384487797813,0.48688785681072044,0.48605395914225497,0.4854782538118416,0.4850569032649199,0.4847351685758483,0.48448145744720333
TCGA-D3-A51R-06,TCGA-D3-A51R,0,1,1,0.0076477494584454,0.0057421219344963,0.4943714663985092,0.4943690541408235,0.4943688498177272,0.4943687737947351,0.4943687341022216,0.4943687097199854,0.49436869322195875,0.49436868131623335,0.4943686723196363,0.4943686652819977
TCGA-D3-A51T-06,TCGA-D3-A51T,0,0,0,0.4397998332184759,0.4112654097300288,0.4231884300218813,0.40424280965665993,0.4009839500491881,0.3996333718138508,0.3988945388895701,0.39842856475758964,0.3981078560938307,0.39787364436802475,0.39769509468393854,0.397554471788857
TCGA-D3-A5GL-06,TCGA-D3-A5GL,0,0,0,0.2986977390174951,0.0511922028409273,1.3537305429292907e-09,1.2200025425849968e-09,1.2079666281710892e-09,1.2034599293748138e-09,1.201100798112939e-09,1.1996495517576247e-09,1.1986666791889484e-09,1.1979569428065064e-09,1.1974203776983102e-09,1.1970004962283716e-09
TCGA-D3-A5GN-06,TCGA-D3-A5GN,1,0,1,0.9056425345865392,0.4614143526199871,0.6077659561217891,0.50379771111846,0.48024525568688653,0.47037024222480456,0.4649394438232009,0.46150380079656045,0.45913446776179956,0.45740171121085943,0.45607936667811577,0.4550370616569856
TCGA-D3-A5GO-06,TCGA-D3-A5GO,0,1,1,0.3529753834843597,0.6413533375961061,0.5311214844321659,0.49571539889700583,0.48811997940375684,0.48480822647574645,0.4829533983721585,0.48176743192112953,0.4809438015437575,0.48033846058575835,0.47987478242395504,0.47950824805152065
TCGA-D3-A5GR-06,TCGA-D3-A5GR,1,0,1,0.9547626542308854,0.465246626113817,0.6244704193887357,0.5638965553920839,0.5490315169335374,0.5427934871688953,0.5393614858683619,0.5371898219434957,0.5356919430201769,0.5345963864613663,0.5337602510331974,0.5331011473672238
TCGA-D3-A5GS-06,TCGA-D3-A5GS,1,0,1,0.5092150443543412,1.3710184503758616,0.2329566112681795,0.1881225624596319,0.1735735310038571,0.16637099688282123,0.16207223241566968,0.15921580948339126,0.157180097761592,0.15565582106022272,0.15447175942520625,0.15352543324876616
TCGA-D3-A5GT-01,TCGA-D3-A5GT,1,0,1,0.0,0.0089186149195368,0.0011528663812527997,0.0011528663812527997,0.0011528663812527997,0.0011528663812527997,0.0011528663812527997,0.0011528663812527997,0.0011528663812527997,0.0011528663812527997,0.0011528663812527997,0.0011528663812527997
TCGA-D3-A5GU-06,TCGA-D3-A5GU,1,0,1,0.2375811496344111,0.6486597505707469,0.34610389904883315,0.31123487037965114,0.30371007975531455,0.3004241599881319,0.29858248173774526,0.2974044264908225,0.296586062177766,0.2959844723473421,0.2955235991132827,0.29515924004473504
TCGA-D3-A8GB-06,TCGA-D3-A8GB,1,0,1,0.4476709212092916,3.330975708549423,0.0,0.0,0.0,0.0,0.0,0.0,0.0,0.0,0.0,0.0
TCGA-D3-A8GC-06,TCGA-D3-A8GC,0,1,1,0.9256520718116712,0.1350165229082665,0.6944300703865095,0.6923734706448544,0.6917197448950528,0.6914672585540846,0.6913333512606064,0.6912503735005198,0.6911939124247156,0.6911530085097555,0.6911220104507971,0.6910977084984294
TCGA-D3-A8GD-06,TCGA-D3-A8GD,1,0,1,1.5882049713904134,3.5692246601536497,0.0,0.0,0.0,0.0,0.0,0.0,0.0,0.0,0.0,0.0
TCGA-D3-A8GE-06,TCGA-D3-A8GE,0,0,0,0.3835105466850491,0.479087487610286,0.2927043554788084,0.14221616828053335,0.11437386086679534,0.1026531721628773,0.09619544203933729,0.09210576901850072,0.08928341810273392,0.08721835886362614,0.08564183802909082,0.08439883568182834
TCGA-D3-A8GI-06,TCGA-D3-A8GI,0,0,0,0.0711540611378897,0.0641089827619971,0.0,0.0,0.0,0.0,0.0,0.0,0.0,0.0,0.0,0.0
TCGA-D3-A8GJ-06,TCGA-D3-A8GJ,1,0,1,2.632283895266573,2.8602690359528355,0.0,0.0,0.0,0.0,0.0,0.0,0.0,0.0,0.0,0.0
TCGA-D3-A8GK-06,TCGA-D3-A8GK,0,1,1,0.0488904000110509,0.0275314025292793,0.6457293672255462,0.6457082400912812,0.645706341634142,0.6457056306548953,0.6457052584419849,0.6457050294578198,0.6457048743697757,0.645704762376941,0.645704677707892,0.6457046114502389
TCGA-D3-A8GL-06,TCGA-D3-A8GL,0,1,1,0.1637183111539181,0.0024584283000737,0.607952753686668,0.6079422862108183,0.6079414077821057,0.6079410812662911,0.6079409108580701,0.6079408062037184,0.6079407354004785,0.6079406843107623,0.6079406457075117,0.6079406155116109
TCGA-D3-A8GM-06,TCGA-D3-A8GM,0,0,0,1.3774499700441163,0.4724979415479933,0.6352149424704955,0.5975500145478426,0.5795305805851452,0.5719563387261344,0.5677860340966887,0.5651460370456344,0.5633246078258679,0.5619921343246959,0.5609750286079109,0.5601731769158471
TCGA-D3-A8GN-06,TCGA-D3-A8GN,1,0,1,1.2118300908145898,1.4327097291068238,1.585069584467094e-08,0.0,0.0,0.0,0.0,0.0,0.0,0.0,0.0,0.0
TCGA-D3-A8GP-06,TCGA-D3-A8GP,0,0,0,0.0782418689901787,0.1795029957428782,0.4218906120939889,0.41994410105685526,0.41970220840777206,0.41960764021291647,0.41955722347552576,0.4195258902220215,0.41950452966370777,0.41948903432226564,0.41947728009613255,0.41946805806917375
TCGA-D3-A8GQ-06,TCGA-D3-A8GQ,0,1,1,0.1270541005149001,0.1234526271601241,0.545105053684555,0.5339452383475718,0.532696617537554,0.5322159152441335,0.5319613214272602,0.531803679503964,0.5316964671675264,0.5316188226475158,0.5315599965667196,0.531513886941649
TCGA-D3-A8GS-06,TCGA-D3-A8GS,1,0,1,0.6581962029222936,1.6487220320431486,0.0,0.0,0.0,0.0,0.0,0.0,0.0,0.0,0.0,0.0
TCGA-D3-A8GV-06,TCGA-D3-A8GV,1,0,1,0.2573099184188491,0.1425960280399922,0.6253819162502693,0.6209407153475109,0.620424850348179,0.6202251916062229,0.6201192069430869,0.6200534988949634,0.6200087743183206,0.6199763657461447,0.6199518015900443,0.6199325412413449
TCGA-D9-A148-06,TCGA-D9-A148,1,0,1,1.5774480305063294,0.3199208742755943,0.6698363801708015,0.6577167696450347,0.6478823269464734,0.6438954688751701,0.6417359395798687,0.6403816652459912,0.6394530229954791,0.6387766061060255,0.638261941950925,0.6378572065897656
TCGA-D9-A149-06,TCGA-D9-A149,0,0,0,0.9274355895201696,0.5818749437783648,0.5910904873764397,0.46943439615701954,0.44354244918904345,0.43239354605670266,0.42618606284215543,0.4222307567678344,0.41949014527988987,0.41747915438344124,0.41594064695779537,0.4147256126071478
TCGA-D9-A1JW-06,TCGA-D9-A1JW,0,0,0,1.2472021285163233,1.0232092373305872,0.571501289724105,0.3659737606844428,0.309207444198132,0.2826104047184719,0.26718111446336285,0.2571062541024608,0.25001071696083116,0.24474317571254794,0.24067783231612253,0.2374452787039881
TCGA-D9-A1JX-06,TCGA-D9-A1JX,1,0,1,0.7674869137376129,1.6587713443148264,0.0,0.0,0.0,0.0,0.0,0.0,0.0,0.0,0.0,0.0
TCGA-D9-A1X3-06,TCGA-D9-A1X3,0,0,0,0.1001306404376818,0.0035801423575739,0.5802237035853053,0.5802170349048166,0.5802164734874655,0.580216264735558,0.5802161557729786,0.5802160888496286,0.5802160435708283,0.580216010897744,0.5802159862094282,0.5802159668975743
TCGA-D9-A3Z1-06,TCGA-D9-A3Z1,0,1,1,0.7232658843283288,1.3640773580499528,0.0,0.0,0.0,0.0,0.0,0.0,0.0,0.0,0.0,0.0
TCGA-D9-A3Z3-06,TCGA-D9-A3Z3,1,0,1,0.7584927519840219,1.268423236713099,0.4942586654059515,0.44864799194710026,0.4344657188109063,0.42755172250337575,0.42345831883055984,0.4207519188147441,0.4188296969409992,0.4173939587417423,0.4162807672817542,0.4153924058969556
TCGA-D9-A3Z4-01,TCGA-D9-A3Z4,0,1,1,0.5481828324272339,0.3468456049734548,0.5383951106816215,0.4990657480292813,0.492801697471163,0.4902454038194142,0.48885666355533247,0.487984290192465,0.48738543570971954,0.48694889683796405,0.48661655766217526,0.4863550881078009
TCGA-D9-A4Z2-01,TCGA-D9-A4Z2,1,0,1,0.1328066629986619,0.0239314969234953,0.5230013107905884,0.5222586059200326,0.5221924971916272,0.5221677656962326,0.5221548239721578,0.5221468642264319,0.5221414740405907,0.5221375820825441,0.5221346399135561,0.5221323376653965
TCGA-D9-A4Z3-01,TCGA-D9-A4Z3,0,1,1,0.1027899642481175,0.1723636720485591,0.6270395625964963,0.6245325003954386,0.6242248547151714,0.6241048120440119,0.6240408673284051,0.6240011452333156,0.6239740739863943,0.6239544401484947,0.6239395489255174,0.6239278671035756
TCGA-D9-A4Z5-01,TCGA-D9-A4Z5,0,0,0,0.1986995064240041,0.0399612878808095,0.5729307102468689,0.5719569812766522,0.5718666441036343,0.5718326879645973,0.571814884019438,0.5718039217939098,0.5717964931920677,0.5717911267951401,0.5717870685538791,0.571783892105419
TCGA-D9-A4Z6-06,TCGA-D9-A4Z6,0,0,0,0.310767591416869,0.107691736155729,0.11465252641996705,0.1004804600799373,0.09894864068158037,0.09836178556417215,0.09805161657175082,0.09785978743220461,0.09772942239263116,0.09763505994895207,0.09756359552817401,0.09750759630329035
TCGA-D9-A6E9-06,TCGA-D9-A6E9,1,0,1,4.028038053313652,13.022124022892651,0.0,0.0,0.0,0.0,0.0,0.0,0.0,0.0,0.0,0.0
TCGA-D9-A6EA-06,TCGA-D9-A6EA,0,1,1,0.2355519595403055,0.0552682230626818,0.6351727485767873,0.6338244432233412,0.6336945481493287,0.6336455034686995,0.633619740113927,0.633603860612857,0.6335930926319279,0.6335853102746346,0.6335794229978924,0.6335748137274004
TCGA-D9-A6EC-06,TCGA-D9-A6EC,0,0,0,0.2873138549675438,0.061634983417879,0.576390600705879,0.5760760513417146,0.5760452839731917,0.5760336455554961,0.5760275271115503,0.576023754319847,0.5760211952614492,0.5760193453940785,0.5760179457892924,0.5760168498905662
TCGA-D9-A6EG-06,TCGA-D9-A6EG,1,0,1,0.0611628523647891,0.0088311775183649,0.6126516140122192,0.612549793535148,0.6125410943363973,0.612537854595889,0.6125361624395654,0.6125351227643911,0.6125344191819116,0.6125339113969959,0.6125335276612054,0.6125332274657751
TCGA-DA-A1HV-06,TCGA-DA-A1HV,0,1,1,0.8617134405445676,2.4110264486850284,0.016980936537223778,4.564252676524323e-08,5.044386961626423e-11,0.0,0.0,0.0,0.0,0.0,0.0,0.0
TCGA-DA-A1HW-06,TCGA-DA-A1HW,1,0,1,1.542604028906128,1.6792592449592902,0.2827106875977962,0.0,0.0,0.0,0.0,0.0,0.0,0.0,0.0,0.0
TCGA-DA-A1HY-06,TCGA-DA-A1HY,1,0,1,0.6417552963893902,0.0446152333911319,0.5737169579925511,0.5724722599081307,0.5722281991197495,0.5721363354147089,0.5720881418034612,0.5720584586814452,0.5720383397030872,0.5720238037717916,0.5720128100932549,0.572004204484283
TCGA-DA-A1I0-06,TCGA-DA-A1I0,1,0,1,0.0971985245627084,0.5290998844217019,0.5560405927068321,0.5544897480421026,0.5541883536907687,0.554060052964388,0.5539889981296144,0.5539438641601443,0.5539126551781088,0.5538897881190393,0.5538723126809347,0.5538585230942277
TCGA-DA-A1I1-06,TCGA-DA-A1I1,0,1,1,1.626223570700733,0.8217498717126043,0.6722943494423218,0.6185652750388541,0.5927031687243199,0.5810170449761886,0.5743585933322429,0.5700576491783403,0.5670504707934653,0.5648296142475515,0.5631223264507962,0.561768927569493
TCGA-DA-A1I2-06,TCGA-DA-A1I2,1,0,1,0.518333637575967,0.2813843369248397,0.5005639975882703,0.4756687091436932,0.47203603736811844,0.4705775143919028,0.46979085931308334,0.46929873808124445,0.4689618187546879,0.46871668176728454,0.46853031867855655,0.4683838547892359
TCGA-DA-A1I4-06,TCGA-DA-A1I4,1,0,1,0.5091927105011042,0.0434450095425706,0.5332451128007302,0.516845064850013,0.514500558616618,0.5136183970991053,0.513155663095056,0.5128706814210838,0.5126775329993324,0.5125379885033251,0.5124324522806614,0.5123498425099665
TCGA-DA-A1I5-06,TCGA-DA-A1I5,1,0,1,2.558167408024317,0.7290362821548887,0.4235194179809714,0.36431984730587147,0.13178400995569137,0.030039605911387813,0.0015575652669566052,8.475873179066576e-05,9.45291648639366e-06,1.807264354782187e-06,5.00855447695048e-07,1.8028000561572023e-07
TCGA-DA-A1I7-06,TCGA-DA-A1I7,1,0,1,0.1527093167833023,0.2375069314668845,0.6324677937844516,0.6295578626296825,0.6291599953014003,0.6290020408352345,0.6289172682333195,0.6288643844198316,0.6288282445602377,0.6288019833445806,0.6287820373764273,0.6287663731450159
TCGA-DA-A1I8-06,TCGA-DA-A1I8,1,0,1,0.1585001658726133,0.0260323900968592,0.6824529627332325,0.6821301346170798,0.6821012396225867,0.6820904231554753,0.6820847615485407,0.6820812789035384,0.6820789203071331,0.682077217185078,0.6820759296304824,0.6820749220822571
TCGA-DA-A1IA-06,TCGA-DA-A1IA,0,0,0,0.393244916145924,0.0606336455085676,0.623440071968832,0.6220744257593674,0.621935753594514,0.6218833131222328,0.6218557479464895,0.6218387516946747,0.6218272237556036,0.6218188908024413,0.6218125862524495,0.6218076498374181
TCGA-DA-A1IB-06,TCGA-DA-A1IB,0,0,0,1.8045274832936515,3.219211545489796,0.0,0.0,0.0,0.0,0.0,0.0,0.0,0.0,0.0,0.0
TCGA-DA-A1IC-06,TCGA-DA-A1IC,0,0,0,0.7230888087776639,0.1129068381379562,0.5739143777944976,0.5582199739994763,0.5547822660319461,0.5534626972864528,0.5527646914862421,0.5523327969400292,0.5520391978260486,0.5518266366192938,0.551665630587262,0.5515394518444411
TCGA-DA-A3F2-06,TCGA-DA-A3F2,0,0,0,0.3683873374931294,8.802910084561397,0.0,0.0,0.0,0.0,0.0,0.0,0.0,0.0,0.0,0.0
TCGA-DA-A3F3-06,TCGA-DA-A3F3,0,1,1,0.8422829882283669,0.2315372327348174,0.5991711086881522,0.5959955988925105,0.5952086821433035,0.5948967596960548,0.594729467641921,0.5946251457728912,0.5945538718045515,0.5945020892430284,0.5944627643347006,0.594431884252221
TCGA-DA-A3F5-06,TCGA-DA-A3F5,1,0,1,0.2334860781158819,0.1113437448704306,0.6212156566127958,0.6156018982769307,0.6149890790185399,0.6147539508755672,0.6146295994672122,0.6145526644447602,0.6145003680183995,0.6144625079859181,0.61443383161807,0.6144113588444923
TCGA-DA-A3F8-06,TCGA-DA-A3F8,1,0,1,6.130164130990491,6.334899603537264,0.0,0.0,0.0,0.0,0.0,0.0,0.0,0.0,0.0,0.0
TCGA-DA-A95V-06,TCGA-DA-A95V,0,0,0,2.62395655855963,0.9175417369006194,2.251031285588086e-08,5.067545015509826e-11,0.0,0.0,0.0,0.0,0.0,0.0,0.0,0.0
TCGA-DA-A95W-06,TCGA-DA-A95W,1,0,1,0.5429583060450043,0.4886001977487445,0.34638763697120856,0.2574043532087933,0.24078191067649926,0.2337693945891403,0.22990190456765217,0.2274512245386943,0.22575933571316975,0.22452107295796,0.22357556190334318,0.2228299594497027
TCGA-DA-A95X-06,TCGA-DA-A95X,0,1,1,1.294171817148991,0.2096197904698235,0.5602742503432641,0.5481813016202484,0.5413484183689842,0.5386555218831091,0.5372148673714258,0.53631776168542,0.5357054098570224,0.5352608045044827,0.5349233210937442,0.5346584075790087
TCGA-DA-A95Y-06,TCGA-DA-A95Y,0,0,0,0.1432174291575721,0.0209089177199697,0.601180624470602,0.6006612558044521,0.6006153968076074,0.6005982562389132,0.600589290110857,0.6005837766778275,0.6005800435811359,0.6005773483641448,0.600575311022733,0.6005737168852107
TCGA-DA-A95Z-06,TCGA-DA-A95Z,0,0,0,0.2766366778450207,0.1298163930837743,0.5591980340905391,0.5485448181442903,0.5473377116443414,0.5468721672797776,0.546625415483317,0.5464725646127377,0.5463685824103749,0.5462932629029992,0.5462361903341113,0.5461914503439116
TCGA-EB-A1NK-01,TCGA-EB-A1NK,0,1,1,0.1833274342960148,0.1616555848365447,0.6694681259039165,0.6668224797542274,0.6665040389947757,0.6663801450034821,0.6663142311795113,0.6662733146912266,0.6662454420836947,0.6662252334519558,0.6662099098680268,0.6661978910355764
TCGA-EB-A24C-01,TCGA-EB-A24C,1,0,1,0.1410143540632639,0.0119537707355597,0.6009627439527558,0.600925172867618,0.6009219350656807,0.600920728118466,0.6009200974708768,0.6009197099125068,0.6009194476030585,0.6009192582727936,0.6009191151848735,0.600919003241581
TCGA-EB-A24D-01,TCGA-EB-A24D,1,0,1,0.1977279838081941,0.2412451798101392,0.5772621496929345,0.5701871572644557,0.5692142175799398,0.5688275822849973,0.5686199908448448,0.5684904575962363,0.5684019230872231,0.5683375820057378,0.5682887095953966,0.5682503260767534
TCGA-EB-A299-01,TCGA-EB-A299,1,0,1,0.1871544995757,0.4274149779492224,0.2575247972709758,0.22700371203042902,0.22165810735112468,0.21943432500850046,0.21821571746740356,0.21744639366765783,0.21691656047339283,0.21652944967518553,0.2162342382382918,0.21600167334577877
TCGA-EB-A3HV-01,TCGA-EB-A3HV,1,0,1,0.1583246855971796,0.1097303451529156,0.5872660348944845,0.5844867489490104,0.5841843628607821,0.5840683952137448,0.5840070756060222,0.5839691418406925,0.5839433582237076,0.5839246930578058,0.5839105559832202,0.5838994775028146
TCGA-EB-A3XB-01,TCGA-EB-A3XB,1,0,1,1.196611165108797,0.2676716370985816,0.5600383173207945,0.5419530119173027,0.5338974153896087,0.5306743489575435,0.528938655655924,0.5278537776599795,0.5271114618328635,0.5265715800143622,0.5261612609545655,0.525838862028697
TCGA-EB-A3XC-01,TCGA-EB-A3XC,1,0,1,0.0818503815631873,0.1474937202782391,0.5593516978434387,0.5570025807061045,0.5567271702385427,0.5566204323947362,0.556563740175235,0.5565285809201649,0.5565046445758476,0.556487297163954,0.5564741472372797,0.5564638357444375
TCGA-EB-A3XD-01,TCGA-EB-A3XD,1,0,1,0.5982282117056846,0.3780469828067176,0.5563483492668072,0.4267956245809338,0.4053558708423877,0.3965402957846009,0.3917348829950729,0.38871036825429517,0.38663151412512575,0.3851147693782525,0.38395929983986155,0.383049763344709
TCGA-EB-A3XE-01,TCGA-EB-A3XE,1,0,1,0.0418935228469412,0.4151941039196717,0.0,0.0,0.0,0.0,0.0,0.0,0.0,0.0,0.0,0.0
TCGA-EB-A3XF-01,TCGA-EB-A3XF,1,0,1,1.331833074807519,0.0439013609103309,0.5784239190384045,0.5703089835555347,0.5641257348002474,0.5617988673363351,0.5605782508978899,0.5598264926121143,0.5593169727976046,0.5589488534635975,0.558670445352571,0.5584525162909404
TCGA-EB-A3Y6-01,TCGA-EB-A3Y6,1,0,1,0.4163652400719253,0.2746570470113856,0.4007548913595793,0.36661622640033925,0.3616824500274683,0.3597049132782011,0.35863913045858253,0.35797267626806717,0.35751653053779675,0.35718471121925,0.35693248517479476,0.3567342812905508
TCGA-EB-A3Y7-01,TCGA-EB-A3Y7,0,0,0,0.3527536402272208,0.0264857470330726,1.291787693488191e-06,1.2325902117112273e-06,1.2273073388477286e-06,1.2253353168408845e-06,1.224304315275866e-06,1.2236705220077e-06,1.2232414675503315e-06,1.2229317401263556e-06,1.2226976368111925e-06,1.2225144740482245e-06
TCGA-EB-A41A-01,TCGA-EB-A41A,0,0,0,0.0921861697862303,0.0536416478463602,6.976160543549152e-05,6.164812720313982e-05,6.0920449373038075e-05,6.064804245817524e-05,6.050545725684848e-05,6.041774830299425e-05,6.03583481011673e-05,6.031545577849903e-05,6.028302936048748e-05,6.025765478713271e-05
TCGA-EB-A41B-01,TCGA-EB-A41B,0,0,0,0.391340157519853,0.4684207235536199,0.4067367657803195,0.38400889716151326,0.37984980451377853,0.37810320150787996,0.37714194824086444,0.37653357981959806,0.3761139119512874,0.37580693759699324,0.3755726379843594,0.3753879356780145
TCGA-EB-A42Y-01,TCGA-EB-A42Y,0,0,0,0.2676935648988285,0.129452270207661,0.5276188511152391,0.5228313783422337,0.522289303426065,0.5220802627363631,0.5219694699827189,0.521900840860112,0.5218541542016384,0.5218203370879477,0.5217947127290814,0.5217746255572061
TCGA-EB-A42Z-01,TCGA-EB-A42Z,1,0,1,0.2987599547515125,0.119893445823379,0.5255512629215033,0.5163360476907891,0.5153123553090481,0.5149186391958496,0.5147102039023882,0.5145811734428707,0.5144934331302258,0.5144298972444209,0.5143817641106001,0.5143440382089227
TCGA-EB-A431-01,TCGA-EB-A431,1,0,1,0.4996082969119635,0.0390749361429023,0.5541290399336575,0.5517669290084762,0.5514362988824111,0.5513120533241911,0.5512469157448353,0.5512068117284681,0.5511796361092809,0.5511600050609727,0.5511451597271482,0.5511335402303088
TCGA-EB-A44N-01,TCGA-EB-A44N,1,0,1,0.3725095286905893,0.4125428342279722,0.4107049561343802,0.3808049535818588,0.37565438114888206,0.3735191735231204,0.37235095102341403,0.37161410798425026,0.3711069463844853,0.3707365557458439,0.37045418342121506,0.37023178684030117
TCGA-EB-A44O-01,TCGA-EB-A44O,0,1,1,0.7437348608200505,0.0680418691558058,0.6024223433264237,0.5997638678718805,0.599129790594788,0.5988894916395373,0.5987630655376419,0.5986850741169342,0.5986321583950749,0.5985938997968591,0.5985649493183557,0.5985422784443266
TCGA-EB-A44P-01,TCGA-EB-A44P,1,0,1,1.561273534937039,0.3360434926108651,0.4419910620463289,0.4248712747992826,0.41169247805666637,0.4063285435676506,0.40341795447010476,0.4015908282355834,0.40033712027767965,0.39942350458307674,0.3987281243213587,0.39818112719282933
TCGA-EB-A44Q-06,TCGA-EB-A44Q,0,1,1,1.1905044515237055,3.304864265459724,0.17014630867205222,0.09429452122465545,0.05581207261900606,0.03255676199369789,0.01728417620085725,0.007827644907988457,0.003145061490966984,0.0012566017893935718,0.0005399673315648757,0.0002557314015523847
TCGA-EB-A44R-06,TCGA-EB-A44R,0,1,1,0.1703817757947038,2.9257332984329976,0.0,0.0,0.0,0.0,0.0,0.0,0.0,0.0,0.0,0.0
TCGA-EB-A4IQ-01,TCGA-EB-A4IQ,0,0,0,0.2481354905641306,0.0302120176501393,0.6090994996516074,0.6084745889863442,0.6084180413801834,0.6083968472514872,0.608385748006785,0.6083789185365184,0.6083742924822163,0.6083709516243359,0.6083684257108044,0.6083664489695517
TCGA-EB-A4IS-01,TCGA-EB-A4IS,1,0,1,1.2005674476822106,2.612803224046992,0.128840793289698,0.01295737599440951,3.5413690354159765e-05,4.059872471106849e-07,2.065968713543231e-08,2.481807919862589e-09,5.174169099367678e-10,1.6381153616550032e-10,6.651302572997652e-11,2.8254890208827993e-11
TCGA-EB-A4OY-01,TCGA-EB-A4OY,0,0,0,0.0420195495902072,0.9569843892374914,0.0,0.0,0.0,0.0,0.0,0.0,0.0,0.0,0.0,0.0
TCGA-EB-A4OZ-01,TCGA-EB-A4OZ,0,0,0,0.2665800627874403,2.39659927749166,0.0,0.0,0.0,0.0,0.0,0.0,0.0,0.0,0.0,0.0
TCGA-EB-A4P0-01,TCGA-EB-A4P0,1,0,1,0.1619571272986565,0.3097937067836947,0.0,0.0,0.0,0.0,0.0,0.0,0.0,0.0,0.0,0.0
TCGA-EB-A4XL-01,TCGA-EB-A4XL,0,1,1,0.3575873241778027,0.3917692648139261,0.5443251755400985,0.5184666103070241,0.5141172871714511,0.5123230720110274,0.5113435918064821,0.5107265857309182,0.5103022611550107,0.5099925505257411,0.5097565417907796,0.5095707241099431
TCGA-EB-A551-01,TCGA-EB-A551,0,1,1,3.7921127993692414,3.7467525288481376,0.46032133128802066,0.0,0.0,0.0,0.0,0.0,0.0,0.0,0.0,0.0
TCGA-EB-A553-01,TCGA-EB-A553,1,0,1,0.1104536664588751,0.1895582968776501,0.027304228859605116,0.00658822156336742,0.005279380803806977,0.004829771950896765,0.004603449241693582,0.004467335699002167,0.004376502965219763,0.004311592559890298,0.004262899145515697,0.0042250227896448046
TCGA-EB-A57M-01,TCGA-EB-A57M,0,0,0,0.0886717784518633,0.1724936303776982,0.48595169492190493,0.48048686010678165,0.4798161060429967,0.4795543700667523,0.47941494559607156,0.4793283351661013,0.47926930844020355,0.47922649823555263,0.47919402887744666,0.47916855735709446
TCGA-EB-A5FP-01,TCGA-EB-A5FP,1,0,1,0.2650836946205605,0.0099516938032463,0.6115084092998734,0.6111908511421067,0.6111636355143872,0.6111534965060045,0.6111482000408284,0.6111449455971265,0.6111427430994898,0.6111411534731008,0.6111399521536965,0.6111390123467804
TCGA-EB-A5KH-06,TCGA-EB-A5KH,0,0,0,0.0195612648851602,0.0771096067663824,0.21590794685988646,0.2157880270423569,0.21577586978341642,0.21577125508447187,0.21576882207755824,0.21576732025279247,0.2157663008931417,0.21576556368455097,0.21576500572266744,0.21576456871986283
TCGA-EB-A5SE-01,TCGA-EB-A5SE,1,0,1,0.4673582128377178,0.0584842425441425,0.5503293674081006,0.5403500546596819,0.539090090495436,0.5386139181856942,0.5383636850941936,0.538209417791684,0.5381047936474769,0.5380291711526454,0.5379719593831251,0.5379271646450428
TCGA-EB-A5SF-01,TCGA-EB-A5SF,0,0,0,0.0770198881630678,0.0481899857719213,0.0,0.0,0.0,0.0,0.0,0.0,0.0,0.0,0.0,0.0
TCGA-EB-A5SG-06,TCGA-EB-A5SG,0,1,1,2.3798794481837104,8.751226196060454,0.0,0.0,0.0,0.0,0.0,0.0,0.0,0.0,0.0,0.0
TCGA-EB-A5SH-06,TCGA-EB-A5SH,0,0,0,0.0740845817376319,0.2533989785730375,0.5305802070186338,0.5291712530148251,0.5289738882353671,0.5288952107393557,0.5288529092150669,0.5288264932159575,0.5288084290523523,0.5287952965484279,0.5287853186991938,0.5287774806888401
TCGA-EB-A5UL-06,TCGA-EB-A5UL,0,1,1,0.4323068254574583,1.686936967445757,0.20505631700078966,0.15505365324209272,0.13689672726307123,0.12751061576090642,0.12177647101391362,0.11791003282977199,0.11512658514628649,0.11302700494708588,0.11138683591596939,0.11007016252984023
TCGA-EB-A5UM-01,TCGA-EB-A5UM,0,0,0,0.2581346757133873,1.345068706589699,0.0,0.0,0.0,0.0,0.0,0.0,0.0,0.0,0.0,0.0
TCGA-EB-A5UN-06,TCGA-EB-A5UN,1,0,1,1.5705149643514686,0.1752838416931778,0.5822180363078152,0.5744567722446194,0.5666543950495895,0.563607518792568,0.5619839471714455,0.560975200466235,0.5602876384952368,0.5597889305650704,0.559410662959309,0.5591139061485346
TCGA-EB-A5VU-01,TCGA-EB-A5VU,0,1,1,0.1068946074180341,0.0220713560465089,0.6393518411352711,0.6389171881553631,0.6388786900747894,0.6388642957871129,0.6388567651411133,0.6388521340430264,0.6388489982080628,0.6388467341213907,0.6388450226311446,0.6388436834322777
TCGA-EB-A5VV-06,TCGA-EB-A5VV,0,0,0,1.164944951769176,2.798943077870605,0.0,0.0,0.0,0.0,0.0,0.0,0.0,0.0,0.0,0.0
TCGA-EB-A6L9-06,TCGA-EB-A6L9,0,0,0,0.7082894404576808,1.6491472413228203,0.0,0.0,0.0,0.0,0.0,0.0,0.0,0.0,0.0,0.0
TCGA-EB-A6QY-01,TCGA-EB-A6QY,1,0,1,0.2347989896311719,0.0836260886989288,0.5837983559594991,0.5818761543786874,0.5816784161925773,0.5816031418005743,0.5815634637505547,0.5815389608863503,0.5815223249524205,0.5815102913611742,0.5815011823304574,0.5814940472301889
TCGA-EB-A6QZ-01,TCGA-EB-A6QZ,1,0,1,0.0975813906182,0.020933472058655,0.5159814565461129,0.5157151073491165,0.5156915878149656,0.5156827969305326,0.515678198457983,0.5156753707699412,0.5156734561653462,0.5156720738602202,0.5156710289614121,0.5156702113698718
TCGA-EB-A6R0-01,TCGA-EB-A6R0,1,0,1,4.603565498479145,0.8218456935221079,0.6219667910342337,0.6219667910342337,0.6135081584212317,0.43039215785385165,0.3260564650837631,0.2586617641606017,0.21153987766668347,0.17673941014980885,0.14998643218406787,0.12877881700078916
TCGA-EE-A17X-06,TCGA-EE-A17X,0,1,1,0.2199581441551773,0.0391144626393225,0.6230137446170189,0.6187802865548421,0.6183883682364353,0.6182410898326697,0.6181638765676275,0.6181163376443634,0.6180841238658681,0.6180608533381527,0.6180432557523459,0.6180294820485285
TCGA-EE-A17Y-06,TCGA-EE-A17Y,1,0,1,0.0521000937762558,0.0325985795930855,0.587121200665796,0.5868243293062675,0.5867972992855874,0.5867871612325223,0.5867818504328788,0.5867785821148959,0.5867763680352063,0.5867747689486025,0.5867735598669458,0.5867726136194111
TCGA-EE-A17Z-06,TCGA-EE-A17Z,0,0,0,0.0237568387432561,0.0156075761091894,0.008290917169741712,0.008282119854981916,0.008281354471704673,0.00828106886456881,0.008280919566379953,0.00828082779472775,0.008280765671858212,0.00828072082793446,0.008280686934131797,0.008280660416086577
TCGA-EE-A180-06,TCGA-EE-A180,0,0,0,0.5849347832039686,0.1016292100457054,0.5720830542871747,0.5678167023119475,0.5671188247740477,0.5668517940770961,0.5667107342675755,0.5666235185801946,0.5665642586008153,0.5665213697717797,0.5664888914060108,0.5664634433227574
TCGA-EE-A181-06,TCGA-EE-A181,0,0,0,1.3428245211505914,1.8027076799152488,0.3655168994600023,0.18746111775136032,0.12047902600687319,0.08534702319472083,0.06371189782237517,0.049054279652263576,0.0384903375019442,0.03056887319876244,0.024490660276818527,0.01977340839411113
TCGA-EE-A182-06,TCGA-EE-A182,0,0,0,0.1115049528362459,0.5497698465042222,0.0,0.0,0.0,0.0,0.0,0.0,0.0,0.0,0.0,0.0
TCGA-EE-A184-06,TCGA-EE-A184,0,1,1,0.7096741393583755,0.9671714453603306,0.5300532826891081,0.455946499913871,0.43610361813757115,0.4268965092243623,0.4215813609344411,0.4181209765913101,0.41568873242364685,0.4138856784971277,0.4124956316018862,0.41139126906757206
TCGA-EE-A185-06,TCGA-EE-A185,0,1,1,0.0528817786395513,0.0066176937188344,0.6630412872785104,0.6630351606441721,0.6630346404294439,0.66303444682087,0.6630343457245192,0.6630342836195195,0.6630342415951,0.6630342112675595,0.6630341883500123,0.6630341704223628
TCGA-EE-A20B-06,TCGA-EE-A20B,1,0,1,0.2316068438935104,0.3530608470923745,0.37976940943345444,0.3021748889882574,0.2897195882532091,0.28462901290213216,0.28186161715753066,0.28012253045448765,0.27892840511957184,0.2780577848639481,0.2773948898615454,0.27687330060677634
TCGA-EE-A20F-06,TCGA-EE-A20F,1,0,1,0.4837879524440027,1.050398675777201,0.4133078905497723,0.3586667062385078,0.34335502891199404,0.3361476934723964,0.33195684056978486,0.3292164521647504,0.3272846006274067,0.3258494561300868,0.3247412746276725,0.3238597467514907
TCGA-EE-A20H-06,TCGA-EE-A20H,1,0,1,0.0711923477434389,0.0935436459825395,0.6486345571649809,0.6483190534791596,0.6482858837583435,0.6482732210230765,0.6482665383732908,0.6482624088049413,0.6482596038844048,0.6482575743427073,0.648256037709228,0.6482548338616302
TCGA-EE-A20I-06,TCGA-EE-A20I,0,0,0,0.9063061690827248,0.3402386912081895,0.5618943827428674,0.5296562840984457,0.5215307966295138,0.5182202193725228,0.5164230019405648,0.5152944997096766,0.5145200298609388,0.5139555818732185,0.5135259252513671,0.5131879273828193
TCGA-EE-A29A-06,TCGA-EE-A29A,1,0,1,0.4000471697318254,0.005091132516182,0.6009421503876158,0.6005538365402633,0.6005116388311247,0.6004959413041697,0.6004877461005244,0.6004827121931788,0.6004793061411852,0.600476848228109,0.6004749909258826,0.6004735380571226
TCGA-EE-A29B-06,TCGA-EE-A29B,0,0,0,0.1866216776484741,0.0882243377824773,0.0,0.0,0.0,0.0,0.0,0.0,0.0,0.0,0.0,0.0
TCGA-EE-A29C-06,TCGA-EE-A29C,1,0,1,0.2205611581925766,0.0728652994916874,0.4694051779445844,0.45995875193305086,0.45901029787383313,0.45865035739842064,0.45846087480462033,0.4583439461652582,0.45826459571199113,0.45820721619831234,0.4581637921719503,0.45812978438664903
TCGA-EE-A29D-06,TCGA-EE-A29D,0,0,0,0.2517455984123706,0.0169269226487906,0.6029547886836589,0.6023954203308793,0.6023465559729307,0.6023283137936838,0.602318776115867,0.6023129128272843,0.6023089435383546,0.602306078142741,0.6023039123547911,0.6023022178290046
TCGA-EE-A29E-06,TCGA-EE-A29E,1,0,1,0.0,0.0136653878078157,0.5640662791061709,0.5640662791061709,0.5640662791061709,0.5640662791061709,0.5640662791061709,0.5640662791061709,0.5640662791061709,0.5640662791061709,0.5640662791061709,0.5640662791061709
TCGA-EE-A29G-06,TCGA-EE-A29G,0,1,1,0.2448986771199951,0.2646017458766137,0.6318453836797275,0.6237847699055806,0.6226367294434483,0.6221777557929793,0.6219306735046426,0.6217762674617657,0.6216706302563334,0.6215938078078725,0.6215354253432086,0.6214895549795257
TCGA-EE-A29H-06,TCGA-EE-A29H,1,0,1,0.5571498745018942,0.396869380624749,0.6314483165314287,0.6196175728424156,0.6176158359138564,0.6167890643782892,0.6163374745896864,0.6160529141036934,0.6158571772864916,0.6157142900895809,0.6156053940647342,0.6155196493977104
TCGA-EE-A29L-06,TCGA-EE-A29L,0,1,1,0.0811484604614527,0.0161280083120552,0.6378368274117382,0.63783063510321,0.6378300953368102,0.6378298938778216,0.6378297885581135,0.6378297238163583,0.6378296799894619,0.6378296483519709,0.6378296244394368,0.6378296057303805
TCGA-EE-A29M-06,TCGA-EE-A29M,1,0,1,1.1716403219145863,0.5355564777233085,0.5981998658745193,0.31159179109046703,0.21804688823051374,0.1781691723058151,0.15606975537189796,0.14202683454262086,0.13231406516673885,0.12519617247492634,0.11975581787414459,0.11546247916396532
TCGA-EE-A29N-06,TCGA-EE-A29N,0,0,0,1.5565786399315726,0.5892837663119125,0.5860981020692341,0.478615844253621,0.4188701074128092,0.39310326078654345,0.3787461591043633,0.36959407563434815,0.3632508277214858,0.3585953683450791,0.35503317117976374,0.35221959903313277
TCGA-EE-A29P-06,TCGA-EE-A29P,1,0,1,1.3947347771743326,3.908607542825712,0.0,0.0,0.0,0.0,0.0,0.0,0.0,0.0,0.0,0.0
TCGA-EE-A29Q-06,TCGA-EE-A29Q,0,1,1,0.3698805151095467,0.0219252277870161,0.6233342227823687,0.6221508499242485,0.6220356816748243,0.6219926225733429,0.621970095789995,0.6219562427023301,0.6219468624823068,0.6219400899521796,0.6219349704125978,0.6219309645093153
TCGA-EE-A29R-06,TCGA-EE-A29R,0,1,1,0.1029207768170771,0.0463651791871893,0.6107829815356699,0.6104513706499947,0.6104201099022394,0.6104083374143836,0.6104021599999881,0.6103983547907413,0.6103957754545393,0.6103939117893195,0.6103925022245942,0.610391398815369
TCGA-EE-A29S-06,TCGA-EE-A29S,0,1,1,0.2746314168793832,0.3816522783892862,0.6169813439862104,0.6005085743620495,0.5977707467116454,0.5966440380098034,0.5960296249378692,0.5956428284898486,0.5953769311304674,0.5951829108789228,0.5950350932624133,0.594918730666319
TCGA-EE-A29T-06,TCGA-EE-A29T,1,0,1,1.5158544538291123,0.3975700776067433,0.6549898169683143,0.5479974923386968,0.4779553807173301,0.4490212894652947,0.4332160517293077,0.4232562594574897,0.41640515713998705,0.41140377681831647,0.4075921093100344,0.4045907702240281
TCGA-EE-A29V-06,TCGA-EE-A29V,0,0,0,0.2556827376830096,0.022282762913726,0.3547089664166212,0.3543540537400932,0.3543226007500833,0.3543108398548155,0.35430468675765964,0.3543009027517437,0.3542983404808625,0.35429649049809425,0.35429509203464926,0.3542939977675531
TCGA-EE-A29X-06,TCGA-EE-A29X,0,1,1,1.4101882083391135,0.6992536659885868,0.6906851616586499,0.6082693427766773,0.5753545095645054,0.5608323652406139,0.5526529854131237,0.5474057446230972,0.5437536228376038,0.5410652332823263,0.5390035721365394,0.5373723598929961
TCGA-EE-A2A0-06,TCGA-EE-A2A0,0,0,0,0.8607865856352316,0.0568175419450913,0.5895616063628158,0.30447672705848605,0.21761848037765466,0.1848084727849087,0.1675699993980493,0.156943778180119,0.14973759194240582,0.14452921159246407,0.14058898786454926,0.13750402301642287
TCGA-EE-A2A1-06,TCGA-EE-A2A1,0,1,1,1.6406767642955424,1.7130903325771143,0.5434386828086042,0.3936847801337417,0.3388570727632981,0.3104195125339853,0.2930146004352676,0.28126507274828333,0.27279975376349397,0.2664104980486781,0.261417013064881,0.257406965600616
TCGA-EE-A2A2-06,TCGA-EE-A2A2,0,1,1,0.524791311711926,0.3823392009861643,0.6416607230998529,0.6259777413421868,0.6233690516201019,0.6222953112737099,0.621709739415056,0.6213410839281357,0.6210876502695409,0.6209027209299081,0.620761827332295,0.6206509141055095
TCGA-EE-A2A5-06,TCGA-EE-A2A5,0,1,1,0.156399188393103,0.0622727973373866,0.647819674914512,0.6467584158116467,0.646654453196263,0.6466151198241616,0.6465944402355546,0.6465816881125656,0.6465730381970204,0.6465667853094093,0.6465620543239704,0.6465583498943637
TCGA-EE-A2A6-06,TCGA-EE-A2A6,1,0,1,0.6903649279597472,1.6626880607782817,0.0,0.0,0.0,0.0,0.0,0.0,0.0,0.0,0.0,0.0
TCGA-EE-A2GB-06,TCGA-EE-A2GB,1,0,1,0.3077254015509417,0.126026041631602,0.5968086530253812,0.5926131608630607,0.5921413286707824,0.5919595491790584,0.5918632441176008,0.5918036027876539,0.5917630362337087,0.5917336551708021,0.5917113938350069,0.5916939439800358
TCGA-EE-A2GC-06,TCGA-EE-A2GC,0,0,0,1.0435046247929225,1.0786361652652594,0.3459099585531213,0.032619688633397,2.112469388707551e-05,1.194734078246271e-07,5.4899924156675386e-09,7.020878674012669e-10,1.748818853719865e-10,6.10885038265117e-11,1.842635047496303e-11,0.0
TCGA-EE-A2GD-06,TCGA-EE-A2GD,0,1,1,0.7672029547464566,0.0867995872524223,0.640975444345756,0.63510271461764,0.6336598641536484,0.6331101054111649,0.632820210083947,0.6326411493135298,0.6325195614555019,0.6324316025752326,0.6323650159281252,0.6323128558144749
TCGA-EE-A2GE-06,TCGA-EE-A2GE,1,0,1,1.5893089018504143,3.1155922362379647,0.0,0.0,0.0,0.0,0.0,0.0,0.0,0.0,0.0,0.0
TCGA-EE-A2GH-06,TCGA-EE-A2GH,1,0,1,0.4993594339758939,2.4973139881429165,0.0,0.0,0.0,0.0,0.0,0.0,0.0,0.0,0.0,0.0
TCGA-EE-A2GI-06,TCGA-EE-A2GI,0,0,0,0.72824314304972,2.473628034606274,0.0,0.0,0.0,0.0,0.0,0.0,0.0,0.0,0.0,0.0
TCGA-EE-A2GJ-06,TCGA-EE-A2GJ,0,1,1,0.9716869291588468,0.9965288522469606,0.605119784818645,0.5267175219541038,0.5053760094172711,0.49542262627367567,0.4896618821190341,0.4859055625764161,0.4832625518931726,0.4813017821009657,0.4797892893031501,0.4785871142101494
TCGA-EE-A2GK-06,TCGA-EE-A2GK,0,0,0,0.5283711093307728,3.1788046861947947,0.0,0.0,0.0,0.0,0.0,0.0,0.0,0.0,0.0,0.0
TCGA-EE-A2GL-06,TCGA-EE-A2GL,0,1,1,0.6690600272468689,0.6390416364418345,0.5471082256139624,0.4629418364818762,0.44492033141103,0.437066365129303,0.4326685580435643,0.42985700107503805,0.4279046024315044,0.42646974439219476,0.42537072559897093,0.42450199054031645
TCGA-EE-A2GM-06,TCGA-EE-A2GM,0,1,1,0.2929021041024905,0.3028112913024376,0.6557605724939551,0.6498184404946724,0.6489251275621445,0.6485645203807104,0.6483695622320391,0.6482474329517498,0.6481637461574706,0.64810281929604,0.648056478934292,0.6480200468482612
TCGA-EE-A2GN-06,TCGA-EE-A2GN,0,1,1,0.1370086179576827,0.0990587900057744,0.6511131167501018,0.6503665357942237,0.6502871103962568,0.6502567417655815,0.6502407043773575,0.6502307903481264,0.6502240548593842,0.6502191804908992,0.6502154894941982,0.6502125975787083
TCGA-EE-A2GO-06,TCGA-EE-A2GO,0,0,0,0.3396468589275571,0.0354187352240349,0.5912298389181739,0.5886865330185573,0.588453283754958,0.5883657268429737,0.5883198444245129,0.5882916025004581,0.5882724680211181,0.5882586472413636,0.5882481965851661,0.5882400173311729
TCGA-EE-A2GP-06,TCGA-EE-A2GP,0,1,1,0.6784434361568765,0.1355261751575632,0.5521088306345975,0.5420535513739232,0.5400887050591615,0.5393297217841199,0.5389271672728119,0.5386777096090501,0.5385079658838228,0.5383849911060817,0.5382917965518041,0.5382187329725882
TCGA-EE-A2GR-06,TCGA-EE-A2GR,0,0,0,0.0,0.0075058421156698,0.6005536754163822,0.6005536754163822,0.6005536754163822,0.6005536754163822,0.6005536754163822,0.6005536754163822,0.6005536754163822,0.6005536754163822,0.6005536754163822,0.6005536754163822
TCGA-EE-A2GS-06,TCGA-EE-A2GS,1,0,1,0.3455637347601341,0.2043675575364137,0.49464877299792637,0.47279746823507446,0.4699643639066729,0.4688493671862152,0.4682532225502348,0.4678821257907407,0.4676288761331709,0.4674450295653687,0.46730549439387226,0.4671959734196258
TCGA-EE-A2GT-06,TCGA-EE-A2GT,1,0,1,0.1782863645653749,1.1669239849965327,0.4859049185683786,0.47920602233618864,0.4772166273505999,0.47626207040790236,0.4757015641714243,0.4753328530678042,0.47507187594560235,0.4748774335179596,0.47472695850134544,0.47460705279172105
TCGA-EE-A2GU-06,TCGA-EE-A2GU,0,1,1,1.2763015440089192,1.7838008391275924,0.0,0.0,0.0,0.0,0.0,0.0,0.0,0.0,0.0,0.0
TCGA-EE-A2M5-06,TCGA-EE-A2M5,1,0,1,11.90753314459775,0.4637350370688996,0.5474594386505957,0.5474594386505957,0.5474594386505957,0.5474594386505957,0.5474594386505957,0.5474594386505957,0.5474594386505957,0.4902061081656098,0.4227218029706868,0.36952699132499295
TCGA-EE-A2M6-06,TCGA-EE-A2M6,1,0,1,0.2597730233758452,0.1985272182471763,0.5731127262012078,0.5634508092968419,0.5622102662412595,0.5617227957144922,0.5614623398169873,0.5613002690760363,0.561189693357565,0.561109434709144,0.5610485280431675,0.5610007271697466
TCGA-EE-A2M7-06,TCGA-EE-A2M7,1,0,1,0.1897771320558177,0.1748730056849317,0.5278678664231696,0.5180100574236398,0.5167949844665138,0.5163205436965989,0.5160677432353309,0.5159106791623542,0.5158036261149153,0.5157259784877465,0.5156670836584315,0.5156208800694307
TCGA-EE-A2M8-06,TCGA-EE-A2M8,1,0,1,2.842971895053159,7.682693242834718,0.0,0.0,0.0,0.0,0.0,0.0,0.0,0.0,0.0,0.0
TCGA-EE-A2MC-06,TCGA-EE-A2MC,0,1,1,2.39707651517621,2.5144062034131007,0.26217006959896416,0.0,0.0,0.0,0.0,0.0,0.0,0.0,0.0,0.0
TCGA-EE-A2MD-06,TCGA-EE-A2MD,0,1,1,0.3568311637182067,0.4108078605896497,0.646368785102916,0.6395827944621264,0.6384161326263474,0.6379326817261346,0.6376682231365384,0.637501436669704,0.6373866472229684,0.6373028182238022,0.6372389123834431,0.6371885815335103
TCGA-EE-A2ME-06,TCGA-EE-A2ME,1,0,1,2.288725421472076,4.331343422039623,0.0,0.0,0.0,0.0,0.0,0.0,0.0,0.0,0.0,0.0
TCGA-EE-A2MF-06,TCGA-EE-A2MF,0,1,1,0.3842395874657143,0.3207407496331585,0.6218816967524325,0.6028281306939324,0.5998939425447248,0.5987041885333995,0.5980596858534728,0.5976554873502525,0.5973783142610778,0.597176418449085,0.5970227996409673,0.596901991142337
TCGA-EE-A2MG-06,TCGA-EE-A2MG,1,0,1,0.8598772787534389,1.4536408056202412,0.2942503005516136,0.1801646855144221,0.14194015942734095,0.12279092483850425,0.11128951832640455,0.10361695814763404,0.09813413021205028,0.09402068254992371,0.0908205483462026,0.08825994318729198
TCGA-EE-A2MH-06,TCGA-EE-A2MH,1,0,1,0.2559507439218537,0.6360052828531928,0.33267531680397155,0.27394103345935406,0.26139630178511125,0.2559326183743801,0.25287415681868275,0.25091919859976597,0.249561795940252,0.24856429501659266,0.24780031377991335,0.24719644279245334
TCGA-EE-A2MI-06,TCGA-EE-A2MI,0,0,0,1.1416060751364985,0.7517879730488725,0.6058105971560223,0.5448068059145035,0.5290135929004424,0.5219725784911086,0.5179869164599116,0.5154224286279828,0.513634003529531,0.5123156617660126,0.5113035916457954,0.5105021726386487
TCGA-EE-A2MJ-06,TCGA-EE-A2MJ,0,0,0,1.458011369220482,2.672673888397388,0.0,0.0,0.0,0.0,0.0,0.0,0.0,0.0,0.0,0.0
TCGA-EE-A2MK-06,TCGA-EE-A2MK,1,0,1,1.6212463119793417,0.70611091423118,0.5552571501120981,0.34045296246447687,0.22471150761355108,0.17357562937832857,0.14475512615549718,0.1262589646564405,0.11338215496827542,0.10390156415166696,0.09663011755352824,0.09087624347468926
TCGA-EE-A2ML-06,TCGA-EE-A2ML,0,1,1,1.4698594783627168,1.0170886192485522,0.6248208630689308,0.5037857772854005,0.4641693755660872,0.44562715648107876,0.43487626134524976,0.4278585042224046,0.42291709584928455,0.41924929402015776,0.4164189176451948,0.4141685537010794
TCGA-EE-A2MM-06,TCGA-EE-A2MM,0,1,1,0.3718793949742593,0.1109706386996764,0.5852078031846204,0.581881746377312,0.5815189411434394,0.5813797536628393,0.5813061453359272,0.5812606057052412,0.5812296507282027,0.5812072411021232,0.5811902674930933,0.5811769658901849
TCGA-EE-A2MN-06,TCGA-EE-A2MN,0,1,1,0.6759755453741867,1.6670419642475962,0.4649747831098751,0.420876063623883,0.40496443507015084,0.39676005972041956,0.39175489418583664,0.388383001500328,0.3859570737857478,0.384128003589283,0.3826996497799854,0.38155332848372614
TCGA-EE-A2MP-06,TCGA-EE-A2MP,1,0,1,0.64560150497185,0.7049011638861985,5.245811833166712e-06,0.0,0.0,0.0,0.0,0.0,0.0,0.0,0.0,0.0
TCGA-EE-A2MQ-06,TCGA-EE-A2MQ,1,0,1,1.0529151533818604,0.156463839420384,0.6525460660357119,0.6450841831756952,0.6421607548173422,0.6410249634716518,0.6404210692550159,0.640046325680193,0.6397911038473492,0.6396060874136595,0.6394658110936248,0.6393557970075753
TCGA-EE-A2MR-06,TCGA-EE-A2MR,0,0,0,6.0502567946589245,2.660959672185587,0.5562439504545666,0.5562439504545666,0.5076906813655987,0.36882845678025206,0.2787434999084773,0.21557477515772352,0.16882689143004684,0.13283339973413652,0.10426602945348988,0.08104150515056441
TCGA-EE-A2MS-06,TCGA-EE-A2MS,0,0,0,0.2545038292871416,0.6688062860188545,0.4692031768649197,0.4436329174377756,0.43802521737535016,0.43556629928834384,0.4341854233606593,0.4333011026944746,0.43268631713587663,0.4322341340766801,0.43188757878507916,0.43161351078732674
TCGA-EE-A2MT-06,TCGA-EE-A2MT,0,0,0,0.3272404034543968,0.1179362853642703,0.14842567176734528,0.12088696733103818,0.11783959913622041,0.1166683128109034,0.11604840213700768,0.11566470650005677,0.11540384939350702,0.11521494972842727,0.11507185236738393,0.11495969997529107
TCGA-EE-A2MU-06,TCGA-EE-A2MU,0,1,1,2.334477915103327,1.230639499453256,0.629545090003819,0.2925831683556353,0.01376386394621246,0.0,0.0,0.0,0.0,0.0,0.0,0.0
TCGA-EE-A3AA-06,TCGA-EE-A3AA,1,0,1,0.577974597370177,0.7192025689545937,0.6506767840269244,0.6337148013481332,0.6298485691051573,0.6281359531368252,0.6271695009336765,0.6265487994894171,0.6261164617771302,0.6257980402016332,0.6255537524265558,0.6253604085846861
TCGA-EE-A3AB-06,TCGA-EE-A3AB,1,0,1,0.1759795965810378,0.2807770662071113,0.5607200787808609,0.5478171367505024,0.5459359887209246,0.5451808213210434,0.5447735490664528,0.544518774666674,0.544344353622392,0.544217450004711,0.5441209739817154,0.5440451536491155
TCGA-EE-A3AC-06,TCGA-EE-A3AC,0,1,1,0.911178139638856,0.8808240172715027,0.611007311040525,0.5399604099667644,0.5218883901556234,0.5136320218068033,0.5089022930895996,0.5058372917067109,0.5036896414241895,0.5021011086160292,0.5008785008060881,0.4999084382654732
TCGA-EE-A3AD-06,TCGA-EE-A3AD,1,0,1,0.1282234372593808,0.0074058281020005,0.603872777887417,0.6038031539740388,0.603797229131162,0.603795023556618,0.6037938717617322,0.6037931641585558,0.6037926853300959,0.6037923397681889,0.60379207863355,0.6037918743536681
TCGA-EE-A3AE-06,TCGA-EE-A3AE,0,0,0,1.1941289168490263,1.387487823884273,0.5262155941028747,0.4284586232322981,0.39652763782847583,0.38068212855014955,0.37121287193835206,0.36491580871902357,0.36042560790197775,0.3570621595738381,0.3544486303119984,0.35235937113862287
TCGA-EE-A3AF-06,TCGA-EE-A3AF,1,0,1,0.2888213900610421,0.4821543844007069,0.5425504869280195,0.5212609043409823,0.517309742374358,0.5156452849651177,0.5147279296651853,0.5141468625031922,0.5137458101821445,0.5134523395990027,0.5132282821145983,0.5130516152696257
TCGA-EE-A3AG-06,TCGA-EE-A3AG,1,0,1,0.0274227812245885,0.0102948556585306,0.4949849288922756,0.4949050554242287,0.494898203534545,0.49489565064381064,0.494894316995394,0.4948934975080755,0.49489294289837443,0.4948925426112545,0.49489224010219385,0.4948920034442444
TCGA-EE-A3AH-06,TCGA-EE-A3AH,1,0,1,0.1713118212545022,0.0202124129421413,0.6046044440583699,0.6044862756181681,0.604475861069466,0.604471969265589,0.6044699336616262,0.6044686819919554,0.6044678345233292,0.6044672226818366,0.6044667601919621,0.6044663983166105
TCGA-EE-A3J3-06,TCGA-EE-A3J3,1,0,1,0.1994732149111434,0.2380950378227122,0.5054774837240404,0.49354833087268013,0.4919158037042808,0.49126758658323794,0.49091967161091166,0.49070262309138507,0.4905542923500493,0.4904465051990477,0.49036463745699527,0.4903003433691604
TCGA-EE-A3J4-06,TCGA-EE-A3J4,1,0,1,0.6724436060122763,0.1375096866142853,0.5916286745585128,0.5818272942766367,0.5799397485931603,0.57921022462446,0.5788232042972568,0.5785833414236099,0.5784201126841052,0.5783018508573362,0.5782122240333428,0.5781419551619768
TCGA-EE-A3J5-06,TCGA-EE-A3J5,0,0,0,1.0871720936969749,1.5039891776512286,0.29092101796218306,0.16367416261741197,0.12024250598707147,0.09833048325903763,0.08512050752257048,0.07628969976910739,0.06997273267561675,0.06523232146464598,0.061545625402637257,0.05859787041400677
TCGA-EE-A3J7-06,TCGA-EE-A3J7,0,1,1,0.1624692106478766,0.4214057527207351,0.6017437408279243,0.5947068448540067,0.593482555157343,0.5929739620785842,0.5926954363802092,0.5925196639326328,0.5923986385695347,0.59231022908915,0.5922428163600959,0.5921897144084154
TCGA-EE-A3J8-06,TCGA-EE-A3J8,0,1,1,0.1092524242097701,0.0,0.5802400268528998,0.5802400268528998,0.5802400268528998,0.5802400268528998,0.5802400268528998,0.5802400268528998,0.5802400268528998,0.5802400268528998,0.5802400268528998,0.5802400268528998
TCGA-EE-A3JA-06,TCGA-EE-A3JA,0,1,1,0.6158783368638492,0.1184237788201193,0.5827939239118018,0.41355249521595766,0.3842681308484684,0.3730098811546653,0.36705074785558517,0.36336214797463634,0.360854069187273,0.35903795970570107,0.35766216698857745,0.3565838717707021
TCGA-EE-A3JB-06,TCGA-EE-A3JB,1,0,1,0.4794009455581611,0.1565764300465506,0.595617626470282,0.585949558468069,0.5847879814998026,0.5843366792891085,0.5840967211386295,0.5839478151878554,0.5838464012242973,0.5837728835620413,0.5837171435807104,0.5836734284708426
TCGA-EE-A3JD-06,TCGA-EE-A3JD,0,0,0,1.5810102800976331,1.3164778741790968,0.495943558062484,0.0,0.0,0.0,0.0,0.0,0.0,0.0,0.0,0.0
TCGA-EE-A3JE-06,TCGA-EE-A3JE,1,0,1,4.974514847993605,2.8441709719562502,0.5586468484566746,0.5586468484566746,0.0,0.0,0.0,0.0,0.0,0.0,0.0,0.0
TCGA-EE-A3JH-06,TCGA-EE-A3JH,1,0,1,2.3492501637443794,4.415534859414617,0.0,0.0,0.0,0.0,0.0,0.0,0.0,0.0,0.0,0.0
TCGA-EE-A3JI-06,TCGA-EE-A3JI,0,1,1,0.3421291071873278,0.0746739361460657,0.6317182414675311,0.62849099545852,0.6281656273931169,0.6280420851247738,0.6279770348344654,0.6279368877678575,0.6279096409185708,0.6278899372363345,0.6278750251619627,0.6278633463217168
TCGA-ER-A193-06,TCGA-ER-A193,1,0,1,3.873902560473644,1.293336907184005,0.6002224929863944,0.6002224929863944,0.43323743387149954,0.30209780911134715,0.22430309459729,0.17280517561246392,0.13619821838261922,0.10883933281993662,0.08761701044346716,0.07067487995147838
TCGA-ER-A194-01,TCGA-ER-A194,0,0,0,0.213616925111097,2.0157974176617173,0.0,0.0,0.0,0.0,0.0,0.0,0.0,0.0,0.0,0.0
TCGA-ER-A195-06,TCGA-ER-A195,0,1,1,1.0195579482971515,1.3583639826583076,0.11219720731597185,0.0,0.0,0.0,0.0,0.0,0.0,0.0,0.0,0.0
TCGA-ER-A196-01,TCGA-ER-A196,0,0,0,0.63294618656262,0.0062529719564117,0.6010308765416216,0.6008055837966289,0.6007606853293107,0.6007439772782566,0.6007352532510927,0.6007298940852482,0.6007262677712695,0.6007236508175521,0.6007216732859734,0.600720126337237
TCGA-ER-A197-06,TCGA-ER-A197,0,0,0,0.6036345994642728,1.7942034943218144,0.0,0.0,0.0,0.0,0.0,0.0,0.0,0.0,0.0,0.0
TCGA-ER-A198-06,TCGA-ER-A198,1,0,1,0.6199606461805287,0.3642899653935642,0.5499629904919617,0.43865021894162104,0.42053295939217866,0.4131081300189175,0.4090668347608302,0.40652542621245125,0.404779599908492,0.40350633361235927,0.40253663074005813,0.40177349372427845
TCGA-ER-A199-06,TCGA-ER-A199,0,1,1,1.0195659246733075,1.4331828492912473,0.1557032444616487,0.0,0.0,0.0,0.0,0.0,0.0,0.0,0.0,0.0
TCGA-ER-A19A-06,TCGA-ER-A19A,0,0,0,3.626874190919976,3.5998756614685776,0.28181021309338145,0.0,0.0,0.0,0.0,0.0,0.0,0.0,0.0,0.0
TCGA-ER-A19B-06,TCGA-ER-A19B,1,0,1,0.5476149144449213,0.0290723370033573,0.6600563469769174,0.6519476130527405,0.6506540011898507,0.6501693172434234,0.6499155266234842,0.6497593790157846,0.6496536151219451,0.6495772368765895,0.6495194912513618,0.649474301293103
TCGA-ER-A19C-06,TCGA-ER-A19C,1,0,1,0.211673879879477,0.025772473438581,0.5481574744881127,0.5470067128641107,0.5469037834507005,0.5468652561326317,0.5468450906257465,0.5468326863642281,0.5468242857622994,0.5468182198082459,0.5468136339938728,0.546810045479235
TCGA-ER-A19D-06,TCGA-ER-A19D,0,1,1,0.3070729339813747,0.5212610615180073,0.5137211979346521,0.4935248240955395,0.48962906490503383,0.4879735421946377,0.4870574239900651,0.48647577822218596,0.48607370847592835,0.4857791729165691,0.48555411976654844,0.48537655625685894
TCGA-ER-A19E-06,TCGA-ER-A19E,1,0,1,0.1206618326634209,0.0882117611699799,0.4539163170252036,0.449666624154475,0.44922500475321264,0.44905666988349174,0.448967889781763,0.4489130472593025,0.44887580520623793,0.4488488624807075,0.4488284656566652,0.4488124875841543
TCGA-ER-A19F-06,TCGA-ER-A19F,0,0,0,0.1190968676615989,0.2023738650124318,0.4339164430102426,0.4315142654879614,0.431203845225031,0.4310817408739692,0.4310164714960752,0.4309758469364967,0.43094812560969503,0.43092800249420316,0.43091273019044796,0.4309007433824065
TCGA-ER-A19G-06,TCGA-ER-A19G,1,0,1,4.349916736715935,0.2921553071993408,0.5637324318998177,0.5637324318998177,0.5637324318998177,0.30275174292721996,0.1334479684041227,0.027812248826486207,4.365004288979e-05,3.3197781336200794e-08,1.2591930328540252e-10,0.0
TCGA-ER-A19H-06,TCGA-ER-A19H,1,0,1,0.538864829801706,0.9398023410208978,0.09740563933001643,8.265147764269919e-06,6.287108994172934e-08,6.413952808435421e-09,1.6702156538471355e-09,6.891421558852703e-10,3.8856113170579627e-10,2.5399082640369383e-10,1.817265920767105e-10,1.3940131001404876e-10
TCGA-ER-A19J-06,TCGA-ER-A19J,1,0,1,0.4911054799295867,0.1436344969004862,0.6140014132932975,0.6082233444928471,0.6074997251703302,0.6072195776628521,0.6070708490333495,0.6069786343753368,0.6069158651417254,0.6068703795454368,0.6068359028409742,0.6068088697528252
TCGA-ER-A19K-01,TCGA-ER-A19K,1,0,1,0.7416115494873031,0.1991548510994241,0.5973719334378242,0.5742955759678268,0.5694456115595027,0.5675395027914649,0.5665209936288933,0.5658871923405373,0.5654547584457231,0.5651408812103931,0.5649026828674122,0.5647157376713646
TCGA-ER-A19L-06,TCGA-ER-A19L,0,0,0,0.2094133748768451,0.0561545748005891,0.5888452641402,0.5876074592882353,0.5874879553135244,0.5874428223598701,0.5874191112893845,0.5874044958555766,0.5873945846646221,0.5873874213444468,0.5873820022562442,0.5873777594759256
TCGA-ER-A19M-06,TCGA-ER-A19M,1,0,1,15.607375224593508,1.886749395712899,0.6055602759738847,0.6055602759738847,0.6055602759738847,0.6055602759738847,0.6055602759738847,0.6055602759738847,0.6055602759738847,0.6055602759738847,0.5387412906136547,0.389036948592218
TCGA-ER-A19N-06,TCGA-ER-A19N,0,1,1,1.1045143307355147,1.6846312551545797,0.09502149411316149,0.0,0.0,0.0,0.0,0.0,0.0,0.0,0.0,0.0
TCGA-ER-A19P-06,TCGA-ER-A19P,1,0,1,1.9921478032368665,5.766933794294639,0.0,0.0,0.0,0.0,0.0,0.0,0.0,0.0,0.0,0.0
TCGA-ER-A19Q-06,TCGA-ER-A19Q,1,0,1,1.234052274785417,0.7633764231357001,0.6175864645973628,0.4324927653592431,0.3782280108332334,0.3539806438132625,0.34024008177743226,0.33139327024542165,0.3252210073531814,0.32066970665020844,0.31717493690519444,0.31440706652343015
TCGA-ER-A19S-06,TCGA-ER-A19S,1,0,1,3.1089202288490383,6.892402868954727,0.0,0.0,0.0,0.0,0.0,0.0,0.0,0.0,0.0,0.0
TCGA-ER-A19T-01,TCGA-ER-A19T,0,0,0,0.0286798581067861,0.0053833890351676,0.5262763804327445,0.5262718507183239,0.5262714674291481,0.5262713248332139,0.5262712503854894,0.5262712046550223,0.5262711737123897,0.5262711513830243,0.5262711345099085,0.5262711213109006
TCGA-ER-A19T-06,TCGA-ER-A19T,0,0,0,0.0584317411689488,0.1996171913302784,0.4374424032769533,0.4335147684548227,0.4330095555891292,0.4328109749076577,0.43270485975466694,0.4326388240739159,0.4325937679624236,0.43256106405038397,0.43253624512388006,0.43251676633585684
TCGA-ER-A19W-06,TCGA-ER-A19W,0,1,1,4.866514714840339,3.394667267553771,0.6301005067745411,0.0,0.0,0.0,0.0,0.0,0.0,0.0,0.0,0.0
TCGA-ER-A1A1-06,TCGA-ER-A1A1,0,0,0,1.0324653201929137,4.63471527092765,0.009921945421599925,0.000564828486287923,6.660386387991523e-05,1.5152379105215702e-05,5.209075265209471e-06,2.333994603497526e-06,1.2497673226377162e-06,7.584542444857548e-07,5.041955084365904e-07,3.588967323129729e-07
TCGA-ER-A2NB-01,TCGA-ER-A2NB,0,1,1,0.2770370919280557,2.083920735355601,0.0,0.0,0.0,0.0,0.0,0.0,0.0,0.0,0.0,0.0
TCGA-ER-A2NC-06,TCGA-ER-A2NC,1,1,1,1.878787545306717,0.1091098989363806,0.43229021384805916,0.4273188507794734,0.41390499843555706,0.4087615701418445,0.40604210720125505,0.4043598528905548,0.4032164536849965,0.40238874418062726,0.4017618421324919,0.4012705772040113
TCGA-ER-A2ND-06,TCGA-ER-A2ND,1,0,1,0.1720536242370173,0.2506123605754143,0.0,0.0,0.0,0.0,0.0,0.0,0.0,0.0,0.0,0.0
TCGA-ER-A2NF-06,TCGA-ER-A2NF,0,0,0,1.123179050940732,0.7440982728362178,0.5674152133645111,0.4517295137270787,0.4224000764248011,0.4093439713961501,0.4019587612786698,0.39720896080535073,0.3938974911005636,0.3914569334362755,0.38958364387574784,0.3881004359873344
TCGA-ER-A2NF-01,TCGA-ER-A2NF,0,0,0,0.82514175586896,1.1788418225535289,0.4603289924787993,0.37966566784107314,0.355576133045482,0.34399539620709,0.3371886316233192,0.3327083239091938,0.32953582695831857,0.327171443262275,0.3253412860949559,0.3238826735368784
TCGA-ER-A2NG-06,TCGA-ER-A2NG,1,0,1,3.0474702269426306,2.371829339735009,0.5846785055341193,0.0,0.0,0.0,0.0,0.0,0.0,0.0,0.0,0.0
TCGA-ER-A2NH-06,TCGA-ER-A2NH,0,1,1,2.4777655363710727,6.148166852267347,0.0,0.0,0.0,0.0,0.0,0.0,0.0,0.0,0.0,0.0
TCGA-ER-A3ES-06,TCGA-ER-A3ES,0,0,0,0.1723040824483181,0.0053905756708804,0.5331070155580805,0.5330470701190337,0.5330419976353586,0.5330401105037644,0.5330391252528164,0.5330385200495291,0.5330381105503421,0.5330378150402899,0.5330375917389977,0.5330374170613718
TCGA-ER-A3ET-06,TCGA-ER-A3ET,0,0,0,0.8455086347458839,0.2156020658143879,0.6029341204976373,0.6005829295694772,0.599987997621052,0.5997531591650559,0.5996274382891444,0.5995491206208768,0.5994956486699187,0.5994568179054571,0.5994273390849174,0.5994041968526684
TCGA-ER-A3EV-06,TCGA-ER-A3EV,0,0,0,0.1814880819544237,0.1839581109984808,0.35777307014453236,0.3057122558174466,0.2991921903206048,0.29664010501979315,0.2952788190233975,0.2944325532570006,0.2938555270737801,0.2934368866348433,0.29311928970720386,0.2928700936633624
TCGA-ER-A3PL-06,TCGA-ER-A3PL,1,0,1,0.4082022167137973,0.0831152386770133,0.5708624093871082,0.5592840983046885,0.5580758767521649,0.557616001781801,0.5573736110023667,0.5572239296502821,0.5571223074809992,0.5570488002842815,0.5569931583968003,0.5569495745068807
TCGA-ER-A42H-01,TCGA-ER-A42H,0,0,0,0.0829399545461073,0.0066721923729895,0.515870137870113,0.5158034713235762,0.515797809778782,0.5157957026842918,0.5157946024179065,0.5157939265052834,0.5157934691362506,0.5157931390686112,0.5157928896468068,0.5157926945320805
TCGA-ER-A42K-06,TCGA-ER-A42K,1,0,1,0.2149792901585548,0.0118687288796253,0.5614391383126719,0.5602649404633103,0.5601637741009162,0.5601260635342348,0.5601063594187803,0.5600942505161418,0.5600860549307075,0.5600801395191629,0.5600756689062787,0.5600721713755795
TCGA-ER-A42L-06,TCGA-ER-A42L,1,0,1,1.2628613501859314,1.6887156597846655,0.0,0.0,0.0,0.0,0.0,0.0,0.0,0.0,0.0,0.0
TCGA-FR-A2OS-01,TCGA-FR-A2OS,0,0,0,0.0913231258861429,0.0124670163027127,0.5948019582301719,0.5947667146536179,0.5947636731410777,0.5947625391897061,0.5947619466458202,0.5947615824908759,0.5947613360159213,0.5947611581119289,0.5947610236579617,0.5947609184684204
TCGA-FR-A3R1-01,TCGA-FR-A3R1,0,0,0,2.777390130297904,0.2791079700628225,0.519954809910201,0.519954809910201,0.4493188414070163,0.4055461924433575,0.38194340157300954,0.36717994159627443,0.35707342903455536,0.3497205836344464,0.34413092547260543,0.3397381447013513
TCGA-FR-A3YN-06,TCGA-FR-A3YN,0,1,1,1.4202910863783993,0.8764641249390941,0.6292473067172837,0.5557191010087318,0.5303510370791988,0.5187706794202275,0.5121393943675033,0.5078431472916632,0.5048332384869371,0.5026071795764377,0.5008940487413761,0.4995348775375505
TCGA-FR-A44A-06,TCGA-FR-A44A,1,0,1,3.678321817126665,3.669867504447779,0.0,0.0,0.0,0.0,0.0,0.0,0.0,0.0,0.0,0.0
TCGA-FR-A69P-06,TCGA-FR-A69P,0,1,1,0.1206394988101839,0.0612738549733127,0.6094809736894747,0.6084602258330676,0.6083604675272843,0.6083227357627626,0.6083029006307749,0.6082906700714965,0.6082823742979873,0.6082763775948772,0.6082718405415298,0.6082682880241642
TCGA-FR-A726-01,TCGA-FR-A726,0,0,0,0.1367453975445322,0.0293346492068731,0.55478387970534,0.5543131811301075,0.5542706851103604,0.5542547616784645,0.5542464235682429,0.5542412933577328,0.5542378184581628,0.5542353090115407,0.5542334117381285,0.554231926983363
TCGA-FR-A728-01,TCGA-FR-A728,1,0,1,0.8960692879240172,1.049961488771341,0.0,0.0,0.0,0.0,0.0,0.0,0.0,0.0,0.0,0.0
TCGA-FR-A729-06,TCGA-FR-A729,1,0,1,1.074947499600173,3.092223692445302,0.0,0.0,0.0,0.0,0.0,0.0,0.0,0.0,0.0,0.0
TCGA-FR-A7U8-06,TCGA-FR-A7U8,0,1,1,0.0633675227343285,0.0594724049546472,0.6136815749840201,0.6135063264606212,0.6134892723641352,0.6134828253375905,0.6134794369562162,0.6134773478981482,0.613475931037434,0.6134749068977362,0.6134741320736177,0.6134735254042226
TCGA-FR-A7U9-06,TCGA-FR-A7U9,0,0,0,1.751005999286383,0.6137207232805387,6.275495922816185e-09,0.0,0.0,0.0,0.0,0.0,0.0,0.0,0.0,0.0
TCGA-FR-A7UA-06,TCGA-FR-A7UA,1,0,1,6.16951957094457,10.849843601448653,0.0,0.0,0.0,0.0,0.0,0.0,0.0,0.0,0.0,0.0
TCGA-FR-A8YC-06,TCGA-FR-A8YC,0,0,0,0.1566703851824095,0.6262194805576494,0.32173674030670785,0.3076359495707661,0.3046485364404558,0.3033500605684624,0.3026238998218718,0.3021600034882945,0.3018380230187641,0.3016014757462092,0.30142034111813465,0.30127718966444456
TCGA-FR-A8YD-06,TCGA-FR-A8YD,0,0,0,0.2167245212615042,0.1025856314818121,0.6035203047489333,0.6019667548473954,0.6018002377625314,0.6017365056556758,0.6017028351155759,0.6016820156679881,0.6016678690074807,0.6016576302073106,0.6016498765210032,0.6016438011026185
TCGA-FR-A8YE-06,TCGA-FR-A8YE,1,0,1,0.9504857213359976,0.7642807414628893,0.5662253572269353,0.4892083359336853,0.4710712852975355,0.462965598904571,0.4583718561404368,0.4554140416786933,0.4533503577515874,0.45182860273704095,0.45066008423981363,0.4497346003017234
TCGA-FS-A1YW-06,TCGA-FS-A1YW,0,1,1,0.2675404184766319,0.0492344434955093,0.585057862343496,0.5830847314143532,0.5828974071706875,0.5828268034038047,0.5827897422736577,0.5827669086320673,0.5827514290662644,0.5827402435397802,0.5827317829364317,0.5827251596390884
TCGA-FS-A1YX-06,TCGA-FS-A1YX,1,0,1,0.1229414809688274,0.0509286928647928,0.5811214192087114,0.5800307794061603,0.5799268069028635,0.5798875995437573,0.5798670146690621,0.5798543307127312,0.5798457312699434,0.579839516998434,0.5798348164175792,0.5798311365089462
TCGA-FS-A1YY-06,TCGA-FS-A1YY,1,0,1,0.1104137845780948,0.0184223417633543,0.5766763151889478,0.5764016999064239,0.5763776133915831,0.5763686173286672,0.5763639129882895,0.5763610206979038,0.5763590625667789,0.5763576489443907,0.5763565804326319,0.576355744400982
TCGA-FS-A1Z0-06,TCGA-FS-A1Z0,0,1,1,1.0926550546666614,1.3310847112652842,0.3013702330858668,0.037152007717474254,3.326314253749046e-05,1.210128606990419e-07,3.8996954364528585e-09,4.051308696957565e-10,8.16512067950697e-11,1.4550756651333544e-11,0.0,0.0
TCGA-FS-A1Z3-06,TCGA-FS-A1Z3,0,1,1,0.1701392939595591,0.025212514739295,0.5055193988776246,0.5040116381387262,0.5038769759760843,0.5038265792187495,0.5038002029734137,0.5037839789671245,0.5037729917686514,0.5037650582053678,0.5037590605680011,0.5037543673116244
TCGA-FS-A1Z4-06,TCGA-FS-A1Z4,0,0,0,0.8384734709762252,1.1438488954954749,0.3670141683188307,0.24753731238380566,0.21244474372148314,0.19566899187699704,0.18583723190841794,0.17937728588413715,0.17480849821040567,0.17140644775289632,0.16877481244493336,0.16667851285504878
TCGA-FS-A1Z7-06,TCGA-FS-A1Z7,1,0,1,0.1369575691502838,0.0658116165396122,0.538320010922072,0.5365629983510923,0.5363894426533675,0.5363237119412474,0.5362891390497954,0.5362678144790134,0.5362533475531267,0.5362428885238347,0.5362349745147669,0.5362287773573767
TCGA-FS-A1ZA-06,TCGA-FS-A1ZA,0,0,0,0.578738734205929,0.5117417636301455,0.5854917777094076,0.5583217873237896,0.5531288285158942,0.5509267053340341,0.5497093036830507,0.5489368115735229,0.5484030162569842,0.5480120886721868,0.5477134417290673,0.5474778498197103
TCGA-FS-A1ZB-06,TCGA-FS-A1ZB,0,1,1,0.248041369325489,0.1247779625628192,0.6231570588561586,0.6178773270519813,0.6172850345259144,0.6170569255027518,0.616936093377521,0.6168612687478228,0.6168103776038736,0.6167735201412955,0.616745594881923,0.6167237057449475
TCGA-FS-A1ZC-06,TCGA-FS-A1ZC,1,0,1,0.0240471788353373,0.0054163277821844,0.5344565329703658,0.534452042134024,0.5344516620993681,0.534451520712818,0.5344514468961968,0.5344514015532905,0.5344513708728491,0.5344513487326684,0.5344513320024967,0.5344513189153004
TCGA-FS-A1ZD-06,TCGA-FS-A1ZD,1,0,1,0.0870701221197233,0.0061290024903666,0.4372305198247863,0.39536925251109534,0.39181966441755006,0.3904988067467861,0.3898091379947174,0.38938547841324633,0.38909880799717056,0.3888919312781098,0.38873560281933056,0.38861331319414394
TCGA-FS-A1ZE-06,TCGA-FS-A1ZE,0,1,1,0.0267304317742412,0.0220767460232935,0.6483722854452895,0.6483412062106189,0.6483384534213389,0.6483374241621178,0.6483368856851771,0.6483365545395553,0.6483363303123324,0.648336168419262,0.6483360460394753,0.6483359502803044
TCGA-FS-A1ZF-06,TCGA-FS-A1ZF,1,0,1,0.2831549724397659,0.1233837552345435,0.4921114646970029,0.4881988797286707,0.48776117883422454,0.48759267308978166,0.48750342831068044,0.4874481690969053,0.4874105873936867,0.4873833703083358,0.4873627497670185,0.4873465867946265
TCGA-FS-A1ZG-06,TCGA-FS-A1ZG,0,0,0,0.0610416114472168,0.0376477900676098,0.5947799466386471,0.5946524235961996,0.5946406617403572,0.5946362436800317,0.5946339278517652,0.5946325021773553,0.5946315361600089,0.5946308383612717,0.5946303106907709,0.5946298976912511
TCGA-FS-A1ZH-06,TCGA-FS-A1ZH,1,0,1,0.6222259370088542,1.0919913299648074,3.2367333938810555e-06,0.0,0.0,0.0,0.0,0.0,0.0,0.0,0.0,0.0
TCGA-FS-A1ZJ-06,TCGA-FS-A1ZJ,0,0,0,0.0981620708023623,0.3258450576481472,0.3355808027371934,0.32167382103264414,0.31951777511654705,0.318642437670868,0.31816799109954175,0.31787034757994015,0.31766620037245247,0.3175174755586166,0.3174043017235743,0.31731529202254904
TCGA-FS-A1ZK-06,TCGA-FS-A1ZK,0,0,0,0.1306610178126775,0.0087593111612373,0.580515719102815,0.5805060856112826,0.5805052627227139,0.580504956270598,0.5805047962083153,0.5805046978651793,0.5805046313133456,0.5805045832820995,0.5805045469846871,0.5805045185893587
TCGA-FS-A1ZM-06,TCGA-FS-A1ZM,1,0,1,0.5331393869968749,2.028673473313748,0.0,0.0,0.0,0.0,0.0,0.0,0.0,0.0,0.0,0.0
TCGA-FS-A1ZN-01,TCGA-FS-A1ZN,1,0,1,0.4864823723095252,0.0433976975241282,0.5117527380497339,0.5104462314837536,0.5102702555311837,0.5102040424176498,0.5101693108169534,0.5101479209087707,0.5101334237713978,0.5101229499978568,0.510115028787337,0.5101088283678246
TCGA-FS-A1ZP-06,TCGA-FS-A1ZP,0,1,1,0.8387382866646068,0.1870986708049575,0.6721215993968472,0.6631837399555691,0.6608900084000991,0.6599914379667273,0.65951196473394,0.6592138311257884,0.6590105218552439,0.6588630045179092,0.658751084460002,0.6586632640060528
TCGA-FS-A1ZQ-06,TCGA-FS-A1ZQ,0,1,1,0.3368646989243178,0.1409754416867645,0.6887013490364895,0.6871649139756911,0.6869870030990355,0.686918175825365,0.686881647284733,0.6868590028607187,0.6868435908611799,0.6868324234702491,0.6868239594203859,0.686817323080504
TCGA-FS-A1ZR-06,TCGA-FS-A1ZR,1,0,1,0.4762694202792857,0.1890145081087178,0.5729724186693038,0.5539022755196036,0.551493006574206,0.5505486893362048,0.5500446940334971,0.5497312735186985,0.5495175222392478,0.5493624196193017,0.5492447397616611,0.5491523967889251
TCGA-FS-A1ZS-06,TCGA-FS-A1ZS,1,0,1,0.3410857971861131,0.0650737886064353,0.5892588022507168,0.5877623780076819,0.5876148177351184,0.5875589442046528,0.5875295586031749,0.5875114344590986,0.5874991391461825,0.587490250307104,0.5874835245204931,0.5874782578809519
TCGA-FS-A1ZT-06,TCGA-FS-A1ZT,0,1,1,1.7305545708222043,0.7486737642400092,0.6307681016806984,0.5213630383575185,0.4552330077430251,0.42576854168356937,0.40909469017046934,0.3983681380345119,0.3908885136441845,0.38537534824175296,0.3811432416647585,0.3777921630915133
TCGA-FS-A1ZU-06,TCGA-FS-A1ZU,0,0,0,0.0387667833937595,0.0169796246440175,0.5776902922541025,0.5776761686127152,0.5776749346473237,0.5776744739726448,0.5776742331135211,0.5776740850448104,0.5776739848060379,0.5776739124444125,0.5776738577503515,0.5776738149573439
TCGA-FS-A1ZW-06,TCGA-FS-A1ZW,0,1,1,1.7619176818678943,0.1629180371767531,0.6107967519635336,0.5543354759957893,0.463401354514937,0.42800994690686245,0.4091783043035169,0.3974874531675182,0.3895231348048498,0.3837485048080012,0.379369659459293,0.3759351021197268
TCGA-FS-A1ZY-06,TCGA-FS-A1ZY,0,1,1,0.0236276214495277,0.0133048582495588,0.6063427473616746,0.6063302681651375,0.6063291887341073,0.6063287861943777,0.6063285758262557,0.6063284465345679,0.6063283590214539,0.6063282958534548,0.6063282481122686,0.6063282107615979
TCGA-FS-A1ZZ-06,TCGA-FS-A1ZZ,0,0,0,0.2789609938569012,0.0301479368150339,0.572161395050444,0.5716038058499666,0.5715533584998072,0.5715344511153028,0.5715245495036226,0.5715184569749601,0.5715143301117511,0.5715113497670016,0.5715090964289024,0.571507333002949
TCGA-FS-A4F0-06,TCGA-FS-A4F0,0,0,0,0.9040903317865672,0.0087928487945635,0.5969562152729972,0.5968666453659802,0.5968353879719095,0.5968237472814852,0.5968176672345931,0.5968139316121405,0.5968114035974749,0.5968095790975025,0.5968082003142514,0.5968071216967014
TCGA-FS-A4F2-06,TCGA-FS-A4F2,0,0,0,0.0851669587688837,0.02198092421379,0.5907514837833826,0.590489685456699,0.5904665030444929,0.5904578354611462,0.5904533009003166,0.590450512312734,0.5904486240962272,0.5904472607993316,0.5904462302448724,0.590445423862702
TCGA-FS-A4F4-06,TCGA-FS-A4F4,0,0,0,0.1320233828601353,0.6525824558972957,0.0,0.0,0.0,0.0,0.0,0.0,0.0,0.0,0.0,0.0
TCGA-FS-A4F5-06,TCGA-FS-A4F5,0,1,1,0.2797777747752833,0.0247136424435675,0.630745620889011,0.6300542802873554,0.6299926160713192,0.6299695419159057,0.6299574662948956,0.6299500388441418,0.6299450089461813,0.6299413770459428,0.6299386314224897,0.6299364829424133
TCGA-FS-A4F8-06,TCGA-FS-A4F8,1,0,1,0.4624894328320491,0.7787558235610094,0.09431375686127143,1.7493450745199363e-09,0.0,0.0,0.0,0.0,0.0,0.0,0.0,0.0
TCGA-FS-A4F9-06,TCGA-FS-A4F9,0,1,1,0.055103997036634,0.0689563685502546,0.642297941329475,0.6413431951743195,0.6412481942169324,0.641212181783757,0.6411932328193235,0.6411815426068231,0.641173610702112,0.6411678756972699,0.6411635359013517,0.6411601373909532
TCGA-FS-A4FB-06,TCGA-FS-A4FB,1,0,1,0.0064895796405832,0.009744479140195,0.46549184931241155,0.46548776238504114,0.4654874123249925,0.4654872819204693,0.4654872138008631,0.46548717194497324,0.46548714361857696,0.46548712317446744,0.4654871077244268,0.4654870956377141
TCGA-FS-A4FC-06,TCGA-FS-A4FC,0,1,1,0.5905964149995513,0.2073464180393533,0.6298385311605442,0.6155764693503186,0.6134177432023491,0.6125674831753687,0.6121127270845945,0.6118295890905203,0.6116363414725167,0.6114960411008342,0.6113895495602832,0.6113059603408026
TCGA-FS-A4FD-06,TCGA-FS-A4FD,0,1,1,0.3664283395091971,0.3930347115856815,0.5138148684617636,0.49983402929056636,0.4974790229420064,0.4965072260600658,0.4959766402846991,0.49564238112706294,0.4954124942405122,0.49524469587429165,0.495116825099712,0.4950161460234738
TCGA-FW-A3I3-06,TCGA-FW-A3I3,0,0,0,0.3348323182797497,0.0873511615433768,0.5250746478059557,0.5177061548943529,0.516941882987906,0.516650632165647,0.5164970414244678,0.516402168918241,0.5163377459906691,0.516291140494401,0.5162558587622212,0.5162282208420088
TCGA-FW-A3R5-06,TCGA-FW-A3R5,0,0,0,0.3603615078048859,0.2019169147583621,0.570791130368989,0.5610102159179672,0.5597472447086463,0.5592505131270423,0.5589850053458262,0.5588197545609364,0.5587069931393298,0.5586251398918449,0.5585630185352362,0.5585142615769678
TCGA-FW-A3TU-06,TCGA-FW-A3TU,0,0,0,0.0744004462334125,0.301033796736148,0.0,0.0,0.0,0.0,0.0,0.0,0.0,0.0,0.0,0.0
TCGA-FW-A3TV-06,TCGA-FW-A3TV,1,0,1,0.3211592142730046,0.4513135361257009,0.5735184552936297,0.5639483975115336,0.5622282912907474,0.5615087569063105,0.5611134651760068,0.5608635481516321,0.5606912662507577,0.5605653076076225,0.5604692031873316,0.5603934636562281
TCGA-FW-A5DX-01,TCGA-FW-A5DX,1,0,1,0.1818980676888461,0.026433643924155,0.6326727684311384,0.6308114175526388,0.6306446399413191,0.6305822014600768,0.630549517995202,0.6305294127439608,0.6305157963676975,0.6305059639803449,0.6304985306615588,0.6304927138373446
TCGA-FW-A5DY-06,TCGA-FW-A5DY,0,0,0,0.6025450264813529,1.1889450345930523,0.29182584867963235,0.2013467490221269,0.17419831636319705,0.16112607257975564,0.15343628271228674,0.14837218008985917,0.1447850612404343,0.1421110016319436,0.1400407469768146,0.13839053526194028
TCGA-GF-A3OT-06,TCGA-GF-A3OT,0,1,1,13.03638180371022,0.2761949870539166,0.5998394807334708,0.5998394807334708,0.5998394807334708,0.5998394807334708,0.5998394807334708,0.5998394807334708,0.5998394807334708,0.5998394807334708,0.5808304259326329,0.564648336258002
TCGA-GF-A4EO-06,TCGA-GF-A4EO,1,0,1,2.810444233088682,2.9489700872375924,0.0,0.0,0.0,0.0,0.0,0.0,0.0,0.0,0.0,0.0
TCGA-GF-A6C8-06,TCGA-GF-A6C8,1,0,1,0.61509186617486,0.5118178221914389,0.27544326954178683,0.0001733142229200101,5.894869954386802e-07,4.865422252902723e-08,1.21602275723822e-08,5.067409551391907e-09,2.6629592581893807e-09,1.7236224448417166e-09,1.216036497805609e-09,9.17216740769454e-10
TCGA-GF-A6C9-06,TCGA-GF-A6C9,1,0,1,0.3540234793112681,1.42669691056048,0.1790234652210563,0.12915370870265033,0.11261442525085784,0.10436043923110423,0.0994130452331157,0.0961168620672949,0.093763463275432,0.09199897058711845,0.09062691711248781,0.08952948110023201
TCGA-GF-A769-01,TCGA-GF-A769,1,0,1,0.5549292513800428,0.0307007088786071,0.5787804715401735,0.5780544258419962,0.5779366709792139,0.5778925298882202,0.5778694120596232,0.5778551869660473,0.5778455511587807,0.5778385922391114,0.5778333307697413,0.5778292131898494
TCGA-GN-A262-06,TCGA-GN-A262,1,0,1,0.0120315657938247,0.0045168005454705,0.4058904669865433,0.405889883331502,0.4058898340650076,0.4058898157410662,0.4058898061753739,0.4058898002998759,0.4058897963244854,0.40588979345577036,0.40588979128807645,0.40588978959242256
TCGA-GN-A263-01,TCGA-GN-A263,1,0,1,0.8446455908457966,0.015099720518821,1.6594502810633123e-10,0.0,0.0,0.0,0.0,0.0,0.0,0.0,0.0,0.0
TCGA-GN-A264-06,TCGA-GN-A264,0,0,0,0.1248845262004475,0.0382011610174924,0.5795512313434498,0.5789648834562777,0.5789107267776462,0.5788903807956074,0.5788797152555053,0.578873149068595,0.5788686998034728,0.5788654858408221,0.5788630554348212,0.578861153175683
TCGA-GN-A265-06,TCGA-GN-A265,1,0,1,1.2909573375580927,0.7762824231032008,0.555776782713949,0.2213080558103833,0.11614015925346788,0.06903040782121257,0.0423560311991702,0.025614549918655083,0.015110949487289043,0.008892912870064705,0.005376474933570428,0.0033993278802445263
TCGA-GN-A266-06,TCGA-GN-A266,0,0,0,2.647263529687683,0.6047553952288689,0.5984601743700844,0.594255247351362,0.4766888012230229,0.42581860080706985,0.39743033443299614,0.3793175653272053,0.36675623769732185,0.35753327849543026,0.3504739544534995,0.34489683638604546
TCGA-GN-A267-06,TCGA-GN-A267,0,1,1,0.1285712072597857,0.7351509113738298,0.31180921372484915,0.29271475152589826,0.2883110629950645,0.28635419598134654,0.28524822995041477,0.2845372862044239,0.2840417954325265,0.28367670494152086,0.2833965242217711,0.28317471741880007
TCGA-GN-A268-06,TCGA-GN-A268,0,1,1,0.1155904527033879,0.0603743277365988,0.6330774919387326,0.6323036355955496,0.632228167175965,0.6321996300760344,0.6321846301087768,0.6321753815284301,0.6321691086234894,0.6321645742992255,0.6321611437376335,0.6321584576457167
TCGA-GN-A26A-06,TCGA-GN-A26A,1,0,1,0.7112199610574231,0.3560013788715127,0.5821029042673554,0.330103532151273,0.2865175962119343,0.26869097189030194,0.2589967614633976,0.25290360788601474,0.24871930966168648,0.2456683392175735,0.24334516865979045,0.24151712765204061
TCGA-GN-A26C-01,TCGA-GN-A26C,0,0,0,10.581285128374716,2.378554832989535,0.6030396978486745,0.6030396978486745,0.6030396978486745,0.6030396978486745,0.6030396978486745,0.46174658700529225,0.2453856605491542,0.07973470089265391,4.555542083876618e-06,0.0
TCGA-GN-A26D-06,TCGA-GN-A26D,0,0,0,0.1185114016517429,0.0818623685177553,0.6134892282578317,0.612875962148085,0.6128131224693211,0.6127892129255906,0.6127766125931523,0.6127688322817494,0.6127635503319587,0.6127597298398323,0.6127568379666877,0.6127545728316126
TCGA-GN-A4U3-06,TCGA-GN-A4U3,0,1,1,0.4121824284156791,0.0265959421140016,0.6368804221090005,0.635381745220884,0.635215801068174,0.6351536716239571,0.6351211492741797,0.6351011429108894,0.6350875934108732,0.6350778092666222,0.6350704123929305,0.635064624072111
TCGA-GN-A4U4-06,TCGA-GN-A4U4,0,1,1,0.2248093761333026,0.0970561141871516,0.5895808429582083,0.5880929805566086,0.5879353698714521,0.5878751409920269,0.5878433423204921,0.5878236875832477,0.587810335508063,0.5878006733989294,0.5877933573263898,0.5877876253398717
TCGA-GN-A4U5-01,TCGA-GN-A4U5,1,0,1,3.074669669634849,2.704007620105027,0.5735868682255012,1.3408593869780025e-06,0.0,0.0,0.0,0.0,0.0,0.0,0.0,0.0
TCGA-GN-A4U7-06,TCGA-GN-A4U7,1,0,1,0.282748177255806,0.0121310410831411,0.05319993451016983,0.05307531168777947,0.053064571316123195,0.05306056763018435,0.05305847564039162,0.05305719002646037,0.053056319889104676,0.05305569183919322,0.05305521718501578,0.05305484584434357
TCGA-GN-A4U8-06,TCGA-GN-A4U8,1,0,1,1.0827372285541963,1.1568866504510429,8.17050438955488e-06,0.0,0.0,0.0,0.0,0.0,0.0,0.0,0.0,0.0
TCGA-GN-A4U9-06,TCGA-GN-A4U9,0,1,1,0.1803139593842494,0.1880335323339259,0.3933244040794448,0.38748243159403434,0.38674561527242746,0.38645689501038855,0.3863028184687141,0.38620700873728786,0.38614166966280894,0.3860942595671208,0.38605828922687885,0.38603006389137834
TCGA-GN-A8LK-06,TCGA-GN-A8LK,0,0,0,0.076954481878588,0.0577799522442919,0.0,0.0,0.0,0.0,0.0,0.0,0.0,0.0,0.0,0.0
TCGA-GN-A8LL-06,TCGA-GN-A8LL,0,0,0,0.0617371514480266,0.3291095869206691,0.0,0.0,0.0,0.0,0.0,0.0,0.0,0.0,0.0,0.0
TCGA-GN-A9SD-06,TCGA-GN-A9SD,1,0,1,0.1495777915044269,1.069353427469609,0.2625853618695962,0.2469524849529444,0.24252836036054187,0.24043923237126014,0.239222499987043,0.23842609887525482,0.2378642985379097,0.2374467454967818,0.23712420525852207,0.23686756080239726
TCGA-HR-A2OH-06,TCGA-HR-A2OH,1,0,1,4.302632778862717,6.454018090476284,0.0,0.0,0.0,0.0,0.0,0.0,0.0,0.0,0.0,0.0
TCGA-IH-A3EA-01,TCGA-IH-A3EA,1,0,1,0.3666389158397176,0.1376408427160432,2.660256473031251e-11,0.0,0.0,0.0,0.0,0.0,0.0,0.0,0.0,0.0
TCGA-LH-A9QB-06,TCGA-LH-A9QB,1,0,1,0.414420599565074,0.0197560615743809,0.6037476117049566,0.5975855622452122,0.5968946339708471,0.5966364767098706,0.5965014554375442,0.5964184349927438,0.5963622254200442,0.5963216447184653,0.5962909701532277,0.5962669690179989
TCGA-OD-A75X-06,TCGA-OD-A75X,1,0,1,0.6964333549392898,0.141930066463943,0.6059605448378609,0.5993210564135486,0.5979813120310101,0.5974628768897805,0.5971876980413928,0.5970171010176761,0.5969009864230677,0.5968168484838545,0.5967530768608507,0.5967030751480393
TCGA-QB-A6FS-06,TCGA-QB-A6FS,1,0,1,0.2109911020805169,2.4382458314471123,0.0,0.0,0.0,0.0,0.0,0.0,0.0,0.0,0.0,0.0
TCGA-QB-AA9O-06,TCGA-QB-AA9O,0,1,1,0.533029313005921,1.7390161209109012,0.0,0.0,0.0,0.0,0.0,0.0,0.0,0.0,0.0,0.0
TCGA-W3-A824-06,TCGA-W3-A824,0,1,1,1.8809571196211696,1.7875019565196646,0.11120335131272162,0.0,0.0,0.0,0.0,0.0,0.0,0.0,0.0,0.0
TCGA-W3-A825-06,TCGA-W3-A825,0,1,1,0.3121044320606273,1.4113354767244528,0.0,0.0,0.0,0.0,0.0,0.0,0.0,0.0,0.0,0.0
TCGA-W3-A828-06,TCGA-W3-A828,0,0,0,0.2627880935628419,0.0725395053393756,0.4036079693776638,0.38654149101250157,0.38482923597162555,0.3841794918577126,0.3838374622928216,0.3836264027426677,0.3834831746928205,0.3833796053385938,0.38330122604353256,0.3832398431721187
TCGA-W3-AA1O-06,TCGA-W3-AA1O,0,0,0,0.2611481506251527,0.0277062773316232,0.5846694812698064,0.583523315963495,0.5834202758556667,0.583381684949997,0.5833614813465369,0.5833490520071407,0.5833406337103562,0.5833345546219518,0.583329958679293,0.5833263621196155
TCGA-W3-AA1Q-06,TCGA-W3-AA1Q,1,0,1,1.5100955102444256,0.6349392652224666,0.5897054164565837,0.5349650125219915,0.5079809580086612,0.4962310329436485,0.4896543474569398,0.4854508118472456,0.482532254386856,0.480387585382432,0.4787450291421621,0.4774467312445033
TCGA-W3-AA1R-06,TCGA-W3-AA1R,1,0,1,0.4941747894744446,0.4883211167285656,0.5829826338773746,0.5513439821791905,0.5454354117236466,0.5429429173266367,0.5415683155523912,0.5406972979305238,0.5400959755431146,0.5396558812963688,0.5393198371796813,0.539054843788316
TCGA-W3-AA1V-06,TCGA-W3-AA1V,0,0,0,8.20974896965026,0.1842036543853335,0.5676061843144503,0.5676061843144503,0.5676061843144503,0.5676061843144503,0.5676061843144503,0.4676144314031695,0.34830115249929394,0.2617370996011439,0.1960658886153742,0.14453808441792235
TCGA-W3-AA1W-06,TCGA-W3-AA1W,1,0,1,3.6736795662038286,7.636818551534925,0.0,0.0,0.0,0.0,0.0,0.0,0.0,0.0,0.0,0.0
TCGA-W3-AA21-06,TCGA-W3-AA21,1,0,1,0.0415872300025479,0.2716530332834513,0.42496471130185914,0.4245010501310687,0.4244343308490302,0.42440760914031866,0.4243932124697405,0.4243842116842371,0.4243780519811163,0.42437357154825867,0.4243701660538287,0.42436749008675634
TCGA-WE-A8JZ-06,TCGA-WE-A8JZ,0,1,1,0.2620159803509337,0.1664622463557633,0.6826497772444153,0.6809959523736496,0.6807951459483692,0.680716917038867,0.6806752744766331,0.6806494163773276,0.6806317980662482,0.6806190223458706,0.6806093338909504,0.6806017342756578
TCGA-WE-A8K1-06,TCGA-WE-A8K1,0,1,1,0.9244029713056297,2.145989312461483,1.6240418092625984e-08,0.0,0.0,0.0,0.0,0.0,0.0,0.0,0.0,0.0
TCGA-WE-A8K5-06,TCGA-WE-A8K5,1,0,1,0.3036845693902737,0.4932553410316856,0.43626069190344335,0.4084272633177504,0.40320354982727485,0.4009975125015663,0.3997802691272747,0.3990087329140335,0.39847598550268465,0.3980860261504026,0.39778823314364553,0.39755338466997336
TCGA-WE-A8K6-06,TCGA-WE-A8K6,1,0,1,0.0629511558989813,0.0183810186080059,0.40848711549739913,0.4075389573054832,0.4074558036050438,0.40742474694571507,0.40740850646908106,0.407398521638579,0.40739176174610875,0.40738688136794365,0.407383192642588,0.4073803064890857
TCGA-WE-A8ZM-06,TCGA-WE-A8ZM,0,0,0,0.0611213752087776,0.0076483770573062,0.09325266454972993,0.09316100650763404,0.09315320160971428,0.09315029596976804,0.09314877854093809,0.09314784629811514,0.09314721545104265,0.09314676017793957,0.09314641613406328,0.09314614699502151
TCGA-WE-A8ZN-06,TCGA-WE-A8ZN,0,1,1,0.3557703056894487,3.1360082705253007,0.0,0.0,0.0,0.0,0.0,0.0,0.0,0.0,0.0,0.0
TCGA-WE-A8ZO-06,TCGA-WE-A8ZO,0,1,1,0.9445816077052702,1.020107006247912,0.6012632840068413,0.5328008883988007,0.5139233336658339,0.5050832288717083,0.4999563426362758,0.49660918511050967,0.49425210225251615,0.492502403484985,0.49115211437467776,0.49007848347531685
TCGA-WE-A8ZQ-06,TCGA-WE-A8ZQ,1,0,1,0.063193637734126,0.007907694829275,0.5230120190377802,0.5230097205044297,0.5230095246299871,0.5230094517030105,0.52300941361672,0.5230093902176657,0.5230093743833958,0.5230093629559125,0.5230093543202813,0.5230093475647583
TCGA-WE-A8ZT-06,TCGA-WE-A8ZT,1,0,1,1.118981881807405,0.0681209221486461,0.524105941847265,0.5226210703929982,0.5218939898306639,0.5216184387283607,0.5214734643749092,0.5213840301834193,0.5213233505760224,0.5212794784856064,0.5212462801902953,0.5212202828518929
TCGA-WE-A8ZX-06,TCGA-WE-A8ZX,1,0,1,0.4266898613683498,1.7211992532063467,0.0,0.0,0.0,0.0,0.0,0.0,0.0,0.0,0.0,0.0
TCGA-WE-A8ZY-06,TCGA-WE-A8ZY,0,1,1,0.6315104388545265,0.0939766407842333,0.6779688014054635,0.6734283228576377,0.672596659827418,0.6722791284930334,0.6721115453475012,0.6720079837092151,0.6719376403817292,0.671886741766585,0.6718482043639473,0.6718180127132622
TCGA-WE-AA9Y-06,TCGA-WE-AA9Y,0,0,0,0.1008596812183472,0.2429621868591798,0.4092872319877688,0.40141863275475115,0.400333703833732,0.39990237315249744,0.3996707388475044,0.3995261873200643,0.3994273809248922,0.39935557131088595,0.39930102390366773,0.3992581821183475
TCGA-WE-AAA0-06,TCGA-WE-AAA0,1,0,1,0.2377917259649316,0.3072544288318524,0.17525048711111765,0.1643072833300091,0.16265198563673913,0.16198301979980298,0.16162116883013566,0.16139442627003064,0.1612390261788432,0.16112587472744017,0.16103980448711103,0.16097213229302637
TCGA-WE-AAA3-06,TCGA-WE-AAA3,0,1,1,1.123512463464056,1.1523171479103451,0.5286124501957209,0.3256670699842967,0.2658151105671876,0.23716412906618303,0.22036085634957248,0.20931553663569932,0.20150147544324734,0.19568167616131066,0.19117908861821384,0.1875919826697386
TCGA-WE-AAA4-06,TCGA-WE-AAA4,1,0,1,1.8861258113703068,5.2807878326417965,0.0,0.0,0.0,0.0,0.0,0.0,0.0,0.0,0.0,0.0
TCGA-XV-AB01-06,TCGA-XV-AB01,0,0,0,0.0878932841390304,0.6599307909135942,0.0,0.0,0.0,0.0,0.0,0.0,0.0,0.0,0.0,0.0
TCGA-YD-A89C-06,TCGA-YD-A89C,0,1,1,0.0069155181273177,0.0415351611019043,0.4927961804348132,0.49277443301674795,0.4927724074119385,0.49277164567037257,0.4927712461955874,0.4927710002050398,0.4927708334970029,0.49277071306193565,0.4927706219818801,0.49277055069018416
TCGA-YD-A9TA-06,TCGA-YD-A9TA,0,0,0,0.6398521330385506,0.4440825828260442,0.36947439690337336,0.11016497233198899,0.06394742966711606,0.04489198809793742,0.03479550931426768,0.028719401681084625,0.02474341254850089,0.021976966169658926,0.019959152257302878,0.018431546398742834
TCGA-YG-AA3O-06,TCGA-YG-AA3O,1,0,1,0.2156684490584397,0.338028201840206,0.6051074801660207,0.5960052005578231,0.5945716160069596,0.5939878451396142,0.59367100931059,0.5934720904611269,0.5933355884943381,0.5932361096342664,0.5931603900982142,0.5931008259938075
TCGA-YG-AA3P-06,TCGA-YG-AA3P,0,0,0,0.0254972840205118,0.0542411330420664,0.47382769721438606,0.47363718427396573,0.4736188757572996,0.47361196505285047,0.4736083352883146,0.47360609820258287,0.4736045812895342,0.4736034850029626,0.4736026556919243,0.473602006418597
TCGA-Z2-A8RT-06,TCGA-Z2-A8RT,1,0,1,1.0697006393647064,0.6035276782946055,0.6021709415190729,0.5285445923421433,0.509214972541795,0.5008533479203411,0.49618768818605874,0.4932110370922574,0.49114680699810215,0.4896312290568141,0.4884712231162087,0.487554794839541
TCGA-Z2-AA3S-06,TCGA-Z2-AA3S,0,0,0,0.197557289358454,0.3932497117707549,0.5367448595749267,0.5282916991005606,0.5268674471235446,0.5262796974116035,0.5259587879360701,0.5257566182590382,0.5256175747684516,0.525516083929559,0.5254387424668926,0.5253778474394171
TCGA-Z2-AA3V-06,TCGA-Z2-AA3V,1,0,1,0.5946101274812887,5.01275027600818,0.0,0.0,0.0,0.0,0.0,0.0,0.0,0.0,0.0,0.0
