PATIENT_ID,SAMPLE_ID,subtype,BRAF_VARIANT,NRAS_MUT,immune_score,immune_label,targeted_response,tumour_burden,MKI67,recommendation,rationale,OS_MONTHS,SURV_STATUS
TCGA-3N-A9WB,TCGA-3N-A9WB-06,NRAS,WT,1,0.025057265651957938,immune-cold,0.0,4.544000488110735e-09,1.0681681956833955,Trial / Chemotherapy,BRAF-wild-type + immune-cold: hardest group; trial or chemo fallback,17.02995036,1
TCGA-3N-A9WC,TCGA-3N-A9WC-06,NRAS,WT,1,2.2690096143215066,immune-hot,0.0,0.0,0.4135870571287817,Immunotherapy first,BRAF-wild-type + immune-hot: checkpoint blockade (no targeted option),66.47598383,0
TCGA-3N-A9WD,TCGA-3N-A9WD-06,NRAS,WT,1,0.7437819996119077,immune-hot,0.0,0.3407168830863851,0.4080221640016359,Immunotherapy first,BRAF-wild-type + immune-hot: checkpoint blockade (no targeted option),12.98615906,1
TCGA-BF-A1PU,TCGA-BF-A1PU-01,BRAF,p.V600E,0,0.020392100707219734,immune-cold,0.9533944490294493,0.0,0.8049716374266617,Targeted therapy first,BRAF-V600 + immune-cold: BRAF/MEK inhibitor gives the clearest predicted benefit,12.72314824,0
TCGA-BF-A1PX,TCGA-BF-A1PX-01,BRAF,p.V600E,0,3.434588789327959,immune-hot,0.9253195359391481,0.0,1.2068768221296826,Immunotherapy first,"BRAF-V600 + immune-hot, low burden: durable IO benefit, targeted in reserve",9.271131275,1
TCGA-BF-A1PZ,TCGA-BF-A1PZ-01,NRAS,WT,1,0.22166078442914225,immune-cold,0.0,0.4081758469159903,1.142107098279611,Trial / Chemotherapy,BRAF-wild-type + immune-cold: hardest group; trial or chemo fallback,28.04352829,0
TCGA-BF-A1Q0,TCGA-BF-A1Q0-01,WT,WT,0,0.3129844721509352,immune-cold,0.0,0.5310559228469693,2.367772269259572,Trial / Chemotherapy,BRAF-wild-type + immune-cold: hardest group; trial or chemo fallback,27.32024855,0
TCGA-BF-A3DJ,TCGA-BF-A3DJ-01,BRAF,p.V600E,0,0.23674874487168707,immune-cold,0.8436306288018399,0.0,0.4961178914925578,Targeted therapy first,BRAF-V600 + immune-cold: BRAF/MEK inhibitor gives the clearest predicted benefit,15.25462735,0
TCGA-BF-A3DL,TCGA-BF-A3DL-01,BRAF,p.V600K,0,0.16441159554214926,immune-cold,0.87996623072707,0.0,0.8859120184638645,Targeted therapy first,BRAF-V600 + immune-cold: BRAF/MEK inhibitor gives the clearest predicted benefit,25.28191472,0
TCGA-BF-A3DM,TCGA-BF-A3DM-01,BRAF,p.V600K,0,0.025239047356898036,immune-cold,0.263204683509094,0.5126492262308817,0.4558093107734928,Targeted therapy first,BRAF-V600 + immune-cold: BRAF/MEK inhibitor gives the clearest predicted benefit,19.75868758,0
TCGA-BF-A3DN,TCGA-BF-A3DN-01,BRAF,p.V600E,0,0.0654076271355874,immune-cold,0.3826574282640788,0.4616407516010231,0.8702832863530223,Targeted therapy first,BRAF-V600 + immune-cold: BRAF/MEK inhibitor gives the clearest predicted benefit,23.57234441,0
TCGA-BF-A5EO,TCGA-BF-A5EO-01,NRAS,WT,1,0.39899164221731165,immune-hot,0.0,3.1712704414277036e-06,0.9045552088115654,Immunotherapy first,BRAF-wild-type + immune-hot: checkpoint blockade (no targeted option),23.11207548,0
TCGA-BF-A5EP,TCGA-BF-A5EP-01,WT,WT,0,0.07059862312630827,immune-cold,0.0,0.6696585156113698,0.7855107208477742,Trial / Chemotherapy,BRAF-wild-type + immune-cold: hardest group; trial or chemo fallback,11.01357793,0
TCGA-BF-A5EQ,TCGA-BF-A5EQ-01,BRAF,p.V600K,0,0.7178341572852678,immune-hot,0.8695539166634293,0.0,0.5346961828608994,Immunotherapy first,"BRAF-V600 + immune-hot, low burden: durable IO benefit, targeted in reserve",10.61906171,0
TCGA-BF-A5ER,TCGA-BF-A5ER-01,BRAF,p.V600K,0,0.03868681593914867,immune-cold,0.5252001371142666,0.2841480257249745,0.7799463115823042,Targeted therapy first,BRAF-V600 + immune-cold: BRAF/MEK inhibitor gives the clearest predicted benefit,10.75056712,0
TCGA-BF-A5ES,TCGA-BF-A5ES-01,WT,WT,0,0.1773332989139312,immune-cold,0.0,0.2203997929022042,0.9654879095768388,Trial / Chemotherapy,BRAF-wild-type + immune-cold: hardest group; trial or chemo fallback,16.1094125,0
TCGA-BF-AAP0,TCGA-BF-AAP0-06,BRAF,p.V600K,0,2.683010680421194,immune-hot,0.2739676995652679,0.0,0.7865171531323114,Immunotherapy first,"BRAF-V600 + immune-hot, low burden: durable IO benefit, targeted in reserve",14.92586383,0
TCGA-D3-A1Q1,TCGA-D3-A1Q1-06,NRAS,WT,1,0.0534237806015238,immune-cold,0.0,0.5088352438788665,0.3174906768374638,Trial / Chemotherapy,BRAF-wild-type + immune-cold: hardest group; trial or chemo fallback,16.56968143,1
TCGA-D3-A1Q3,TCGA-D3-A1Q3-06,WT,WT,0,0.5053657646260316,immune-hot,0.0,0.3939431751467213,1.0411638755872317,Immunotherapy first,BRAF-wild-type + immune-hot: checkpoint blockade (no targeted option),16.66831048,1
TCGA-D3-A1Q4,TCGA-D3-A1Q4-06,BRAF,p.V600E,0,0.17018856605183905,immune-cold,0.4551560093116617,0.1572328425717952,1.2922784078127667,Targeted therapy first,BRAF-V600 + immune-cold: BRAF/MEK inhibitor gives the clearest predicted benefit,112.0426078,0
TCGA-D3-A1Q5,TCGA-D3-A1Q5-06,BRAF,p.V600E,0,0.17827309158313068,immune-cold,0.4240799120399437,0.1583162846604589,0.5148094680077847,Targeted therapy first,BRAF-V600 + immune-cold: BRAF/MEK inhibitor gives the clearest predicted benefit,112.5686294,1
TCGA-D3-A1Q6,TCGA-D3-A1Q6-06,BRAF,p.V600E,0,0.1620402336289213,immune-cold,0.1451810997879123,0.4290934568790397,0.6480456189069008,Targeted therapy first,BRAF-V600 + immune-cold: BRAF/MEK inhibitor gives the clearest predicted benefit,71.80195286,1
TCGA-D3-A1Q7,TCGA-D3-A1Q7-06,BRAF,p.V600E,0,4.813471776910161,immune-hot,0.6393766722207896,0.0,1.6898917394562467,Immunotherapy first,"BRAF-V600 + immune-hot, low burden: durable IO benefit, targeted in reserve",133.2478548,0
TCGA-D3-A1Q8,TCGA-D3-A1Q8-06,NRAS,WT,1,0.15020322604791972,immune-cold,0.0,0.5640514392004669,0.4562873661086479,Trial / Chemotherapy,BRAF-wild-type + immune-cold: hardest group; trial or chemo fallback,28.07640464,1
TCGA-D3-A1Q9,TCGA-D3-A1Q9-06,BRAF,p.V600E,0,0.6399094432835397,immune-hot,0.08346381742894791,0.271470032784144,0.69175284403298,Targeted -> Immunotherapy,"BRAF-V600 + immune-hot, high burden: targeted for rapid control, then IO",31.59417431,1
TCGA-D3-A1QA,TCGA-D3-A1QA-06,BRAF,p.V600R,0,0.20362505000626716,immune-cold,0.4172745703432147,0.4428091179921675,0.7911477093645329,Targeted therapy first,BRAF-V600 + immune-cold: BRAF/MEK inhibitor gives the clearest predicted benefit,90.90311339,0
TCGA-D3-A1QB,TCGA-D3-A1QB-06,NRAS,WT,1,4.7312116047935255,immune-hot,0.0,0.0,0.7475759655075261,Immunotherapy first,BRAF-wild-type + immune-hot: checkpoint blockade (no targeted option),95.73593714,0
TCGA-D3-A2J6,TCGA-D3-A2J6-06,WT,WT,0,1.665603832372066,immune-hot,0.0,0.0,3.3152702017503084,Immunotherapy first,BRAF-wild-type + immune-hot: checkpoint blockade (no targeted option),43.42966105,1
TCGA-D3-A2J7,TCGA-D3-A2J7-06,BRAF,p.V600E,0,0.7208226535454673,immune-hot,0.37196216042173796,0.1548759107387019,0.5958466213800391,Targeted -> Immunotherapy,"BRAF-V600 + immune-hot, high burden: targeted for rapid control, then IO",103.10024,1
TCGA-D3-A2J8,TCGA-D3-A2J8-06,NRAS,WT,1,3.138375989702211,immune-hot,0.0,0.0,2.0525847739963377,Immunotherapy first,BRAF-wild-type + immune-hot: checkpoint blockade (no targeted option),65.48969326,1
TCGA-D3-A2J9,TCGA-D3-A2J9-06,WT,WT,0,7.305015335934653,immune-hot,0.007539605069100598,0.0,0.90452617711105,Immunotherapy first,BRAF-wild-type + immune-hot: checkpoint blockade (no targeted option),23.76960253,1
TCGA-D3-A2JA,TCGA-D3-A2JA-06,BRAF,p.V600E,0,0.4967211380525074,immune-hot,0.5305970416336521,6.260086543552871e-10,0.8875136006089692,Immunotherapy first,"BRAF-V600 + immune-hot, low burden: durable IO benefit, targeted in reserve",115.5275011,0
TCGA-D3-A2JC,TCGA-D3-A2JC-06,WT,WT,0,0.8090090547440809,immune-hot,0.0,0.3937162965277659,0.9208419928007584,Immunotherapy first,BRAF-wild-type + immune-hot: checkpoint blockade (no targeted option),86.76069303,0
TCGA-D3-A2JD,TCGA-D3-A2JD-06,BRAF,p.V600E,0,0.3081262430030892,immune-cold,0.8138520547885058,0.0,1.3535981979182463,Targeted therapy first,BRAF-V600 + immune-cold: BRAF/MEK inhibitor gives the clearest predicted benefit,11.86836309,1
TCGA-D3-A2JE,TCGA-D3-A2JE-06,BRAF,p.V600E,0,0.0300774105436028,immune-cold,0.882246218500308,0.0,0.9840681979067564,Targeted therapy first,BRAF-V600 + immune-cold: BRAF/MEK inhibitor gives the clearest predicted benefit,27.64901207,1
TCGA-D3-A2JF,TCGA-D3-A2JF-06,WT,WT,0,1.1621543333302267,immune-hot,0.0,0.0,0.7684449195614151,Immunotherapy first,BRAF-wild-type + immune-hot: checkpoint blockade (no targeted option),62.07055265,0
TCGA-D3-A2JG,TCGA-D3-A2JG-06,BRAF,p.V600E,0,0.0799366431429885,immune-cold,0.3371647733754742,0.4889813333006975,0.2206801167134652,Targeted therapy first,BRAF-V600 + immune-cold: BRAF/MEK inhibitor gives the clearest predicted benefit,113.5220436,1
TCGA-D3-A2JH,TCGA-D3-A2JH-06,BRAF,p.K601E,0,6.357222949991218,immune-hot,0.2560819255934251,0.0,1.0924774062483706,Immunotherapy first,"BRAF-V600 + immune-hot, low burden: durable IO benefit, targeted in reserve",42.08173061,0
TCGA-D3-A2JK,TCGA-D3-A2JK-06,BRAF,p.V600E,0,0.08280851653010757,immune-cold,0.9965013356389859,0.0,0.8758283411514821,Targeted therapy first,BRAF-V600 + immune-cold: BRAF/MEK inhibitor gives the clearest predicted benefit,12.09849755,1
TCGA-D3-A2JL,TCGA-D3-A2JL-06,NRAS,WT,1,2.2078421781148907,immune-hot,0.0,0.0,0.666790420206406,Immunotherapy first,BRAF-wild-type + immune-hot: checkpoint blockade (no targeted option),171.5816813,0
TCGA-D3-A2JN,TCGA-D3-A2JN-06,BRAF,p.V600E,0,1.8250960926397133,immune-hot,0.8498710319360231,0.0,0.9898842152433606,Immunotherapy first,"BRAF-V600 + immune-hot, low burden: durable IO benefit, targeted in reserve",66.47598383,1
TCGA-D3-A2JO,TCGA-D3-A2JO-06,NRAS,WT,1,2.778439478193493,immune-hot,0.0,0.0,2.776156361794301,Immunotherapy first,BRAF-wild-type + immune-hot: checkpoint blockade (no targeted option),66.0814676,0
TCGA-D3-A2JP,TCGA-D3-A2JP-06,BRAF,p.V600E,0,1.3550914631527016,immune-hot,0.919423225702517,0.0,0.4908002516814695,Immunotherapy first,"BRAF-V600 + immune-hot, low burden: durable IO benefit, targeted in reserve",59.5719499,0
TCGA-D3-A3BZ,TCGA-D3-A3BZ-06,WT,WT,0,1.2971052996129881,immune-hot,0.0,0.0,1.6462232232641882,Immunotherapy first,BRAF-wild-type + immune-hot: checkpoint blockade (no targeted option),130.7163757,0
TCGA-D3-A3C6,TCGA-D3-A3C6-06,BRAF,p.V600E,0,0.026570291782479768,immune-cold,0.7983506596806277,1.8975905588016078e-10,1.0880839422370256,Targeted therapy first,BRAF-V600 + immune-cold: BRAF/MEK inhibitor gives the clearest predicted benefit,58.0596377,1
TCGA-D3-A3C7,TCGA-D3-A3C7-06,BRAF,p.V600E,0,0.9808268620078762,immune-hot,0.39554230836879495,0.0,0.4256265033325574,Immunotherapy first,"BRAF-V600 + immune-hot, low burden: durable IO benefit, targeted in reserve",46.98030707,0
TCGA-D3-A3C8,TCGA-D3-A3C8-06,WT,WT,0,12.762179147343835,immune-hot,0.0,0.0,2.1791629882439,Immunotherapy first,BRAF-wild-type + immune-hot: checkpoint blockade (no targeted option),46.32278002,0
TCGA-D3-A3CB,TCGA-D3-A3CB-06,BRAF,p.V600E,0,3.4957120847764482,immune-hot,0.4573241894959713,0.0,0.7420260720923139,Immunotherapy first,"BRAF-V600 + immune-hot, low burden: durable IO benefit, targeted in reserve",166.5187231,0
TCGA-D3-A3CC,TCGA-D3-A3CC-06,WT,WT,0,0.048123025532474106,immune-cold,0.0,0.5779786484936908,0.6231122267808423,Trial / Chemotherapy,BRAF-wild-type + immune-cold: hardest group; trial or chemo fallback,86.92507479,0
TCGA-D3-A3CE,TCGA-D3-A3CE-06,BRAF,p.V600E,0,1.5726365696845968,immune-hot,0.28939111811124435,0.0,1.1842224184940906,Immunotherapy first,"BRAF-V600 + immune-hot, low burden: durable IO benefit, targeted in reserve",60.22947694,1
TCGA-D3-A3CF,TCGA-D3-A3CF-06,WT,WT,0,0.6602620799234483,immune-hot,0.0,0.0002078012324988,0.990111630230732,Immunotherapy first,BRAF-wild-type + immune-hot: checkpoint blockade (no targeted option),24.52575862,1
TCGA-D3-A3ML,TCGA-D3-A3ML-06,NRAS,WT,1,0.019354787216538803,immune-cold,0.0,0.605135297601866,1.9848393008434275,Trial / Chemotherapy,BRAF-wild-type + immune-cold: hardest group; trial or chemo fallback,13.87382056,1
TCGA-D3-A3MO,TCGA-D3-A3MO-06,BRAF,p.V600E,0,0.1730579907297238,immune-cold,0.30452666283574614,0.3782223044544133,0.7952702108377334,Targeted therapy first,BRAF-V600 + immune-cold: BRAF/MEK inhibitor gives the clearest predicted benefit,9.336883979,1
TCGA-D3-A3MR,TCGA-D3-A3MR-06,BRAF,p.V600E,0,3.1421641794090416,immune-hot,0.6586080635060634,0.0,0.8450208682877883,Immunotherapy first,"BRAF-V600 + immune-hot, low burden: durable IO benefit, targeted in reserve",103.5933853,0
TCGA-D3-A3MU,TCGA-D3-A3MU-06,BRAF,p.V600E,0,0.17308834634032125,immune-cold,0.20745429195258275,0.4410213749043849,0.5480072175472543,Targeted therapy first,BRAF-V600 + immune-cold: BRAF/MEK inhibitor gives the clearest predicted benefit,39.74750962,0
TCGA-D3-A3MV,TCGA-D3-A3MV-06,NRAS,WT,1,0.07009790016620954,immune-cold,0.0,0.5771544100455894,1.010424143358074,Trial / Chemotherapy,BRAF-wild-type + immune-cold: hardest group; trial or chemo fallback,45.30361311,0
TCGA-D3-A51E,TCGA-D3-A51E-06,NRAS,WT,1,1.0855023103482435,immune-hot,0.0,0.0603963606682358,0.951305923875019,Immunotherapy first,BRAF-wild-type + immune-hot: checkpoint blockade (no targeted option),174.8364402,0
TCGA-D3-A51F,TCGA-D3-A51F-06,WT,WT,0,10.111337613432218,immune-hot,0.0,0.0,1.091567746298885,Immunotherapy first,BRAF-wild-type + immune-hot: checkpoint blockade (no targeted option),55.72541671,0
TCGA-D3-A51H,TCGA-D3-A51H-06,WT,WT,0,1.4053733077127193,immune-hot,0.0,0.0,1.1120157406952995,Immunotherapy first,BRAF-wild-type + immune-hot: checkpoint blockade (no targeted option),56.3500674,0
TCGA-D3-A51J,TCGA-D3-A51J-06,BRAF,p.V600E,0,2.8948830812192425,immune-hot,0.8441143759865106,0.0,1.0322850138462425,Immunotherapy first,"BRAF-V600 + immune-hot, low burden: durable IO benefit, targeted in reserve",145.1162179,0
TCGA-D3-A51K,TCGA-D3-A51K-06,WT,WT,0,0.6305606831578036,immune-hot,0.0,0.0,0.4235671880426577,Immunotherapy first,BRAF-wild-type + immune-hot: checkpoint blockade (no targeted option),32.94210474,0
TCGA-D3-A51N,TCGA-D3-A51N-06,BRAF,p.V600E,0,0.27535543124688266,immune-cold,0.7120113499824664,0.0,0.2524098299302013,Targeted therapy first,BRAF-V600 + immune-cold: BRAF/MEK inhibitor gives the clearest predicted benefit,22.6189302,0
TCGA-D3-A51R,TCGA-D3-A51R-06,NRAS,WT,1,0.011785047715621067,immune-cold,0.0,0.4866964810385747,2.356633773495127,Trial / Chemotherapy,BRAF-wild-type + immune-cold: hardest group; trial or chemo fallback,63.81299931,0
TCGA-D3-A51T,TCGA-D3-A51T-06,WT,WT,0,0.24541925273915977,immune-cold,0.0,0.2738032327862897,0.4402047717464132,Trial / Chemotherapy,BRAF-wild-type + immune-cold: hardest group; trial or chemo fallback,26.89285597,0
TCGA-D3-A5GL,TCGA-D3-A5GL-06,WT,WT,0,0.044814712874074035,immune-cold,0.0,7.562884726014137e-10,1.291020367457095,Trial / Chemotherapy,BRAF-wild-type + immune-cold: hardest group; trial or chemo fallback,125.7849229,0
TCGA-D3-A5GN,TCGA-D3-A5GN-06,BRAF,p.V600E,0,0.6675288277125696,immune-hot,0.6368285052952664,0.0,0.9780925062173168,Immunotherapy first,"BRAF-V600 + immune-hot, low burden: durable IO benefit, targeted in reserve",135.7464576,0
TCGA-D3-A5GO,TCGA-D3-A5GO-06,NRAS,WT,1,0.6144508065969769,immune-hot,0.0,0.4191830590238369,0.6357265006548253,Immunotherapy first,BRAF-wild-type + immune-hot: checkpoint blockade (no targeted option),137.9162968,0
TCGA-D3-A5GR,TCGA-D3-A5GR-06,BRAF,p.V600E,0,0.5145344172760764,immune-hot,0.28726839012277094,0.2794152833050423,1.036765572959134,Targeted -> Immunotherapy,"BRAF-V600 + immune-hot, high burden: targeted for rapid control, then IO",178.3213335,0
TCGA-D3-A5GS,TCGA-D3-A5GS-06,BRAF,p.V600E,0,0.7100950828746825,immune-hot,0.8811466055991793,0.0,0.2946611152754282,Immunotherapy first,"BRAF-V600 + immune-hot, low burden: durable IO benefit, targeted in reserve",18.18062268,0
TCGA-D3-A5GT,TCGA-D3-A5GT-01,BRAF,p.V600E,0,0.015932190525569934,immune-cold,0.9289511687072736,0.0,0.3779380643424532,Targeted therapy first,BRAF-V600 + immune-cold: BRAF/MEK inhibitor gives the clearest predicted benefit,16.01078344,0
TCGA-D3-A5GU,TCGA-D3-A5GU-06,BRAF,p.V600E,0,0.668915556701018,immune-hot,0.4466699979655604,0.0,0.7088138067025865,Immunotherapy first,"BRAF-V600 + immune-hot, low burden: durable IO benefit, targeted in reserve",125.1931486,0
TCGA-D3-A8GB,TCGA-D3-A8GB-06,BRAF,p.V600E,0,1.879510822182566,immune-hot,0.8243043337156224,0.0,0.3552076944238456,Immunotherapy first,"BRAF-V600 + immune-hot, low burden: durable IO benefit, targeted in reserve",30.83801821,1
TCGA-D3-A8GC,TCGA-D3-A8GC-06,NRAS,WT,1,0.12156524345238846,immune-cold,0.0,0.6666495490681148,0.4037917613748529,Trial / Chemotherapy,BRAF-wild-type + immune-cold: hardest group; trial or chemo fallback,79.59364829,1
TCGA-D3-A8GD,TCGA-D3-A8GD-06,BRAF,p.V600E,0,3.351724259995754,immune-hot,0.5773755870207873,0.0,1.0318446997217574,Immunotherapy first,"BRAF-V600 + immune-hot, low burden: durable IO benefit, targeted in reserve",23.60522077,0
TCGA-D3-A8GE,TCGA-D3-A8GE-06,WT,WT,0,0.8387533675743288,immune-hot,0.0,0.079496388311661,0.1082998556030061,Immunotherapy first,BRAF-wild-type + immune-hot: checkpoint blockade (no targeted option),26.43258704,0
TCGA-D3-A8GI,TCGA-D3-A8GI-06,WT,WT,0,0.13047675306580495,immune-cold,0.0,0.0,1.0998030720117808,Trial / Chemotherapy,BRAF-wild-type + immune-cold: hardest group; trial or chemo fallback,58.51990663,1
TCGA-D3-A8GJ,TCGA-D3-A8GJ-06,BRAF,p.V600E,0,6.460930336529948,immune-hot,0.9275664484022451,0.0,0.6143204601413996,Immunotherapy first,"BRAF-V600 + immune-hot, low burden: durable IO benefit, targeted in reserve",241.3781767,0
TCGA-D3-A8GK,TCGA-D3-A8GK-06,NRAS,WT,1,0.025440742428115632,immune-cold,0.0,0.6373971441025145,1.243916433370703,Trial / Chemotherapy,BRAF-wild-type + immune-cold: hardest group; trial or chemo fallback,170.2008745,0
TCGA-D3-A8GL,TCGA-D3-A8GL-06,NRAS,WT,1,0.007025903206464501,immune-cold,0.0,0.605047650206832,1.0938515734061045,Trial / Chemotherapy,BRAF-wild-type + immune-cold: hardest group; trial or chemo fallback,89.12779038,1
TCGA-D3-A8GM,TCGA-D3-A8GM-06,WT,WT,0,0.4887532985022232,immune-hot,0.0,0.4609993464328308,1.5735230065566337,Immunotherapy first,BRAF-wild-type + immune-hot: checkpoint blockade (no targeted option),107.1440313,1
TCGA-D3-A8GN,TCGA-D3-A8GN-06,BRAF,p.V600E,0,1.7112866444629002,immune-hot,0.8378025177664395,0.0,0.399377975173147,Immunotherapy first,"BRAF-V600 + immune-hot, low burden: durable IO benefit, targeted in reserve",160.9954959,0
TCGA-D3-A8GP,TCGA-D3-A8GP-06,WT,WT,0,0.14399045893409226,immune-cold,0.0,0.3391582791656501,0.5007387704912744,Trial / Chemotherapy,BRAF-wild-type + immune-cold: hardest group; trial or chemo fallback,152.7435316,0
TCGA-D3-A8GQ,TCGA-D3-A8GQ-06,NRAS,WT,1,0.29946067181971076,immune-cold,0.0,0.4372311155050434,0.7346907290953986,Trial / Chemotherapy,BRAF-wild-type + immune-cold: hardest group; trial or chemo fallback,29.0626952,1
TCGA-D3-A8GS,TCGA-D3-A8GS-06,BRAF,p.V600E,0,2.1096511827956665,immune-hot,0.2786771195653852,0.0,0.9055955114133706,Immunotherapy first,"BRAF-V600 + immune-hot, low burden: durable IO benefit, targeted in reserve",117.1713187,1
TCGA-D3-A8GV,TCGA-D3-A8GV-06,BRAF,p.V600E,0,0.1531473404219006,immune-cold,0.38323804000557726,0.4326794950923923,0.8531013582646013,Targeted therapy first,BRAF-V600 + immune-cold: BRAF/MEK inhibitor gives the clearest predicted benefit,167.7022718,1
TCGA-D9-A148,TCGA-D9-A148-06,BRAF,p.V600E,0,0.3804054092505316,immune-hot,0.5519650408215028,0.2702446633894859,0.5462362838158091,Targeted -> Immunotherapy,"BRAF-V600 + immune-hot, high burden: targeted for rapid control, then IO",151.5271066,0
TCGA-D9-A149,TCGA-D9-A149-06,WT,WT,0,0.6495160286212319,immune-hot,0.0,0.2973675199648062,0.7976604875135093,Immunotherapy first,BRAF-wild-type + immune-hot: checkpoint blockade (no targeted option),54.67337344,0
TCGA-D9-A1JW,TCGA-D9-A1JW-06,WT,WT,0,0.9832347187304773,immune-hot,0.0,0.1819456344156598,0.9230532406566888,Immunotherapy first,BRAF-wild-type + immune-hot: checkpoint blockade (no targeted option),3.649275076,0
TCGA-D9-A1JX,TCGA-D9-A1JX-06,BRAF,p.V600E,0,1.7190467220475967,immune-hot,0.14759151914148086,0.0,1.7407359242923852,Immunotherapy first,"BRAF-V600 + immune-hot, low burden: durable IO benefit, targeted in reserve",7.101292041,1
TCGA-D9-A1X3,TCGA-D9-A1X3-06,WT,WT,0,0.0064809004492177675,immune-cold,0.0,0.5914401033024916,0.8055425942034664,Trial / Chemotherapy,BRAF-wild-type + immune-cold: hardest group; trial or chemo fallback,18.11486997,0
TCGA-D9-A3Z1,TCGA-D9-A3Z1-06,NRAS,WT,1,1.9948225164128275,immune-hot,0.0,0.0,1.2472937878640056,Immunotherapy first,BRAF-wild-type + immune-hot: checkpoint blockade (no targeted option),15.38613276,1
TCGA-D9-A3Z3,TCGA-D9-A3Z3-06,BRAF,p.V600E,0,0.6011405696989714,immune-hot,0.20540998430924523,0.1894992254513896,1.041531610460428,Targeted -> Immunotherapy,"BRAF-V600 + immune-hot, high burden: targeted for rapid control, then IO",22.29016668,0
TCGA-D9-A3Z4,TCGA-D9-A3Z4-01,NRAS,WT,1,0.36265674750186383,immune-hot,0.0,0.3603605055115756,0.4373436976606115,Immunotherapy first,BRAF-wild-type + immune-hot: checkpoint blockade (no targeted option),17.06282671,1
TCGA-D9-A4Z2,TCGA-D9-A4Z2-01,BRAF,p.V600E,0,0.058383402685743636,immune-cold,0.611916264213072,0.0166238612030337,0.7592273546477452,Targeted therapy first,BRAF-V600 + immune-cold: BRAF/MEK inhibitor gives the clearest predicted benefit,6.246506888,1
TCGA-D9-A4Z3,TCGA-D9-A4Z3-01,NRAS,WT,1,0.20485807947231746,immune-cold,0.0,0.5678913776917034,0.6994123743523184,Trial / Chemotherapy,BRAF-wild-type + immune-cold: hardest group; trial or chemo fallback,16.60255778,0
TCGA-D9-A4Z5,TCGA-D9-A4Z5-01,WT,WT,0,0.06103905594293949,immune-cold,0.024384312586879165,0.5376070959563268,0.1427048400222451,Trial / Chemotherapy,BRAF-wild-type + immune-cold: hardest group; trial or chemo fallback,7.167044745,0
TCGA-D9-A4Z6,TCGA-D9-A4Z6-06,WT,WT,0,0.12337067140726421,immune-cold,0.0,0.0310427765900582,0.8154569199295082,Trial / Chemotherapy,BRAF-wild-type + immune-cold: hardest group; trial or chemo fallback,18.44363349,1
TCGA-D9-A6E9,TCGA-D9-A6E9-06,BRAF,p.V600E,0,8.329708053266094,immune-hot,0.9027335378642382,0.0,0.6574518898739216,Immunotherapy first,"BRAF-V600 + immune-hot, low burden: durable IO benefit, targeted in reserve",9.895781964,0
TCGA-D9-A6EA,TCGA-D9-A6EA-06,NRAS,WT,1,0.0783284626380658,immune-cold,0.0,0.6083895628941829,0.5724519093813019,Trial / Chemotherapy,BRAF-wild-type + immune-cold: hardest group; trial or chemo fallback,25.18328566,0
TCGA-D9-A6EC,TCGA-D9-A6EC-06,WT,WT,0,0.031319183682581665,immune-cold,0.0,0.5712190194105777,0.3807913966414512,Trial / Chemotherapy,BRAF-wild-type + immune-cold: hardest group; trial or chemo fallback,77.55531446,0
TCGA-D9-A6EG,TCGA-D9-A6EG-06,BRAF,p.V600E,0,0.0341138670510649,immune-cold,0.28531357306240346,0.5192957722676564,0.4866100095737329,Targeted therapy first,BRAF-V600 + immune-cold: BRAF/MEK inhibitor gives the clearest predicted benefit,22.94769372,1
TCGA-DA-A1HV,TCGA-DA-A1HV-06,NRAS,WT,1,1.4256972738164546,immune-hot,0.0,0.0094131050392619,0.9813488952918048,Immunotherapy first,BRAF-wild-type + immune-hot: checkpoint blockade (no targeted option),76.5690239,0
TCGA-DA-A1HW,TCGA-DA-A1HW-06,BRAF,p.V600E,0,2.3123795301851864,immune-hot,0.48151923385119444,0.0,1.5131080377838866,Immunotherapy first,"BRAF-V600 + immune-hot, low burden: durable IO benefit, targeted in reserve",26.95860867,0
TCGA-DA-A1HY,TCGA-DA-A1HY-06,BRAF,p.V600E,0,0.05768268110576683,immune-cold,0.47289939554285615,0.3170976706070916,0.6260057195988868,Targeted therapy first,BRAF-V600 + immune-cold: BRAF/MEK inhibitor gives the clearest predicted benefit,144.8860834,0
TCGA-DA-A1I0,TCGA-DA-A1I0-06,BRAF,p.V600K,0,0.21055560094329953,immune-cold,0.584714652844888,0.0171304877267661,0.5673326528570695,Targeted therapy first,BRAF-V600 + immune-cold: BRAF/MEK inhibitor gives the clearest predicted benefit,20.38333827,1
TCGA-DA-A1I1,TCGA-DA-A1I1-06,NRAS,WT,1,0.6951946307562085,immune-hot,0.0,0.4801513237541385,0.4789122541820497,Immunotherapy first,BRAF-wild-type + immune-hot: checkpoint blockade (no targeted option),222.5071506,0
TCGA-DA-A1I2,TCGA-DA-A1I2-06,BRAF,p.V600E,0,0.2563607757955511,immune-cold,0.25233917215032176,0.1883792416701818,0.8386726031083999,Targeted therapy first,BRAF-V600 + immune-cold: BRAF/MEK inhibitor gives the clearest predicted benefit,176.5460105,1
TCGA-DA-A1I4,TCGA-DA-A1I4-06,BRAF,p.V600E,0,0.17592402239370072,immune-cold,0.4475302925174571,0.1332745736957291,0.6614727803953176,Targeted therapy first,BRAF-V600 + immune-cold: BRAF/MEK inhibitor gives the clearest predicted benefit,35.93385278,1
TCGA-DA-A1I5,TCGA-DA-A1I5-06,BRAF,p.V600E,0,0.9215812689417294,immune-hot,0.9215945540932011,0.0,0.7547709886186166,Immunotherapy first,"BRAF-V600 + immune-hot, low burden: durable IO benefit, targeted in reserve",135.0231778,0
TCGA-DA-A1I7,TCGA-DA-A1I7-06,BRAF,p.V600E,0,0.2158684877105804,immune-cold,0.4123026020771174,0.4070845006446328,0.8138795308681663,Targeted therapy first,BRAF-V600 + immune-cold: BRAF/MEK inhibitor gives the clearest predicted benefit,88.86477956,0
TCGA-DA-A1I8,TCGA-DA-A1I8-06,BRAF,p.V600E,0,0.05332059545046433,immune-cold,0.6613778253458557,0.4143047461522876,0.4341724682409689,Targeted therapy first,BRAF-V600 + immune-cold: BRAF/MEK inhibitor gives the clearest predicted benefit,53.91721735,1
TCGA-DA-A1IA,TCGA-DA-A1IA-06,WT,WT,0,0.0648506248331783,immune-cold,0.0,0.6033981688313639,0.8785863527004543,Trial / Chemotherapy,BRAF-wild-type + immune-cold: hardest group; trial or chemo fallback,65.91708584,1
TCGA-DA-A1IB,TCGA-DA-A1IB-06,WT,WT,0,3.0827623961479182,immune-hot,0.0,0.0,0.96116218620003,Immunotherapy first,BRAF-wild-type + immune-hot: checkpoint blockade (no targeted option),27.12299043,0
TCGA-DA-A1IC,TCGA-DA-A1IC-06,WT,WT,0,0.22625024935041516,immune-cold,0.0,0.4941862280001715,0.5442234192467347,Trial / Chemotherapy,BRAF-wild-type + immune-cold: hardest group; trial or chemo fallback,68.08692508,1
TCGA-DA-A3F2,TCGA-DA-A3F2-06,WT,WT,0,12.496278784440962,immune-hot,0.0,0.0,0.977439292955718,Immunotherapy first,BRAF-wild-type + immune-hot: checkpoint blockade (no targeted option),33.92839531,1
TCGA-DA-A3F3,TCGA-DA-A3F3-06,NRAS,WT,1,0.12428404883665554,immune-cold,0.0,0.5451488796313851,1.5201288706918838,Trial / Chemotherapy,BRAF-wild-type + immune-cold: hardest group; trial or chemo fallback,10.4875563,1
TCGA-DA-A3F5,TCGA-DA-A3F5-06,BRAF,p.V600E,0,0.17569984908331562,immune-cold,0.36450748970194125,0.4245319447091781,1.892571717988429,Targeted therapy first,BRAF-V600 + immune-cold: BRAF/MEK inhibitor gives the clearest predicted benefit,225.9591676,1
TCGA-DA-A3F8,TCGA-DA-A3F8-06,BRAF,p.V600K,0,7.984656019229296,immune-hot,0.253245413307399,0.0,0.6503778321816457,Immunotherapy first,"BRAF-V600 + immune-hot, low burden: durable IO benefit, targeted in reserve",43.36390834,0
TCGA-DA-A95V,TCGA-DA-A95V-06,WT,WT,0,0.8648407193558397,immune-hot,0.0,0.0,0.1755411448902968,Immunotherapy first,BRAF-wild-type + immune-hot: checkpoint blockade (no targeted option),72.09784002,0
TCGA-DA-A95W,TCGA-DA-A95W-06,BRAF,p.V600E,0,0.4827652584886681,immune-hot,0.916620321217626,0.0,0.3768363113078901,Immunotherapy first,"BRAF-V600 + immune-hot, low burden: durable IO benefit, targeted in reserve",37.34753592,0
TCGA-DA-A95X,TCGA-DA-A95X-06,NRAS,WT,1,0.24814786183462637,immune-cold,0.0,0.4315016225372198,1.4582332851928466,Trial / Chemotherapy,BRAF-wild-type + immune-cold: hardest group; trial or chemo fallback,73.93891574,0
TCGA-DA-A95Y,TCGA-DA-A95Y-06,WT,WT,0,0.052811768678495706,immune-cold,0.0,0.5837344574377338,0.9894439011188756,Trial / Chemotherapy,BRAF-wild-type + immune-cold: hardest group; trial or chemo fallback,14.13683138,1
TCGA-DA-A95Z,TCGA-DA-A95Z-06,WT,WT,0,0.18925488929379708,immune-cold,0.0,0.4983895528756612,0.4838616752582655,Trial / Chemotherapy,BRAF-wild-type + immune-cold: hardest group; trial or chemo fallback,13.01903541,0
TCGA-EB-A1NK,TCGA-EB-A1NK-01,NRAS,WT,1,0.16790347686537319,immune-cold,0.0,0.6586614799776662,1.1916303407422946,Trial / Chemotherapy,BRAF-wild-type + immune-cold: hardest group; trial or chemo fallback,34.15852977,0
TCGA-EB-A24C,TCGA-EB-A24C-01,BRAF,p.V600E,0,0.014289087815869001,immune-cold,0.39844933116444403,0.4589951306293116,0.3707261060727287,Targeted therapy first,BRAF-V600 + immune-cold: BRAF/MEK inhibitor gives the clearest predicted benefit,20.77785449,0
TCGA-EB-A24D,TCGA-EB-A24D-01,BRAF,p.K601E,0,0.22007737934261873,immune-cold,0.3633970428052232,0.3232145029172382,0.8642688857295622,Targeted therapy first,BRAF-V600 + immune-cold: BRAF/MEK inhibitor gives the clearest predicted benefit,21.20524707,0
TCGA-EB-A299,TCGA-EB-A299-01,BRAF,p.V600E,0,0.43244200604465205,immune-hot,0.9318018129866555,0.0,0.4094214919664828,Immunotherapy first,"BRAF-V600 + immune-hot, low burden: durable IO benefit, targeted in reserve",12.42726107,0
TCGA-EB-A3HV,TCGA-EB-A3HV-01,BRAF,p.V600E,0,0.1363621388594869,immune-cold,0.6286202845002223,0.0787744214643572,0.9227484078012762,Targeted therapy first,BRAF-V600 + immune-cold: BRAF/MEK inhibitor gives the clearest predicted benefit,1.28217773,0
TCGA-EB-A3XB,TCGA-EB-A3XB-01,BRAF,p.V600K,0,0.27490384482691543,immune-cold,0.4741860885871821,0.0720964337017935,0.6008303966351992,Targeted therapy first,BRAF-V600 + immune-cold: BRAF/MEK inhibitor gives the clearest predicted benefit,26.16957622,0
TCGA-EB-A3XC,TCGA-EB-A3XC-01,BRAF,p.V600R,0,0.17388090812002524,immune-cold,0.2357356299240149,0.3918323594991817,1.1094803055169462,Targeted therapy first,BRAF-V600 + immune-cold: BRAF/MEK inhibitor gives the clearest predicted benefit,21.36962883,0
TCGA-EB-A3XD,TCGA-EB-A3XD-01,BRAF,p.V600E,0,0.6827329629048812,immune-hot,0.9141795309971361,0.0,0.4227741387569099,Immunotherapy first,"BRAF-V600 + immune-hot, low burden: durable IO benefit, targeted in reserve",38.13656837,0
TCGA-EB-A3XE,TCGA-EB-A3XE-01,BRAF,p.V600E,0,0.378532754992307,immune-hot,0.9293297410282412,0.0,0.157814388555535,Immunotherapy first,"BRAF-V600 + immune-hot, low burden: durable IO benefit, targeted in reserve",5.917743367,0
TCGA-EB-A3XF,TCGA-EB-A3XF-01,BRAF,p.V600K,0,0.19894259182644072,immune-cold,0.18019994995940009,0.4133224064542506,0.466816680023943,Targeted therapy first,BRAF-V600 + immune-cold: BRAF/MEK inhibitor gives the clearest predicted benefit,9.139625867,0
TCGA-EB-A3Y6,TCGA-EB-A3Y6-01,BRAF,p.V600E,0,0.28605312623592455,immune-cold,0.9176869282268556,0.0,0.3734502473044328,Targeted therapy first,BRAF-V600 + immune-cold: BRAF/MEK inhibitor gives the clearest predicted benefit,4.142420357,0
TCGA-EB-A3Y7,TCGA-EB-A3Y7-01,WT,WT,0,0.025045299758356968,immune-cold,0.0,0.0022803067019772,2.4330306934016543,Trial / Chemotherapy,BRAF-wild-type + immune-cold: hardest group; trial or chemo fallback,10.71769077,1
TCGA-EB-A41A,TCGA-EB-A41A-01,WT,WT,0,0.09003429780049947,immune-cold,0.0,0.0027174611432757,0.4075286250928724,Trial / Chemotherapy,BRAF-wild-type + immune-cold: hardest group; trial or chemo fallback,8.613604235,0
TCGA-EB-A41B,TCGA-EB-A41B-01,WT,WT,0,0.30811946544812063,immune-cold,0.0,0.2255413786619176,0.5726696471351681,Trial / Chemotherapy,BRAF-wild-type + immune-cold: hardest group; trial or chemo fallback,9.567018444,0
TCGA-EB-A42Y,TCGA-EB-A42Y-01,WT,WT,0,0.12823816801023843,immune-cold,0.0,0.4743644490274194,2.3902718371590814,Trial / Chemotherapy,BRAF-wild-type + immune-cold: hardest group; trial or chemo fallback,23.70384982,1
TCGA-EB-A42Z,TCGA-EB-A42Z-01,BRAF,p.V600E,0,0.1735569273961922,immune-cold,0.8319268353773679,0.0,0.5168271711936118,Targeted therapy first,BRAF-V600 + immune-cold: BRAF/MEK inhibitor gives the clearest predicted benefit,14.49847125,0
TCGA-EB-A431,TCGA-EB-A431-01,BRAF,p.V600E,0,0.07430305257362683,immune-cold,0.43893393395026437,0.2912936157701517,1.0596957777496232,Targeted therapy first,BRAF-V600 + immune-cold: BRAF/MEK inhibitor gives the clearest predicted benefit,18.67376796,0
TCGA-EB-A44N,TCGA-EB-A44N-01,BRAF,p.V600E,0,0.32568581014362824,immune-hot,0.8441392398725973,0.0,0.9197049178639016,Immunotherapy first,"BRAF-V600 + immune-hot, low burden: durable IO benefit, targeted in reserve",6.739652168,1
TCGA-EB-A44O,TCGA-EB-A44O-01,NRAS,WT,1,0.09516038621198127,immune-cold,0.0,0.5787525229055728,1.0827904955097003,Trial / Chemotherapy,BRAF-wild-type + immune-cold: hardest group; trial or chemo fallback,2.662984515,0
TCGA-EB-A44P,TCGA-EB-A44P-01,BRAF,p.V600E,0,0.25119296183693424,immune-cold,0.8476853138437384,0.0,0.3584239229792873,Targeted therapy first,BRAF-V600 + immune-cold: BRAF/MEK inhibitor gives the clearest predicted benefit,24.36137686,0
TCGA-EB-A44Q,TCGA-EB-A44Q-06,NRAS,WT,1,1.5174538698264906,immune-hot,0.0,0.1345533580764831,1.655358531693064,Immunotherapy first,BRAF-wild-type + immune-hot: checkpoint blockade (no targeted option),13.87382056,0
TCGA-EB-A44R,TCGA-EB-A44R-06,NRAS,WT,1,1.2963797155479504,immune-hot,0.0,0.0,0.6674146017674891,Immunotherapy first,BRAF-wild-type + immune-hot: checkpoint blockade (no targeted option),10.35605089,1
TCGA-EB-A4IQ,TCGA-EB-A4IQ-01,WT,WT,0,0.04780601272690213,immune-cold,0.0,0.5951364068425614,0.815471435779766,Trial / Chemotherapy,BRAF-wild-type + immune-cold: hardest group; trial or chemo fallback,20.9093599,1
TCGA-EB-A4IS,TCGA-EB-A4IS-01,BRAF,p.V600E,0,1.3754443344753355,immune-hot,0.5977456466449418,0.0,0.8795734305179811,Immunotherapy first,"BRAF-V600 + immune-hot, low burden: durable IO benefit, targeted in reserve",25.44629648,0
TCGA-EB-A4OY,TCGA-EB-A4OY-01,WT,WT,0,0.4827734764535727,immune-hot,0.0,0.0,0.4868471017946095,Immunotherapy first,BRAF-wild-type + immune-hot: checkpoint blockade (no targeted option),32.12019594,0
TCGA-EB-A4OZ,TCGA-EB-A4OZ-01,WT,WT,0,2.129639422389843,immune-hot,0.0,0.0,0.854949709864088,Immunotherapy first,BRAF-wild-type + immune-hot: checkpoint blockade (no targeted option),20.38333827,0
TCGA-EB-A4P0,TCGA-EB-A4P0-01,BRAF,p.V600E,0,0.25084611133304663,immune-cold,0.986107601100471,0.0,0.1592988761752273,Targeted therapy first,BRAF-V600 + immune-cold: BRAF/MEK inhibitor gives the clearest predicted benefit,10.71769077,1
TCGA-EB-A4XL,TCGA-EB-A4XL-01,NRAS,WT,1,0.39970655016263573,immune-hot,0.0,0.4361578945616488,0.5106434189838109,Immunotherapy first,BRAF-wild-type + immune-hot: checkpoint blockade (no targeted option),25.54492554,0
TCGA-EB-A551,TCGA-EB-A551-01,NRAS,WT,1,2.6085201416096013,immune-hot,0.0,0.0,1.1183156197071622,Immunotherapy first,BRAF-wild-type + immune-hot: checkpoint blockade (no targeted option),19.3970477,0
TCGA-EB-A553,TCGA-EB-A553-01,BRAF,p.V600E,0,0.4178665668451213,immune-hot,0.9111607748913854,0.0,0.9452286212337752,Immunotherapy first,"BRAF-V600 + immune-hot, low burden: durable IO benefit, targeted in reserve",7.430055561,0
TCGA-EB-A57M,TCGA-EB-A57M-01,WT,WT,0,0.22760410455061372,immune-cold,0.0,0.4507807434411148,0.4088006974371269,Trial / Chemotherapy,BRAF-wild-type + immune-cold: hardest group; trial or chemo fallback,15.51763816,1
TCGA-EB-A5FP,TCGA-EB-A5FP-01,BRAF,p.V600K,0,0.030347790437116735,immune-cold,0.5178446132690023,0.3835865921615278,1.0801244176790272,Targeted therapy first,BRAF-V600 + immune-cold: BRAF/MEK inhibitor gives the clearest predicted benefit,14.92586383,1
TCGA-EB-A5KH,TCGA-EB-A5KH-06,WT,WT,0,0.046577711266297034,immune-cold,0.0,0.275458435462778,1.3044378517120068,Trial / Chemotherapy,BRAF-wild-type + immune-cold: hardest group; trial or chemo fallback,20.35046191,1
TCGA-EB-A5SE,TCGA-EB-A5SE-01,BRAF,p.V600E,0,0.14658289933454602,immune-cold,0.456828011595443,0.1944948727864753,0.5514377968248355,Targeted therapy first,BRAF-V600 + immune-cold: BRAF/MEK inhibitor gives the clearest predicted benefit,13.18341717,1
TCGA-EB-A5SF,TCGA-EB-A5SF-01,WT,WT,0,0.01893058889007543,immune-cold,0.0,0.0,0.3667632789523635,Trial / Chemotherapy,BRAF-wild-type + immune-cold: hardest group; trial or chemo fallback,12.1313739,1
TCGA-EB-A5SG,TCGA-EB-A5SG-06,NRAS,WT,1,7.780348737431457,immune-hot,0.0,0.0,0.6279750366171879,Immunotherapy first,BRAF-wild-type + immune-hot: checkpoint blockade (no targeted option),68.25130684,0
TCGA-EB-A5SH,TCGA-EB-A5SH-06,WT,WT,0,0.16700188528350593,immune-cold,0.0,0.4652582884617315,0.3605243665115835,Trial / Chemotherapy,BRAF-wild-type + immune-cold: hardest group; trial or chemo fallback,54.0158464,0
TCGA-EB-A5UL,TCGA-EB-A5UL-06,NRAS,WT,1,1.067992214208328,immune-hot,0.0,0.1206638796531641,1.3906426477760194,Immunotherapy first,BRAF-wild-type + immune-hot: checkpoint blockade (no targeted option),29.29282967,0
TCGA-EB-A5UM,TCGA-EB-A5UM-01,WT,WT,0,0.9299060401395863,immune-hot,0.0,0.0,0.404940448991916,Immunotherapy first,BRAF-wild-type + immune-hot: checkpoint blockade (no targeted option),25.61067824,0
TCGA-EB-A5UN,TCGA-EB-A5UN-06,BRAF,p.V600E,0,0.22520412198542097,immune-cold,0.42255795196888984,0.2389899000129861,0.2482607160648616,Targeted therapy first,BRAF-V600 + immune-cold: BRAF/MEK inhibitor gives the clearest predicted benefit,58.91442286,0
TCGA-EB-A5VU,TCGA-EB-A5VU-01,NRAS,WT,1,0.07359655003823207,immune-cold,0.0,0.6151326133374011,1.013520858079727,Trial / Chemotherapy,BRAF-wild-type + immune-cold: hardest group; trial or chemo fallback,10.55330901,1
TCGA-EB-A5VV,TCGA-EB-A5VV-06,WT,WT,0,3.39021790106399,immune-hot,0.0,0.0,0.3550344719441031,Immunotherapy first,BRAF-wild-type + immune-hot: checkpoint blockade (no targeted option),7.035539337,0
TCGA-EB-A6L9,TCGA-EB-A6L9-06,WT,WT,0,1.3163245545164788,immune-hot,0.0,0.0,0.780933389399831,Immunotherapy first,BRAF-wild-type + immune-hot: checkpoint blockade (no targeted option),36.45987441,0
TCGA-EB-A6QY,TCGA-EB-A6QY-01,BRAF,p.V600K,0,0.09234961396313186,immune-cold,0.1026092950810571,0.5131865561588919,1.2170717876273742,Targeted therapy first,BRAF-V600 + immune-cold: BRAF/MEK inhibitor gives the clearest predicted benefit,12.55876648,0
TCGA-EB-A6QZ,TCGA-EB-A6QZ-01,BRAF,p.V600E,0,0.039421042655905826,immune-cold,0.8089969016641243,6.386430965033985e-10,1.028501215545723,Targeted therapy first,BRAF-V600 + immune-cold: BRAF/MEK inhibitor gives the clearest predicted benefit,11.57247592,1
TCGA-EB-A6R0,TCGA-EB-A6R0-01,BRAF,p.V600K,0,1.3477034495693028,immune-hot,0.31529832003644137,0.0,0.9783683073722138,Immunotherapy first,"BRAF-V600 + immune-hot, low burden: durable IO benefit, targeted in reserve",19.98882204,1
TCGA-EE-A17X,TCGA-EE-A17X-06,NRAS,WT,1,0.13690047549726944,immune-cold,0.0,0.5864968949567475,4.763652063234897,Trial / Chemotherapy,BRAF-wild-type + immune-cold: hardest group; trial or chemo fallback,29.8188513,1
TCGA-EE-A17Y,TCGA-EE-A17Y-06,BRAF,p.V600E,0,0.0684114393224692,immune-cold,0.7832256052444425,9.972209487902255e-07,1.2250409894188778,Targeted therapy first,BRAF-V600 + immune-cold: BRAF/MEK inhibitor gives the clearest predicted benefit,27.22161949,1
TCGA-EE-A17Z,TCGA-EE-A17Z-06,WT,WT,0,0.018283075019017634,immune-cold,0.0,0.1407398107108224,1.360435163389646,Trial / Chemotherapy,BRAF-wild-type + immune-cold: hardest group; trial or chemo fallback,8.646480587,1
TCGA-EE-A180,TCGA-EE-A180-06,WT,WT,0,0.1123169027794283,immune-cold,0.018104732092232633,0.5114447019547039,1.718444416913237,Trial / Chemotherapy,BRAF-wild-type + immune-cold: hardest group; trial or chemo fallback,94.97978104,1
TCGA-EE-A181,TCGA-EE-A181-06,WT,WT,0,1.2926338374835842,immune-hot,0.0,0.0177622904622559,1.2342537157157951,Immunotherapy first,BRAF-wild-type + immune-hot: checkpoint blockade (no targeted option),33.73113719,1
TCGA-EE-A182,TCGA-EE-A182-06,WT,WT,0,0.5643203846807981,immune-hot,0.0,0.0,1.684496681777117,Immunotherapy first,BRAF-wild-type + immune-hot: checkpoint blockade (no targeted option),14.69572936,1
TCGA-EE-A184,TCGA-EE-A184-06,NRAS,WT,1,0.8053615704628879,immune-hot,0.0,0.359916835732778,0.5753889497501197,Immunotherapy first,BRAF-wild-type + immune-hot: checkpoint blockade (no targeted option),68.15267778,1
TCGA-EE-A185,TCGA-EE-A185-06,NRAS,WT,1,0.010694227206056268,immune-cold,0.0,0.6599170787546959,0.9046326266796066,Trial / Chemotherapy,BRAF-wild-type + immune-cold: hardest group; trial or chemo fallback,4.964329158,1
TCGA-EE-A20B,TCGA-EE-A20B-06,BRAF,p.V600E,0,0.8174132602726251,immune-hot,0.4121469827376411,1.3023862126871818e-10,0.3916874777065921,Immunotherapy first,"BRAF-V600 + immune-hot, low burden: durable IO benefit, targeted in reserve",133.8067528,0
TCGA-EE-A20F,TCGA-EE-A20F-06,BRAF,p.V600E,0,0.7882469788952976,immune-hot,0.6638825635189889,0.0,0.8144650034952289,Immunotherapy first,"BRAF-V600 + immune-hot, low burden: durable IO benefit, targeted in reserve",91.56064043,0
TCGA-EE-A20H,TCGA-EE-A20H-06,BRAF,p.V600K,0,0.0849476079924308,immune-cold,0.36449196478082546,0.5215121325002854,2.716186545762792,Targeted therapy first,BRAF-V600 + immune-cold: BRAF/MEK inhibitor gives the clearest predicted benefit,168.2611697,1
TCGA-EE-A20I,TCGA-EE-A20I-06,WT,WT,0,0.33443757716325967,immune-hot,0.0,0.4483459070307518,1.0066887312250803,Immunotherapy first,BRAF-wild-type + immune-hot: checkpoint blockade (no targeted option),13.54505704,1
TCGA-EE-A29A,TCGA-EE-A29A-06,BRAF,p.V600E,0,0.0303644560317918,immune-cold,0.46818775640614596,0.401096158477397,1.492050377676647,Targeted therapy first,BRAF-V600 + immune-cold: BRAF/MEK inhibitor gives the clearest predicted benefit,63.35273038,1
TCGA-EE-A29B,TCGA-EE-A29B-06,WT,WT,0,0.17189005407754895,immune-cold,0.0,0.0,1.8964522886240005,Trial / Chemotherapy,BRAF-wild-type + immune-cold: hardest group; trial or chemo fallback,85.08399908,1
TCGA-EE-A29C,TCGA-EE-A29C-06,BRAF,p.V600E,0,0.15364063336099468,immune-cold,0.7374924730807979,0.0,4.579063672740621,Targeted therapy first,BRAF-V600 + immune-cold: BRAF/MEK inhibitor gives the clearest predicted benefit,78.9689976,1
TCGA-EE-A29D,TCGA-EE-A29D-06,WT,WT,0,0.04262822350780604,immune-cold,0.0,0.5873181908726411,1.3781832096381192,Trial / Chemotherapy,BRAF-wild-type + immune-cold: hardest group; trial or chemo fallback,13.97244962,1
TCGA-EE-A29E,TCGA-EE-A29E-06,BRAF,p.V600K,0,0.017361194092728634,immune-cold,0.6090521630903359,0.1743323616820972,1.7016592553985277,Targeted therapy first,BRAF-V600 + immune-cold: BRAF/MEK inhibitor gives the clearest predicted benefit,63.78012296,0
TCGA-EE-A29G,TCGA-EE-A29G-06,NRAS,WT,1,0.2605930410133502,immune-cold,0.0,0.5602955741197059,0.9299482695291192,Trial / Chemotherapy,BRAF-wild-type + immune-cold: hardest group; trial or chemo fallback,72.06496367,1
TCGA-EE-A29H,TCGA-EE-A29H-06,BRAF,p.V600E,0,0.2576363473571614,immune-cold,0.29835041258719325,0.4364007800592372,1.3594916331228923,Targeted therapy first,BRAF-V600 + immune-cold: BRAF/MEK inhibitor gives the clearest predicted benefit,64.63490811,0
TCGA-EE-A29L,TCGA-EE-A29L-06,NRAS,WT,1,0.0090421380779805,immune-cold,0.0,0.6493880597298828,2.226029830109416,Trial / Chemotherapy,BRAF-wild-type + immune-cold: hardest group; trial or chemo fallback,2.597231811,1
TCGA-EE-A29M,TCGA-EE-A29M-06,BRAF,p.V600E,0,1.0466228528205155,immune-hot,0.43634717052040495,0.0,1.1751887210170189,Immunotherapy first,"BRAF-V600 + immune-hot, low burden: durable IO benefit, targeted in reserve",56.84321268,0
TCGA-EE-A29N,TCGA-EE-A29N-06,WT,WT,0,0.7424079351296512,immune-hot,0.0,0.2487390457701872,1.7203363160634966,Immunotherapy first,BRAF-wild-type + immune-hot: checkpoint blockade (no targeted option),18.60801526,1
TCGA-EE-A29P,TCGA-EE-A29P-06,BRAF,p.V600E,0,3.8618879274904963,immune-hot,0.4907814978264582,0.0,1.1028659164161658,Immunotherapy first,"BRAF-V600 + immune-hot, low burden: durable IO benefit, targeted in reserve",56.4158201,0
TCGA-EE-A29Q,TCGA-EE-A29Q-06,NRAS,WT,1,0.05697368350120487,immune-cold,0.0,0.6015752118675437,0.7574660981498051,Trial / Chemotherapy,BRAF-wild-type + immune-cold: hardest group; trial or chemo fallback,66.73899464,1
TCGA-EE-A29R,TCGA-EE-A29R-06,NRAS,WT,1,0.06210070422608697,immune-cold,0.0,0.6034515820766724,0.5128933757737619,Trial / Chemotherapy,BRAF-wild-type + immune-cold: hardest group; trial or chemo fallback,14.4655949,0
TCGA-EE-A29S,TCGA-EE-A29S-06,NRAS,WT,1,0.458603867386463,immune-hot,0.0,0.5329013213361707,0.8651349981282744,Immunotherapy first,BRAF-wild-type + immune-hot: checkpoint blockade (no targeted option),61.2815202,1
TCGA-EE-A29T,TCGA-EE-A29T-06,BRAF,p.V600E,0,0.9704214298970951,immune-hot,0.3896575194302014,0.063317207930186,0.4819736470014087,Immunotherapy first,"BRAF-V600 + immune-hot, low burden: durable IO benefit, targeted in reserve",369.9247132,0
TCGA-EE-A29V,TCGA-EE-A29V-06,WT,WT,0,0.023150302445899665,immune-cold,0.0,0.3669722589875643,2.4950569215530116,Trial / Chemotherapy,BRAF-wild-type + immune-cold: hardest group; trial or chemo fallback,25.87368906,1
TCGA-EE-A29X,TCGA-EE-A29X-06,NRAS,WT,1,0.7753433607685319,immune-hot,0.0,0.5072602985461695,1.6406733298489755,Immunotherapy first,BRAF-wild-type + immune-hot: checkpoint blockade (no targeted option),17.91761186,1
TCGA-EE-A2A0,TCGA-EE-A2A0-06,WT,WT,0,1.0016651942778705,immune-hot,0.0,0.1927422057447203,0.6991897979816996,Immunotherapy first,BRAF-wild-type + immune-hot: checkpoint blockade (no targeted option),46.81592531,1
TCGA-EE-A2A1,TCGA-EE-A2A1-06,NRAS,WT,1,1.047108207259212,immune-hot,0.0,0.2441974613589217,0.8176004271509024,Immunotherapy first,BRAF-wild-type + immune-hot: checkpoint blockade (no targeted option),115.9548937,0
TCGA-EE-A2A2,TCGA-EE-A2A2-06,NRAS,WT,1,0.3020181402814796,immune-cold,0.0,0.5504246774675052,1.792054293570277,Trial / Chemotherapy,BRAF-wild-type + immune-cold: hardest group; trial or chemo fallback,59.6377026,0
TCGA-EE-A2A5,TCGA-EE-A2A5-06,NRAS,WT,1,0.09009468388070323,immune-cold,0.0,0.6300648881555444,1.3637544544819176,Trial / Chemotherapy,BRAF-wild-type + immune-cold: hardest group; trial or chemo fallback,39.28724069,1
TCGA-EE-A2A6,TCGA-EE-A2A6-06,BRAF,p.V600E,0,1.6893332997031463,immune-hot,0.39533971101821136,0.0,0.9337369064463914,Immunotherapy first,"BRAF-V600 + immune-hot, low burden: durable IO benefit, targeted in reserve",86.13604235,0
TCGA-EE-A2GB,TCGA-EE-A2GB-06,BRAF,p.V600K,0,0.13721993133570679,immune-cold,0.22259973188811932,0.4649318857097341,0.6480165872063853,Targeted therapy first,BRAF-V600 + immune-cold: BRAF/MEK inhibitor gives the clearest predicted benefit,59.27606273,0
TCGA-EE-A2GC,TCGA-EE-A2GC-06,WT,WT,0,1.2945251759077918,immune-hot,0.0,1.56248224399082e-06,0.7175523485577507,Immunotherapy first,BRAF-wild-type + immune-hot: checkpoint blockade (no targeted option),67.42939803,0
TCGA-EE-A2GD,TCGA-EE-A2GD-06,NRAS,WT,1,0.1473749482560107,immune-cold,0.0,0.5902433901761485,0.2574574749264955,Trial / Chemotherapy,BRAF-wild-type + immune-cold: hardest group; trial or chemo fallback,340.1387382,1
TCGA-EE-A2GE,TCGA-EE-A2GE-06,BRAF,p.V600E,0,2.7959329182310424,immune-hot,0.6480050529942897,0.0,0.749235611053662,Immunotherapy first,"BRAF-V600 + immune-hot, low burden: durable IO benefit, targeted in reserve",173.7843969,0
TCGA-EE-A2GH,TCGA-EE-A2GH-06,BRAF,p.V600E,0,4.8908206475359215,immune-hot,0.9356599322666727,0.0,0.5476927074583365,Immunotherapy first,"BRAF-V600 + immune-hot, low burden: durable IO benefit, targeted in reserve",220.2386823,0
TCGA-EE-A2GI,TCGA-EE-A2GI-06,WT,WT,0,1.5445877744064422,immune-hot,0.0,1.544784700794738e-11,0.9858004227041808,Immunotherapy first,BRAF-wild-type + immune-hot: checkpoint blockade (no targeted option),48.72275372,0
TCGA-EE-A2GJ,TCGA-EE-A2GJ-06,NRAS,WT,1,0.848404541508969,immune-hot,0.0,0.4578041965332473,0.7873493952137556,Immunotherapy first,BRAF-wild-type + immune-hot: checkpoint blockade (no targeted option),107.3741658,1
TCGA-EE-A2GK,TCGA-EE-A2GK-06,WT,WT,0,1.9343723914666855,immune-hot,0.0,0.0,1.482610236392358,Immunotherapy first,BRAF-wild-type + immune-hot: checkpoint blockade (no targeted option),54.73912615,0
TCGA-EE-A2GL,TCGA-EE-A2GL-06,NRAS,WT,1,0.7214062787093486,immune-hot,0.0,0.2965514738075262,0.6907947979159687,Immunotherapy first,BRAF-wild-type + immune-hot: checkpoint blockade (no targeted option),79.65940099,0
TCGA-EE-A2GM,TCGA-EE-A2GM-06,NRAS,WT,1,0.24984959489185585,immune-cold,0.0,0.6178591139537981,0.2747211756380351,Trial / Chemotherapy,BRAF-wild-type + immune-cold: hardest group; trial or chemo fallback,75.48410428,0
TCGA-EE-A2GN,TCGA-EE-A2GN-06,NRAS,WT,1,0.09562800498759677,immune-cold,0.0,0.6365733132991107,0.6037916300877798,Trial / Chemotherapy,BRAF-wild-type + immune-cold: hardest group; trial or chemo fallback,102.1139494,1
TCGA-EE-A2GO,TCGA-EE-A2GO-06,WT,WT,0,0.07479073358885553,immune-cold,0.0,0.5582472183714927,0.721699043114714,Trial / Chemotherapy,BRAF-wild-type + immune-cold: hardest group; trial or chemo fallback,126.8040898,0
TCGA-EE-A2GP,TCGA-EE-A2GP-06,NRAS,WT,1,0.15369830837154888,immune-cold,0.0,0.4696347659008036,1.075522893147321,Trial / Chemotherapy,BRAF-wild-type + immune-cold: hardest group; trial or chemo fallback,13.90669691,1
TCGA-EE-A2GR,TCGA-EE-A2GR-06,WT,WT,0,0.013813065697367968,immune-cold,0.0,0.6000948130500797,1.1446909196254902,Trial / Chemotherapy,BRAF-wild-type + immune-cold: hardest group; trial or chemo fallback,42.772134,1
TCGA-EE-A2GS,TCGA-EE-A2GS-06,BRAF,p.V600E,0,0.263830934644784,immune-cold,0.4135772303781478,0.0256200404140269,0.953938131388424,Targeted therapy first,BRAF-V600 + immune-cold: BRAF/MEK inhibitor gives the clearest predicted benefit,81.20458954,1
TCGA-EE-A2GT,TCGA-EE-A2GT-06,BRAF,p.V600K,0,0.4537157204793538,immune-hot,0.06750552961306001,0.3251643974134527,1.3937490397311774,Targeted -> Immunotherapy,"BRAF-V600 + immune-hot, high burden: targeted for rapid control, then IO",44.87622054,0
TCGA-EE-A2GU,TCGA-EE-A2GU-06,NRAS,WT,1,2.3557938446719695,immune-hot,0.0,0.0,0.859541557162289,Immunotherapy first,BRAF-wild-type + immune-hot: checkpoint blockade (no targeted option),94.81539928,0
TCGA-EE-A2M5,TCGA-EE-A2M5-06,BRAF,p.V600E,0,1.0484902120414945,immune-hot,0.7509317916604888,0.0,3.1613876731679222,Immunotherapy first,"BRAF-V600 + immune-hot, low burden: durable IO benefit, targeted in reserve",21.66551599,1
TCGA-EE-A2M6,TCGA-EE-A2M6-06,BRAF,p.V600E,0,0.22690797619554146,immune-cold,0.11577417013577729,0.4383814394782497,1.765780604603753,Targeted therapy first,BRAF-V600 + immune-cold: BRAF/MEK inhibitor gives the clearest predicted benefit,129.2698162,0
TCGA-EE-A2M7,TCGA-EE-A2M7-06,BRAF,p.V600E,0,0.25108289595310684,immune-cold,0.41191403153087636,0.1390373375844567,0.1353554650367473,Targeted therapy first,BRAF-V600 + immune-cold: BRAF/MEK inhibitor gives the clearest predicted benefit,28.83256074,1
TCGA-EE-A2M8,TCGA-EE-A2M8-06,BRAF,p.V600E,0,6.114049948347187,immune-hot,0.378125200026525,0.0,0.5703180793934131,Immunotherapy first,"BRAF-V600 + immune-hot, low burden: durable IO benefit, targeted in reserve",19.75868758,1
TCGA-EE-A2MC,TCGA-EE-A2MC-06,NRAS,WT,1,2.744206460351632,immune-hot,0.0,0.0,1.0099064113655476,Immunotherapy first,BRAF-wild-type + immune-hot: checkpoint blockade (no targeted option),61.51165467,1
TCGA-EE-A2MD,TCGA-EE-A2MD-06,NRAS,WT,1,0.2481086430535171,immune-cold,0.0,0.5793277387974363,1.254895254782313,Trial / Chemotherapy,BRAF-wild-type + immune-cold: hardest group; trial or chemo fallback,47.27619423,1
TCGA-EE-A2ME,TCGA-EE-A2ME-06,BRAF,p.V600K,0,3.775163220057614,immune-hot,0.4582427814935126,0.0,0.6605195728950589,Immunotherapy first,"BRAF-V600 + immune-hot, low burden: durable IO benefit, targeted in reserve",103.2646218,1
TCGA-EE-A2MF,TCGA-EE-A2MF-06,NRAS,WT,1,0.35864260097727385,immune-hot,0.0,0.5144269954649688,0.6005400796300443,Immunotherapy first,BRAF-wild-type + immune-hot: checkpoint blockade (no targeted option),268.7313016,1
TCGA-EE-A2MG,TCGA-EE-A2MG-06,BRAF,p.V600E,0,0.9989730545437165,immune-hot,0.42377220154481215,0.0,0.759101550612178,Immunotherapy first,"BRAF-V600 + immune-hot, low burden: durable IO benefit, targeted in reserve",103.1988691,1
TCGA-EE-A2MH,TCGA-EE-A2MH-06,BRAF,p.V600E,0,0.8547789789941742,immune-hot,0.4753111043803666,0.0,0.6931463656577238,Immunotherapy first,"BRAF-V600 + immune-hot, low burden: durable IO benefit, targeted in reserve",16.96419765,1
TCGA-EE-A2MI,TCGA-EE-A2MI-06,WT,WT,0,0.5741843695307082,immune-hot,0.0,0.3730218286337465,0.4233025157062919,Immunotherapy first,BRAF-wild-type + immune-hot: checkpoint blockade (no targeted option),204.6552915,1
TCGA-EE-A2MJ,TCGA-EE-A2MJ-06,WT,WT,0,2.6001599536230047,immune-hot,0.0,0.0,1.7647306247684424,Immunotherapy first,BRAF-wild-type + immune-hot: checkpoint blockade (no targeted option),96.22908242,1
TCGA-EE-A2MK,TCGA-EE-A2MK-06,BRAF,p.V600E,0,1.0691862386399793,immune-hot,0.4768215562430324,0.0,0.1490579438183862,Immunotherapy first,"BRAF-V600 + immune-hot, low burden: durable IO benefit, targeted in reserve",180.3925436,0
TCGA-EE-A2ML,TCGA-EE-A2ML-06,NRAS,WT,1,0.814647333936211,immune-hot,0.0,0.3158976188014234,0.4125796571208935,Immunotherapy first,BRAF-wild-type + immune-hot: checkpoint blockade (no targeted option),216.6551599,1
TCGA-EE-A2MM,TCGA-EE-A2MM-06,NRAS,WT,1,0.10396386393648827,immune-cold,0.0,0.537676471289411,1.7419504170972837,Trial / Chemotherapy,BRAF-wild-type + immune-cold: hardest group; trial or chemo fallback,167.8995299,1
TCGA-EE-A2MN,TCGA-EE-A2MN-06,NRAS,WT,1,1.0113701157767436,immune-hot,0.0,0.3667293494348355,0.7746141559209581,Immunotherapy first,BRAF-wild-type + immune-hot: checkpoint blockade (no targeted option),47.53920505,1
TCGA-EE-A2MP,TCGA-EE-A2MP-06,BRAF,p.V600E,0,1.352313720158091,immune-hot,0.8775544811826845,0.0,0.538271920641058,Immunotherapy first,"BRAF-V600 + immune-hot, low burden: durable IO benefit, targeted in reserve",248.6438505,0
TCGA-EE-A2MQ,TCGA-EE-A2MQ-06,BRAF,p.K601E,0,0.20846799656433937,immune-cold,0.44654475249878167,0.413345878004785,3.3170072651644857,Targeted therapy first,BRAF-V600 + immune-cold: BRAF/MEK inhibitor gives the clearest predicted benefit,43.23240293,1
TCGA-EE-A2MR,TCGA-EE-A2MR-06,WT,WT,0,1.3494086063237145,immune-hot,0.01843046531289075,0.0,1.914553553895412,Immunotherapy first,BRAF-wild-type + immune-hot: checkpoint blockade (no targeted option),134.3985271,0
TCGA-EE-A2MS,TCGA-EE-A2MS-06,WT,WT,0,0.5917512368145165,immune-hot,0.0,0.3102047364463007,1.8696560290481976,Immunotherapy first,BRAF-wild-type + immune-hot: checkpoint blockade (no targeted option),162.4749318,0
TCGA-EE-A2MT,TCGA-EE-A2MT-06,WT,WT,0,0.17831824939236995,immune-cold,0.0,0.003274163022403,1.313142523249903,Trial / Chemotherapy,BRAF-wild-type + immune-cold: hardest group; trial or chemo fallback,71.21017852,0
TCGA-EE-A2MU,TCGA-EE-A2MU-06,NRAS,WT,1,1.7660072281131962,immune-hot,0.0,0.0002135686349744,1.6206221020262732,Immunotherapy first,BRAF-wild-type + immune-hot: checkpoint blockade (no targeted option),53.25969031,0
TCGA-EE-A3AA,TCGA-EE-A3AA-06,BRAF,p.K601E,0,0.4449775081691231,immune-hot,0.5834119208291393,0.197742647300982,1.1022562507053402,Targeted -> Immunotherapy,"BRAF-V600 + immune-hot, high burden: targeted for rapid control, then IO",124.3054871,0
TCGA-EE-A3AB,TCGA-EE-A3AB-06,BRAF,p.V600E,0,0.3536621348196105,immune-hot,0.2057515477557182,0.3609637676008589,0.686952936214418,Targeted -> Immunotherapy,"BRAF-V600 + immune-hot, high burden: targeted for rapid control, then IO",122.7274222,0
TCGA-EE-A3AC,TCGA-EE-A3AC-06,NRAS,WT,1,0.7492513635828854,immune-hot,0.0,0.4041143125336444,2.0545250593141233,Immunotherapy first,BRAF-wild-type + immune-hot: checkpoint blockade (no targeted option),64.04313377,0
TCGA-EE-A3AD,TCGA-EE-A3AD-06,BRAF,p.V600E,0,0.022297433351834765,immune-cold,0.7199113152250778,0.0668978989749652,0.2613206265417575,Targeted therapy first,BRAF-V600 + immune-cold: BRAF/MEK inhibitor gives the clearest predicted benefit,28.76680804,1
TCGA-EE-A3AE,TCGA-EE-A3AE-06,WT,WT,0,0.8570692180575046,immune-hot,0.0,0.2650083181440373,1.1302282941520203,Immunotherapy first,BRAF-wild-type + immune-hot: checkpoint blockade (no targeted option),54.50899168,0
TCGA-EE-A3AF,TCGA-EE-A3AF-06,BRAF,p.V600E,0,0.4684212643440199,immune-hot,0.46597287517773883,0.0375597063259841,0.8504836666014541,Immunotherapy first,"BRAF-V600 + immune-hot, low burden: durable IO benefit, targeted in reserve",13.80806786,1
TCGA-EE-A3AG,TCGA-EE-A3AG-06,BRAF,p.V600E,0,0.04895085610878813,immune-cold,0.29571381002064484,0.322669879825164,1.3357678951849794,Targeted therapy first,BRAF-V600 + immune-cold: BRAF/MEK inhibitor gives the clearest predicted benefit,41.58858533,1
TCGA-EE-A3AH,TCGA-EE-A3AH-06,BRAF,p.V600E,0,0.026233160440992196,immune-cold,0.30405823105462476,0.5035030921038757,0.8009313924382551,Targeted therapy first,BRAF-V600 + immune-cold: BRAF/MEK inhibitor gives the clearest predicted benefit,138.8039583,1
TCGA-EE-A3J3,TCGA-EE-A3J3-06,BRAF,p.V600E,0,0.2724055434840003,immune-cold,0.4223721967870212,0.0672658000249238,1.234708545690538,Targeted therapy first,BRAF-V600 + immune-cold: BRAF/MEK inhibitor gives the clearest predicted benefit,172.1734556,1
TCGA-EE-A3J4,TCGA-EE-A3J4-06,BRAF,p.V600E,0,0.174302918262499,immune-cold,0.4631476748104044,0.2654156380048895,0.7486743315103623,Targeted therapy first,BRAF-V600 + immune-cold: BRAF/MEK inhibitor gives the clearest predicted benefit,127.198606,1
TCGA-EE-A3J5,TCGA-EE-A3J5-06,WT,WT,0,0.8446476447881949,immune-hot,0.0,9.400855466097449e-06,1.2180927357621691,Immunotherapy first,BRAF-wild-type + immune-hot: checkpoint blockade (no targeted option),36.95301969,1
TCGA-EE-A3J7,TCGA-EE-A3J7-06,NRAS,WT,1,0.3619905353236145,immune-hot,0.0,0.5099566619416183,1.241071326720184,Immunotherapy first,BRAF-wild-type + immune-hot: checkpoint blockade (no targeted option),64.07601013,0
TCGA-EE-A3J8,TCGA-EE-A3J8-06,NRAS,WT,1,0.012181624209741067,immune-cold,0.0,0.5744734444143292,0.6698484259940384,Trial / Chemotherapy,BRAF-wild-type + immune-cold: hardest group; trial or chemo fallback,34.32291153,1
TCGA-EE-A3JA,TCGA-EE-A3JA-06,NRAS,WT,1,0.7603182767416309,immune-hot,0.0,0.2253088437350189,0.6756741205641479,Immunotherapy first,BRAF-wild-type + immune-hot: checkpoint blockade (no targeted option),53.1939376,1
TCGA-EE-A3JB,TCGA-EE-A3JB-06,BRAF,p.V600E,0,0.1616909410312106,immune-cold,0.28324539408625726,0.4150440755389686,2.0483413071043226,Targeted therapy first,BRAF-V600 + immune-cold: BRAF/MEK inhibitor gives the clearest predicted benefit,201.7950488,0
TCGA-EE-A3JD,TCGA-EE-A3JD-06,WT,WT,0,1.7933351014195456,immune-hot,0.0,0.0,2.389381531676606,Immunotherapy first,BRAF-wild-type + immune-hot: checkpoint blockade (no targeted option),27.3531249,1
TCGA-EE-A3JE,TCGA-EE-A3JE-06,BRAF,p.V600E,0,4.805593557991127,immune-hot,0.44189629645410544,0.0,0.6577228524120661,Immunotherapy first,"BRAF-V600 + immune-hot, low burden: durable IO benefit, targeted in reserve",51.35286189,0
TCGA-EE-A3JH,TCGA-EE-A3JH-06,BRAF,p.K601E,0,3.8855630519858493,immune-hot,0.7089978038089267,0.0,0.7229328903866226,Immunotherapy first,"BRAF-V600 + immune-hot, low burden: durable IO benefit, targeted in reserve",134.3327744,0
TCGA-EE-A3JI,TCGA-EE-A3JI-06,NRAS,WT,1,0.11003520959296365,immune-cold,0.0,0.5927276077716443,0.6706467977582145,Trial / Chemotherapy,BRAF-wild-type + immune-cold: hardest group; trial or chemo fallback,152.8092843,1
TCGA-ER-A193,TCGA-ER-A193-06,BRAF,p.V600R,0,1.3469199747353207,immune-hot,0.24008087993805777,0.0,0.6520761866618022,Immunotherapy first,"BRAF-V600 + immune-hot, low burden: durable IO benefit, targeted in reserve",31.3969162,1
TCGA-ER-A194,TCGA-ER-A194-01,WT,WT,0,0.8675874073714781,immune-hot,0.0,0.0,0.5704632378959904,Immunotherapy first,BRAF-wild-type + immune-hot: checkpoint blockade (no targeted option),44.51458066,1
TCGA-ER-A195,TCGA-ER-A195-06,NRAS,WT,1,1.7170172302100903,immune-hot,0.0,0.0008973825288502,2.044523638486535,Immunotherapy first,BRAF-wild-type + immune-hot: checkpoint blockade (no targeted option),35.4407075,1
TCGA-ER-A196,TCGA-ER-A196-01,WT,WT,0,0.023394967798034867,immune-cold,0.0,0.5957047579045581,0.6608098899002139,Trial / Chemotherapy,BRAF-wild-type + immune-cold: hardest group; trial or chemo fallback,58.68428839,0
TCGA-ER-A197,TCGA-ER-A197-06,WT,WT,0,2.4747747644173845,immune-hot,0.0,0.0,1.5936177819301094,Immunotherapy first,BRAF-wild-type + immune-hot: checkpoint blockade (no targeted option),13.93957327,1
TCGA-ER-A198,TCGA-ER-A198-06,BRAF,p.V600E,0,0.5086846642294863,immune-hot,0.25352908364681925,0.1413520673132564,3.132767255076396,Targeted -> Immunotherapy,"BRAF-V600 + immune-hot, high burden: targeted for rapid control, then IO",50.76108755,1
TCGA-ER-A199,TCGA-ER-A199-06,NRAS,WT,1,1.8330581030073352,immune-hot,0.0,0.0003700830450768,1.0200384748454556,Immunotherapy first,BRAF-wild-type + immune-hot: checkpoint blockade (no targeted option),9.172502219,1
TCGA-ER-A19A,TCGA-ER-A19A-06,WT,WT,0,2.9441328498109685,immune-hot,0.0,0.0,1.4358546827121517,Immunotherapy first,BRAF-wild-type + immune-hot: checkpoint blockade (no targeted option),77.75257258,0
TCGA-ER-A19B,TCGA-ER-A19B-06,BRAF,p.V600E,0,0.18341691129550317,immune-cold,0.4098604427144432,0.4687098864311251,0.5992917165078779,Targeted therapy first,BRAF-V600 + immune-cold: BRAF/MEK inhibitor gives the clearest predicted benefit,98.39892166,1
TCGA-ER-A19C,TCGA-ER-A19C-06,BRAF,p.V600E,0,0.0606261043846375,immune-cold,0.5686171224323094,0.1418404237770983,0.6248492901950196,Targeted therapy first,BRAF-V600 + immune-cold: BRAF/MEK inhibitor gives the clearest predicted benefit,48.88713548,1
TCGA-ER-A19D,TCGA-ER-A19D-06,NRAS,WT,1,0.4257742652428826,immune-hot,0.0,0.3496637558554754,1.5365753290339126,Immunotherapy first,BRAF-wild-type + immune-hot: checkpoint blockade (no targeted option),12.59164283,1
TCGA-ER-A19E,TCGA-ER-A19E-06,BRAF,p.V600E,0,0.15282817365684703,immune-cold,0.34333750318364026,0.1238762595736808,2.4455046473898125,Targeted therapy first,BRAF-V600 + immune-cold: BRAF/MEK inhibitor gives the clearest predicted benefit,13.01903541,1
TCGA-ER-A19F,TCGA-ER-A19F-06,WT,WT,0,0.1351820808297122,immune-cold,0.0,0.3607588404021192,1.5529201764241365,Trial / Chemotherapy,BRAF-wild-type + immune-cold: hardest group; trial or chemo fallback,26.36683434,1
TCGA-ER-A19G,TCGA-ER-A19G-06,BRAF,p.V600E,0,1.2400677707390824,immune-hot,0.4799084384730788,0.0,2.3819155460273715,Immunotherapy first,"BRAF-V600 + immune-hot, low burden: durable IO benefit, targeted in reserve",302.0679225,0
TCGA-ER-A19H,TCGA-ER-A19H-06,BRAF,p.V600E,0,1.0387261955299179,immune-hot,0.2999833549698815,0.0,1.2823205345359514,Immunotherapy first,"BRAF-V600 + immune-hot, low burden: durable IO benefit, targeted in reserve",152.3490154,1
TCGA-ER-A19J,TCGA-ER-A19J-06,BRAF,p.V600K,0,0.1557858849726941,immune-cold,0.2655033332422663,0.4613694526038208,0.8187423407045119,Targeted therapy first,BRAF-V600 + immune-cold: BRAF/MEK inhibitor gives the clearest predicted benefit,6.443765,1
TCGA-ER-A19K,TCGA-ER-A19K-01,BRAF,p.V600K,0,0.2684258094769402,immune-cold,0.3644617654794505,0.2959108330169819,1.3235165175674402,Targeted therapy first,BRAF-V600 + immune-cold: BRAF/MEK inhibitor gives the clearest predicted benefit,15.41900911,1
TCGA-ER-A19L,TCGA-ER-A19L-06,WT,WT,0,0.07130482304092733,immune-cold,0.015943848090434424,0.5537066867788062,0.1601528920320581,Trial / Chemotherapy,BRAF-wild-type + immune-cold: hardest group; trial or chemo fallback,131.5054082,1
TCGA-ER-A19M,TCGA-ER-A19M-06,BRAF,p.V600E,0,1.981977347732478,immune-hot,0.26991328951636706,0.0,1.7555566074055458,Immunotherapy first,"BRAF-V600 + immune-hot, low burden: durable IO benefit, targeted in reserve",61.05138574,1
TCGA-ER-A19N,TCGA-ER-A19N-06,NRAS,WT,1,1.650908170995254,immune-hot,0.0,4.115030544414254e-07,1.412377714228621,Immunotherapy first,BRAF-wild-type + immune-hot: checkpoint blockade (no targeted option),44.08718809,1
TCGA-ER-A19P,TCGA-ER-A19P-06,BRAF,p.V600E,0,4.7010067053434375,immune-hot,0.4266818896331925,0.0,1.0883161958411496,Immunotherapy first,"BRAF-V600 + immune-hot, low burden: durable IO benefit, targeted in reserve",162.0804156,1
TCGA-ER-A19Q,TCGA-ER-A19Q-06,BRAF,p.V600E,0,0.8672387154090379,immune-hot,0.29925297573667614,0.0510208161858924,1.6229736697680284,Immunotherapy first,"BRAF-V600 + immune-hot, low burden: durable IO benefit, targeted in reserve",50.89259296,1
TCGA-ER-A19S,TCGA-ER-A19S-06,BRAF,p.V600E,0,6.671415520999051,immune-hot,0.43638104427870444,0.0,0.6862900457193141,Immunotherapy first,"BRAF-V600 + immune-hot, low burden: durable IO benefit, targeted in reserve",49.47890982,0
TCGA-ER-A19T,TCGA-ER-A19T-01,WT,WT,0,0.014026153508546002,immune-cold,0.0,0.5180363485487246,1.0090402989668352,Trial / Chemotherapy,BRAF-wild-type + immune-cold: hardest group; trial or chemo fallback,8.876615051,1
TCGA-ER-A19T,TCGA-ER-A19T-06,WT,WT,0,0.2565472267418435,immune-cold,0.0,0.371626863777232,0.7518049165492834,Trial / Chemotherapy,BRAF-wild-type + immune-cold: hardest group; trial or chemo fallback,8.876615051,1
TCGA-ER-A19W,TCGA-ER-A19W-06,NRAS,WT,1,4.732974632776319,immune-hot,0.0,0.0,1.6390185229195924,Immunotherapy first,BRAF-wild-type + immune-hot: checkpoint blockade (no targeted option),148.1737186,1
TCGA-ER-A1A1,TCGA-ER-A1A1-06,WT,WT,0,0.9891760694613231,immune-hot,0.0,0.0042651713791455,2.8946976336158237,Immunotherapy first,BRAF-wild-type + immune-hot: checkpoint blockade (no targeted option),105.0728211,0
TCGA-ER-A2NB,TCGA-ER-A2NB-01,NRAS,WT,1,1.5025629806069887,immune-hot,0.0,0.0,0.3442037122051222,Immunotherapy first,BRAF-wild-type + immune-hot: checkpoint blockade (no targeted option),28.1750337,1
TCGA-ER-A2NC,TCGA-ER-A2NC-06,BRAF,p.V600K,1,0.22604862363690947,immune-cold,0.9074995739468166,0.0,1.832655126741198,Targeted therapy first,BRAF-V600 + immune-cold: BRAF/MEK inhibitor gives the clearest predicted benefit,43.82417727,1
TCGA-ER-A2ND,TCGA-ER-A2ND-06,BRAF,p.V600E,0,0.21367426189670957,immune-cold,0.9912052775167645,0.0,0.6418763825473579,Targeted therapy first,BRAF-V600 + immune-cold: BRAF/MEK inhibitor gives the clearest predicted benefit,23.34220995,1
TCGA-ER-A2NF,TCGA-ER-A2NF-06,WT,WT,0,0.6745906418547625,immune-hot,0.0,0.2603677056763153,0.2362832041555185,Immunotherapy first,BRAF-wild-type + immune-hot: checkpoint blockade (no targeted option),28.83256074,1
TCGA-ER-A2NF,TCGA-ER-A2NF-01,WT,WT,0,0.7999027292417086,immune-hot,0.0,0.2170579063342307,0.5302688485322863,Immunotherapy first,BRAF-wild-type + immune-hot: checkpoint blockade (no targeted option),28.83256074,1
TCGA-ER-A2NG,TCGA-ER-A2NG-06,BRAF,p.V600E,0,3.4935652379540403,immune-hot,0.4867210887564505,0.0,1.761711327914831,Immunotherapy first,"BRAF-V600 + immune-hot, low burden: durable IO benefit, targeted in reserve",48.98576454,1
TCGA-ER-A2NH,TCGA-ER-A2NH-06,NRAS,WT,1,6.756015120175896,immune-hot,0.0,0.0,1.445149665493863,Immunotherapy first,BRAF-wild-type + immune-hot: checkpoint blockade (no targeted option),41.55570898,0
TCGA-ER-A3ES,TCGA-ER-A3ES-06,WT,WT,0,0.015800748586223434,immune-cold,0.008202555717184165,0.5217611497408767,0.519130352767841,Trial / Chemotherapy,BRAF-wild-type + immune-cold: hardest group; trial or chemo fallback,247.0329092,1
TCGA-ER-A3ET,TCGA-ER-A3ET-06,WT,WT,0,0.09860843149920177,immune-cold,0.0,0.5651391336861008,1.0386236017921258,Trial / Chemotherapy,BRAF-wild-type + immune-cold: hardest group; trial or chemo fallback,93.00719992,1
TCGA-ER-A3EV,TCGA-ER-A3EV-06,WT,WT,0,0.5620685185739712,immune-hot,0.0,0.1411825785940093,1.3998408582226791,Immunotherapy first,BRAF-wild-type + immune-hot: checkpoint blockade (no targeted option),46.98030707,1
TCGA-ER-A3PL,TCGA-ER-A3PL-06,BRAF,p.V600E,0,0.16431255996657043,immune-cold,0.47222362421577785,0.2114189341808448,0.546028223295448,Targeted therapy first,BRAF-V600 + immune-cold: BRAF/MEK inhibitor gives the clearest predicted benefit,33.20511556,0
TCGA-ER-A42H,TCGA-ER-A42H-01,WT,WT,0,0.022011976168831066,immune-cold,0.0,0.5036292145557386,0.8269341188666344,Trial / Chemotherapy,BRAF-wild-type + immune-cold: hardest group; trial or chemo fallback,14.00532597,1
TCGA-ER-A42K,TCGA-ER-A42K-06,BRAF,p.V600E,0,0.05991211756749663,immune-cold,0.6355121314771682,0.0634655876213197,0.7299150143605995,Targeted therapy first,BRAF-V600 + immune-cold: BRAF/MEK inhibitor gives the clearest predicted benefit,12.9532827,1
TCGA-ER-A42L,TCGA-ER-A42L-06,BRAF,p.V600K,0,2.8568581093411374,immune-hot,0.8473318626866635,0.0,0.4686669670701306,Immunotherapy first,"BRAF-V600 + immune-hot, low burden: durable IO benefit, targeted in reserve",149.0285038,0
TCGA-FR-A2OS,TCGA-FR-A2OS-01,WT,WT,0,0.016187795015469898,immune-cold,0.0,0.5884496985016822,1.1187994813824205,Trial / Chemotherapy,BRAF-wild-type + immune-cold: hardest group; trial or chemo fallback,12.09849755,1
TCGA-FR-A3R1,TCGA-FR-A3R1-01,WT,WT,0,0.5952810607948852,immune-hot,0.0,0.1925661944372022,1.3401226502623038,Immunotherapy first,BRAF-wild-type + immune-hot: checkpoint blockade (no targeted option),22.52030115,0
TCGA-FR-A3YN,TCGA-FR-A3YN-06,NRAS,WT,1,0.6840980850351465,immune-hot,0.0,0.3763861193345801,0.2722689646678263,Immunotherapy first,BRAF-wild-type + immune-hot: checkpoint blockade (no targeted option),92.97432357,0
TCGA-FR-A44A,TCGA-FR-A44A-06,BRAF,p.V600E,0,5.963347763377297,immune-hot,0.3302593328121843,0.0,0.6857723137267878,Immunotherapy first,"BRAF-V600 + immune-hot, low burden: durable IO benefit, targeted in reserve",174.2117895,0
TCGA-FR-A69P,TCGA-FR-A69P-06,NRAS,WT,1,0.09873506247212605,immune-cold,0.0,0.572021503875231,0.8842088253669553,Trial / Chemotherapy,BRAF-wild-type + immune-cold: hardest group; trial or chemo fallback,15.71489628,0
TCGA-FR-A726,TCGA-FR-A726-01,WT,WT,0,0.0475710898747121,immune-cold,0.0,0.5557701499968654,1.5907533208125804,Trial / Chemotherapy,BRAF-wild-type + immune-cold: hardest group; trial or chemo fallback,10.02728737,1
TCGA-FR-A728,TCGA-FR-A728-01,BRAF,p.V600E,0,1.3667104660893532,immune-hot,0.9278888637174116,0.0,0.8098005769457391,Immunotherapy first,"BRAF-V600 + immune-hot, low burden: durable IO benefit, targeted in reserve",19.16691324,0
TCGA-FR-A729,TCGA-FR-A729-06,BRAF,p.V600E,0,2.255133078749281,immune-hot,0.5725141157441361,0.0,0.7892993577650464,Immunotherapy first,"BRAF-V600 + immune-hot, low burden: durable IO benefit, targeted in reserve",220.7975803,0
TCGA-FR-A7U8,TCGA-FR-A7U8-06,NRAS,WT,1,0.053553126125486204,immune-cold,0.0,0.593280306103991,0.6344974919996693,Trial / Chemotherapy,BRAF-wild-type + immune-cold: hardest group; trial or chemo fallback,27.84627018,0
TCGA-FR-A7U9,TCGA-FR-A7U9-06,WT,WT,0,0.6290359138902838,immune-hot,0.0,0.0,2.701070707027723,Immunotherapy first,BRAF-wild-type + immune-hot: checkpoint blockade (no targeted option),18.77239702,0
TCGA-FR-A7UA,TCGA-FR-A7UA-06,BRAF,p.V600K,0,12.239540206296894,immune-hot,0.6686661390963828,0.0,0.736447146976586,Immunotherapy first,"BRAF-V600 + immune-hot, low burden: durable IO benefit, targeted in reserve",38.26807378,0
TCGA-FR-A8YC,TCGA-FR-A8YC-06,WT,WT,0,0.4799153906751546,immune-hot,0.0,0.1401694036049767,0.373727983906031,Immunotherapy first,BRAF-wild-type + immune-hot: checkpoint blockade (no targeted option),34.81605681,1
TCGA-FR-A8YD,TCGA-FR-A8YD-06,WT,WT,0,0.10204875736602426,immune-cold,0.0,0.5687425552462319,1.1417780723404354,Trial / Chemotherapy,BRAF-wild-type + immune-cold: hardest group; trial or chemo fallback,36.2626163,1
TCGA-FR-A8YE,TCGA-FR-A8YE-06,BRAF,p.V600E,0,0.5538484221104443,immune-hot,0.4327499099917075,0.0008701861085316,0.4955469347157532,Immunotherapy first,"BRAF-V600 + immune-hot, low burden: durable IO benefit, targeted in reserve",104.4152941,0
TCGA-FS-A1YW,TCGA-FS-A1YW-06,NRAS,WT,1,0.08579310042296469,immune-cold,0.0,0.5462157175721588,0.3008821248342238,Trial / Chemotherapy,BRAF-wild-type + immune-cold: hardest group; trial or chemo fallback,216.9181708,1
TCGA-FS-A1YX,TCGA-FS-A1YX-06,BRAF,p.V600E,0,0.0926619095683201,immune-cold,0.14614916748260648,0.4959835491435213,0.8799024564571567,Targeted therapy first,BRAF-V600 + immune-cold: BRAF/MEK inhibitor gives the clearest predicted benefit,48.59124832,1
TCGA-FS-A1YY,TCGA-FS-A1YY-06,BRAF,p.V600E,0,0.041099533646587603,immune-cold,0.9120537071616274,0.0,0.4078281354698573,Targeted therapy first,BRAF-V600 + immune-cold: BRAF/MEK inhibitor gives the clearest predicted benefit,228.5892757,1
TCGA-FS-A1Z0,TCGA-FS-A1Z0-06,NRAS,WT,1,1.256200719625621,immune-hot,0.0,3.683927787832125e-07,2.1107643018293913,Immunotherapy first,BRAF-wild-type + immune-hot: checkpoint blockade (no targeted option),202.649834,1
TCGA-FS-A1Z3,TCGA-FS-A1Z3-06,NRAS,WT,1,0.07239262091515276,immune-cold,0.0,0.4615191439488991,0.682269155197918,Trial / Chemotherapy,BRAF-wild-type + immune-cold: hardest group; trial or chemo fallback,20.9093599,1
TCGA-FS-A1Z4,TCGA-FS-A1Z4-06,WT,WT,0,0.7704004650195904,immune-hot,0.007822560740648103,0.074698852768631,3.8799270995432,Immunotherapy first,BRAF-wild-type + immune-hot: checkpoint blockade (no targeted option),28.07640464,1
TCGA-FS-A1Z7,TCGA-FS-A1Z7-06,BRAF,p.V600E,0,0.10116814369120015,immune-cold,0.440165318625153,0.2386861702590565,1.078885731790366,Targeted therapy first,BRAF-V600 + immune-cold: BRAF/MEK inhibitor gives the clearest predicted benefit,7.791695434,1
TCGA-FS-A1ZA,TCGA-FS-A1ZA-06,WT,WT,0,0.3600117548749619,immune-hot,0.0,0.4495159312316347,1.4618864408410466,Immunotherapy first,BRAF-wild-type + immune-hot: checkpoint blockade (no targeted option),27.71476477,1
TCGA-FS-A1ZB,TCGA-FS-A1ZB-06,NRAS,WT,1,0.16715168993737306,immune-cold,0.0,0.570856186318663,2.2074882507135185,Trial / Chemotherapy,BRAF-wild-type + immune-cold: hardest group; trial or chemo fallback,48.85425913,1
TCGA-FS-A1ZC,TCGA-FS-A1ZC-06,BRAF,p.V600K,0,0.013969148819535232,immune-cold,0.39813100770643484,0.3455745957401697,1.0327833913717586,Targeted therapy first,BRAF-V600 + immune-cold: BRAF/MEK inhibitor gives the clearest predicted benefit,357.3659467,1
TCGA-FS-A1ZD,TCGA-FS-A1ZD-06,BRAF,p.V600E,0,0.7318262988636004,immune-hot,0.5271106962811103,0.0,2.6853016550310564,Immunotherapy first,"BRAF-V600 + immune-hot, low burden: durable IO benefit, targeted in reserve",53.52270112,1
TCGA-FS-A1ZE,TCGA-FS-A1ZE-06,NRAS,WT,1,0.038031464374407735,immune-cold,0.0,0.6561463020935961,0.5860193907555438,Trial / Chemotherapy,BRAF-wild-type + immune-cold: hardest group; trial or chemo fallback,46.45428543,1
TCGA-FS-A1ZF,TCGA-FS-A1ZF-06,BRAF,p.V600E,0,0.11163499818338257,immune-cold,0.4237955824096768,0.142495211916719,1.1755322628064522,Targeted therapy first,BRAF-V600 + immune-cold: BRAF/MEK inhibitor gives the clearest predicted benefit,15.45188546,1
TCGA-FS-A1ZG,TCGA-FS-A1ZG-06,WT,WT,0,0.04155091191100157,immune-cold,0.0,0.5864087930974693,0.5502813674209681,Trial / Chemotherapy,BRAF-wild-type + immune-cold: hardest group; trial or chemo fallback,9.698523852,1
TCGA-FS-A1ZH,TCGA-FS-A1ZH-06,BRAF,p.V600E,0,1.5414684657699365,immune-hot,0.2937829120015604,0.0,1.0171304661771536,Immunotherapy first,"BRAF-V600 + immune-hot, low burden: durable IO benefit, targeted in reserve",32.74484663,1
TCGA-FS-A1ZJ,TCGA-FS-A1ZJ-06,WT,WT,0,0.4038525413219951,immune-hot,0.0,0.1575385344032659,1.2257377502312496,Immunotherapy first,BRAF-wild-type + immune-hot: checkpoint blockade (no targeted option),47.37482329,1
TCGA-FS-A1ZK,TCGA-FS-A1ZK-06,WT,WT,0,0.007591653231501333,immune-cold,0.0,0.5932052258002319,1.206465539705713,Trial / Chemotherapy,BRAF-wild-type + immune-cold: hardest group; trial or chemo fallback,23.93398429,1
TCGA-FS-A1ZM,TCGA-FS-A1ZM-06,BRAF,p.V600E,0,1.847307979828255,immune-hot,0.5289068053148412,0.0,0.6728870773146602,Immunotherapy first,"BRAF-V600 + immune-hot, low burden: durable IO benefit, targeted in reserve",101.2591643,0
TCGA-FS-A1ZN,TCGA-FS-A1ZN-01,BRAF,p.V600E,0,0.05182788250267493,immune-cold,0.677641740017794,3.480505533863625e-05,0.454788846500373,Targeted therapy first,BRAF-V600 + immune-cold: BRAF/MEK inhibitor gives the clearest predicted benefit,23.99973699,1
TCGA-FS-A1ZP,TCGA-FS-A1ZP-06,NRAS,WT,1,0.2412281617878048,immune-cold,0.0,0.6053493327033147,0.3786464378350313,Trial / Chemotherapy,BRAF-wild-type + immune-cold: hardest group; trial or chemo fallback,74.72794819,1
TCGA-FS-A1ZQ,TCGA-FS-A1ZQ-06,NRAS,WT,1,0.11232865733804569,immune-cold,0.0,0.6625275502634475,1.128438005953565,Trial / Chemotherapy,BRAF-wild-type + immune-cold: hardest group; trial or chemo fallback,133.543742,1
TCGA-FS-A1ZR,TCGA-FS-A1ZR-06,BRAF,p.V600E,0,0.2386798848079079,immune-cold,0.5404426318752501,0.0566597493267993,0.7764915392209601,Targeted therapy first,BRAF-V600 + immune-cold: BRAF/MEK inhibitor gives the clearest predicted benefit,11.40809416,1
TCGA-FS-A1ZS,TCGA-FS-A1ZS-06,BRAF,p.V600E,0,0.06435026764415464,immune-cold,0.1386567238246271,0.5215635732805102,0.894287664062585,Targeted therapy first,BRAF-V600 + immune-cold: BRAF/MEK inhibitor gives the clearest predicted benefit,148.7983693,0
TCGA-FS-A1ZT,TCGA-FS-A1ZT-06,NRAS,WT,1,0.941691618579199,immune-hot,0.0,0.2857939172363115,0.8701574823174552,Immunotherapy first,BRAF-wild-type + immune-hot: checkpoint blockade (no targeted option),53.16106125,0
TCGA-FS-A1ZU,TCGA-FS-A1ZU-06,WT,WT,0,0.016917917087929765,immune-cold,0.0,0.5711242528553301,0.3592218108817882,Trial / Chemotherapy,BRAF-wild-type + immune-cold: hardest group; trial or chemo fallback,26.56409245,1
TCGA-FS-A1ZW,TCGA-FS-A1ZW-06,NRAS,WT,1,0.9232589686654236,immune-hot,0.0,0.2326587954230083,1.8022395818344632,Immunotherapy first,BRAF-wild-type + immune-hot: checkpoint blockade (no targeted option),49.47890982,0
TCGA-FS-A1ZY,TCGA-FS-A1ZY-06,NRAS,WT,1,0.02197953006673717,immune-cold,0.0,0.6084696125714014,0.5252899118938786,Trial / Chemotherapy,BRAF-wild-type + immune-cold: hardest group; trial or chemo fallback,27.09011408,1
TCGA-FS-A1ZZ,TCGA-FS-A1ZZ-06,WT,WT,0,0.04013917015261653,immune-cold,0.0,0.5743302833311789,0.2510134051354059,Trial / Chemotherapy,BRAF-wild-type + immune-cold: hardest group; trial or chemo fallback,27.02436138,1
TCGA-FS-A4F0,TCGA-FS-A4F0-06,WT,WT,0,0.017666473667441836,immune-cold,0.0,0.595640336555004,0.4336353817814322,Trial / Chemotherapy,BRAF-wild-type + immune-cold: hardest group; trial or chemo fallback,77.81832528,0
TCGA-FS-A4F2,TCGA-FS-A4F2-06,WT,WT,0,0.04496546967922419,immune-cold,0.0,0.6183632545544754,1.291750998586735,Trial / Chemotherapy,BRAF-wild-type + immune-cold: hardest group; trial or chemo fallback,50.13643686,1
TCGA-FS-A4F4,TCGA-FS-A4F4-06,WT,WT,0,0.6787959104109081,immune-hot,0.0,0.0,0.6063270652661331,Immunotherapy first,BRAF-wild-type + immune-hot: checkpoint blockade (no targeted option),66.67324194,1
TCGA-FS-A4F5,TCGA-FS-A4F5-06,NRAS,WT,1,0.04912275268385239,immune-cold,0.0,0.6260068954179193,0.2673892196728467,Trial / Chemotherapy,BRAF-wild-type + immune-cold: hardest group; trial or chemo fallback,28.73393168,1
TCGA-FS-A4F8,TCGA-FS-A4F8-06,BRAF,p.V600E,0,1.2967075958349688,immune-hot,0.7649640904782314,0.0,1.0407332386962518,Immunotherapy first,"BRAF-V600 + immune-hot, low burden: durable IO benefit, targeted in reserve",174.8364402,1
TCGA-FS-A4F9,TCGA-FS-A4F9-06,NRAS,WT,1,0.13961699067758496,immune-cold,0.0,0.6039343939790264,1.211371897092832,Trial / Chemotherapy,BRAF-wild-type + immune-cold: hardest group; trial or chemo fallback,34.02702436,0
TCGA-FS-A4FB,TCGA-FS-A4FB-06,BRAF,p.V600E,0,0.017133781920534535,immune-cold,0.6416093995784504,0.0001217103525127,0.5766953762733169,Targeted therapy first,BRAF-V600 + immune-cold: BRAF/MEK inhibitor gives the clearest predicted benefit,26.72847421,1
TCGA-FS-A4FC,TCGA-FS-A4FC-06,NRAS,WT,1,0.22582663461296937,immune-cold,0.0,0.5660489257293185,0.4509847260094926,Trial / Chemotherapy,BRAF-wild-type + immune-cold: hardest group; trial or chemo fallback,54.41036263,1
TCGA-FS-A4FD,TCGA-FS-A4FD-06,NRAS,WT,1,0.2735249152435004,immune-cold,0.0,0.4280271062978191,0.715670126640996,Trial / Chemotherapy,BRAF-wild-type + immune-cold: hardest group; trial or chemo fallback,80.67856791,1
TCGA-FW-A3I3,TCGA-FW-A3I3-06,WT,WT,0,0.14434617422444304,immune-cold,0.0,0.4703177071288283,0.8016184760171219,Trial / Chemotherapy,BRAF-wild-type + immune-cold: hardest group; trial or chemo fallback,17.45734293,0
TCGA-FW-A3R5,TCGA-FW-A3R5-06,WT,WT,0,0.19254123224410372,immune-cold,0.01662295664887128,0.4779595601734521,2.43497097871944,Trial / Chemotherapy,BRAF-wild-type + immune-cold: hardest group; trial or chemo fallback,36.95301969,0
TCGA-FW-A3TU,TCGA-FW-A3TU-06,WT,WT,0,0.18736090013713136,immune-cold,0.0,0.0,0.4821691271182121,Trial / Chemotherapy,BRAF-wild-type + immune-cold: hardest group; trial or chemo fallback,55.5939113,1
TCGA-FW-A3TV,TCGA-FW-A3TV-06,BRAF,p.V600E,0,0.2914607235742105,immune-cold,0.2208932074262594,0.3662852204176963,0.3365935357766602,Targeted therapy first,BRAF-V600 + immune-cold: BRAF/MEK inhibitor gives the clearest predicted benefit,13.51218069,0
TCGA-FW-A5DX,TCGA-FW-A5DX-01,BRAF,p.V600E,0,0.10032643356469721,immune-cold,0.3086171449528184,0.5089685257910418,1.6341411972329891,Targeted therapy first,BRAF-V600 + immune-cold: BRAF/MEK inhibitor gives the clearest predicted benefit,21.04086531,0
TCGA-FW-A5DY,TCGA-FW-A5DY-06,WT,WT,0,0.9006748108654029,immune-hot,0.026949869561409556,0.0264840585200373,0.7522016831229952,Immunotherapy first,BRAF-wild-type + immune-hot: checkpoint blockade (no targeted option),19.29841865,0
TCGA-GF-A3OT,TCGA-GF-A3OT-06,NRAS,WT,1,0.6060780033375975,immune-hot,0.0,0.3374557098892263,1.130349259570835,Immunotherapy first,BRAF-wild-type + immune-hot: checkpoint blockade (no targeted option),9.895781964,0
TCGA-GF-A4EO,TCGA-GF-A4EO-06,BRAF,p.V600E,0,3.6139379101076305,immune-hot,0.28958543686197974,0.0,0.7102702303451138,Immunotherapy first,"BRAF-V600 + immune-hot, low burden: durable IO benefit, targeted in reserve",19.42992406,0
TCGA-GF-A6C8,TCGA-GF-A6C8-06,BRAF,p.V600E,0,0.8690908783783525,immune-hot,0.8665809309208755,0.0,0.8337614071045285,Immunotherapy first,"BRAF-V600 + immune-hot, low burden: durable IO benefit, targeted in reserve",2.038333827,0
TCGA-GF-A6C9,TCGA-GF-A6C9-06,BRAF,p.V600K,0,0.9432383216138822,immune-hot,0.7226567549019324,0.0,1.1316411702437748,Immunotherapy first,"BRAF-V600 + immune-hot, low burden: durable IO benefit, targeted in reserve",15.78064898,0
TCGA-GF-A769,TCGA-GF-A769-01,BRAF,p.V600E,0,0.04267042127446167,immune-cold,0.2139749670848457,0.492562946174132,1.6627761311747733,Targeted therapy first,BRAF-V600 + immune-cold: BRAF/MEK inhibitor gives the clearest predicted benefit,35.17769668,1
TCGA-GN-A262,TCGA-GN-A262-06,BRAF,p.V600E,0,0.003954558247825534,immune-cold,0.623563680546216,1.500166988116016e-05,0.4503329643329197,Targeted therapy first,BRAF-V600 + immune-cold: BRAF/MEK inhibitor gives the clearest predicted benefit,139.8888779,0
TCGA-GN-A263,TCGA-GN-A263-01,BRAF,p.V600E,0,0.2464686644666386,immune-cold,0.955147114434069,0.0,0.95003336766909,Targeted therapy first,BRAF-V600 + immune-cold: BRAF/MEK inhibitor gives the clearest predicted benefit,15.3532564,1
TCGA-GN-A264,TCGA-GN-A264-06,WT,WT,0,0.0642295833423343,immune-cold,0.0,0.5623531892650163,0.5304382001186266,Trial / Chemotherapy,BRAF-wild-type + immune-cold: hardest group; trial or chemo fallback,117.9274748,1
TCGA-GN-A265,TCGA-GN-A265-06,BRAF,p.V600E,0,1.0406831902824882,immune-hot,0.7572288913956035,0.0,1.2838301829627572,Immunotherapy first,"BRAF-V600 + immune-hot, low burden: durable IO benefit, targeted in reserve",96.91948581,0
TCGA-GN-A266,TCGA-GN-A266-06,WT,WT,0,0.9066160804350393,immune-hot,0.0,0.2103292412769647,1.3930087313680324,Immunotherapy first,BRAF-wild-type + immune-hot: checkpoint blockade (no targeted option),10.12591643,1
TCGA-GN-A267,TCGA-GN-A267-06,NRAS,WT,1,0.7687293360697062,immune-hot,0.0,0.1116757417966666,1.1858046461721852,Immunotherapy first,BRAF-wild-type + immune-hot: checkpoint blockade (no targeted option),64.43765,1
TCGA-GN-A268,TCGA-GN-A268-06,NRAS,WT,1,0.08811457065478683,immune-cold,0.0,0.6159316759111979,2.330248796343293,Trial / Chemotherapy,BRAF-wild-type + immune-cold: hardest group; trial or chemo fallback,62.7938324,1
TCGA-GN-A26A,TCGA-GN-A26A-06,BRAF,p.V600E,0,0.8157240888450993,immune-hot,0.44105972377307745,0.0,0.6072609182993816,Immunotherapy first,"BRAF-V600 + immune-hot, low burden: durable IO benefit, targeted in reserve",32.48183582,1
TCGA-GN-A26C,TCGA-GN-A26C-01,WT,WT,0,2.2639691705523757,immune-hot,0.0,0.0,0.8901022605716009,Immunotherapy first,BRAF-wild-type + immune-hot: checkpoint blockade (no targeted option),26.99148503,1
TCGA-GN-A26D,TCGA-GN-A26D-06,WT,WT,0,0.08308845771027319,immune-cold,0.0,0.616912498261749,1.138608778367494,Trial / Chemotherapy,BRAF-wild-type + immune-cold: hardest group; trial or chemo fallback,47.99947398,1
TCGA-GN-A4U3,TCGA-GN-A4U3-06,NRAS,WT,1,0.06988797755153277,immune-cold,0.0,0.6122034145450298,0.5834839555771905,Trial / Chemotherapy,BRAF-wild-type + immune-cold: hardest group; trial or chemo fallback,121.9055134,0
TCGA-GN-A4U4,TCGA-GN-A4U4-06,NRAS,WT,1,0.09430258139772245,immune-cold,0.0,0.5485229756888116,0.7205668067946097,Trial / Chemotherapy,BRAF-wild-type + immune-cold: hardest group; trial or chemo fallback,39.35299339,0
TCGA-GN-A4U5,TCGA-GN-A4U5-01,BRAF,p.V600E,0,2.040219696428555,immune-hot,0.208619578071586,0.0,0.4876551507922908,Immunotherapy first,"BRAF-V600 + immune-hot, low burden: durable IO benefit, targeted in reserve",38.00506296,0
TCGA-GN-A4U7,TCGA-GN-A4U7-06,BRAF,p.V600E,0,0.0107518329585081,immune-cold,0.9350128316040746,0.0,1.1511456343734354,Targeted therapy first,BRAF-V600 + immune-cold: BRAF/MEK inhibitor gives the clearest predicted benefit,10.4218036,1
TCGA-GN-A4U8,TCGA-GN-A4U8-06,BRAF,p.V600E,0,1.561038258205045,immune-hot,0.8568812113047805,0.0,0.5637278833763953,Immunotherapy first,"BRAF-V600 + immune-hot, low burden: durable IO benefit, targeted in reserve",48.88713548,0
TCGA-GN-A4U9,TCGA-GN-A4U9-06,NRAS,WT,1,0.14372369632177984,immune-cold,0.0,0.2847399488748107,1.710199413966836,Trial / Chemotherapy,BRAF-wild-type + immune-cold: hardest group; trial or chemo fallback,22.12578492,1
TCGA-GN-A8LK,TCGA-GN-A8LK-06,WT,WT,0,0.032930157291421,immune-cold,0.0,0.0,1.2102396607727277,Trial / Chemotherapy,BRAF-wild-type + immune-cold: hardest group; trial or chemo fallback,50.10356051,1
TCGA-GN-A8LL,TCGA-GN-A8LL-06,WT,WT,0,0.1783065729000174,immune-cold,0.0,0.0,0.9250273962917426,Trial / Chemotherapy,BRAF-wild-type + immune-cold: hardest group; trial or chemo fallback,21.36962883,1
TCGA-GN-A9SD,TCGA-GN-A9SD-06,BRAF,p.V600E,0,0.7259093148439894,immune-hot,0.6851495662155618,0.0,0.4949082373044122,Immunotherapy first,"BRAF-V600 + immune-hot, low burden: durable IO benefit, targeted in reserve",59.40756814,1
TCGA-HR-A2OH,TCGA-HR-A2OH-06,BRAF,p.V600E,0,7.681883119366034,immune-hot,0.56805103597258,0.0,1.4746265187505965,Immunotherapy first,"BRAF-V600 + immune-hot, low burden: durable IO benefit, targeted in reserve",65.88420949,1
TCGA-IH-A3EA,TCGA-IH-A3EA-01,BRAF,p.V600K,0,0.16877732238045606,immune-cold,0.9635209460514775,0.0,1.1294541154716071,Targeted therapy first,BRAF-V600 + immune-cold: BRAF/MEK inhibitor gives the clearest predicted benefit,17.22720847,0
TCGA-LH-A9QB,TCGA-LH-A9QB-06,BRAF,p.V600E,0,0.1148424598088084,immune-cold,0.7992544486022105,2.9767217578982943e-08,0.5526716440967441,Targeted therapy first,BRAF-V600 + immune-cold: BRAF/MEK inhibitor gives the clearest predicted benefit,368.7740408,0
TCGA-OD-A75X,TCGA-OD-A75X-06,BRAF,p.V600K,0,0.13541070817382364,immune-cold,0.26487542421003923,0.4586739691999886,1.1866852744211551,Targeted therapy first,BRAF-V600 + immune-cold: BRAF/MEK inhibitor gives the clearest predicted benefit,297.8926258,1
TCGA-QB-A6FS,TCGA-QB-A6FS-06,BRAF,p.V600K,0,1.4572081589292765,immune-hot,0.9264692549662046,0.0,0.956594531985592,Immunotherapy first,"BRAF-V600 + immune-hot, low burden: durable IO benefit, targeted in reserve",7.232797449,0
TCGA-QB-AA9O,TCGA-QB-AA9O-06,NRAS,WT,1,1.4909968298242138,immune-hot,0.0,0.0,0.9430899526291336,Immunotherapy first,BRAF-wild-type + immune-hot: checkpoint blockade (no targeted option),18.04911727,1
TCGA-W3-A824,TCGA-W3-A824-06,NRAS,WT,1,1.7994491361535807,immune-hot,0.0,0.0,0.7099170113221753,Immunotherapy first,BRAF-wild-type + immune-hot: checkpoint blockade (no targeted option),228.1618832,0
TCGA-W3-A825,TCGA-W3-A825-06,NRAS,WT,1,1.6116493855713199,immune-hot,0.0,0.0,0.6891109592860699,Immunotherapy first,BRAF-wild-type + immune-hot: checkpoint blockade (no targeted option),63.02396686,1
TCGA-W3-A828,TCGA-W3-A828-06,WT,WT,0,0.171920365888263,immune-cold,0.0,0.2938145221091086,0.9543590910458988,Trial / Chemotherapy,BRAF-wild-type + immune-cold: hardest group; trial or chemo fallback,121.0836046,1
TCGA-W3-AA1O,TCGA-W3-AA1O-06,WT,WT,0,0.05730505134363417,immune-cold,0.0,0.558652677258369,1.8650206341992233,Trial / Chemotherapy,BRAF-wild-type + immune-cold: hardest group; trial or chemo fallback,4.010914949,1
TCGA-W3-AA1Q,TCGA-W3-AA1Q-06,BRAF,p.V600K,0,0.5670899013764651,immune-hot,0.08899591167047172,0.2857886427353776,0.1604398220054863,Targeted -> Immunotherapy,"BRAF-V600 + immune-hot, high burden: targeted for rapid control, then IO",69.07321564,1
TCGA-W3-AA1R,TCGA-W3-AA1R-06,BRAF,p.V600K,0,0.42898179665080244,immune-hot,0.22210218294354636,0.3347213227074385,2.1137594055992404,Targeted -> Immunotherapy,"BRAF-V600 + immune-hot, high burden: targeted for rapid control, then IO",111.0891935,1
TCGA-W3-AA1V,TCGA-W3-AA1V-06,WT,WT,0,1.104781489082894,immune-hot,0.0,0.0943533080921747,2.67830017659007,Immunotherapy first,BRAF-wild-type + immune-hot: checkpoint blockade (no targeted option),42.08173061,1
TCGA-W3-AA1W,TCGA-W3-AA1W-06,BRAF,p.V600K,0,7.874369606840811,immune-hot,0.5536183916244126,0.0,0.970157174743081,Immunotherapy first,"BRAF-V600 + immune-hot, low burden: durable IO benefit, targeted in reserve",219.1537627,0
TCGA-W3-AA21,TCGA-W3-AA21-06,BRAF,p.V600K,0,0.12526256129779598,immune-cold,0.8807622113190258,0.0,0.6571760887190243,Targeted therapy first,BRAF-V600 + immune-cold: BRAF/MEK inhibitor gives the clearest predicted benefit,105.0399448,1
TCGA-WE-A8JZ,TCGA-WE-A8JZ-06,NRAS,WT,1,0.13995476455900033,immune-cold,0.0,0.6494823402982541,0.3832992517043148,Trial / Chemotherapy,BRAF-wild-type + immune-cold: hardest group; trial or chemo fallback,24.03261334,0
TCGA-WE-A8K1,TCGA-WE-A8K1-06,NRAS,WT,1,1.6193163453629378,immune-hot,0.0,0.0,0.9151517794997214,Immunotherapy first,BRAF-wild-type + immune-hot: checkpoint blockade (no targeted option),49.05151724,0
TCGA-WE-A8K5,TCGA-WE-A8K5-06,BRAF,p.V600K,0,0.4332665966786018,immune-hot,0.41824982385956694,2.4585863283031725e-07,0.9329482119157204,Immunotherapy first,"BRAF-V600 + immune-hot, low burden: durable IO benefit, targeted in reserve",61.15001479,1
TCGA-WE-A8K6,TCGA-WE-A8K6-06,BRAF,p.V600E,0,0.08164871867487367,immune-cold,0.9259755302660463,0.0,0.088466849395845,Targeted therapy first,BRAF-V600 + immune-cold: BRAF/MEK inhibitor gives the clearest predicted benefit,17.95048821,0
TCGA-WE-A8ZM,TCGA-WE-A8ZM-06,WT,WT,0,0.034562114743561835,immune-cold,0.0,0.1388164972061493,0.1862117464147674,Trial / Chemotherapy,BRAF-wild-type + immune-cold: hardest group; trial or chemo fallback,101.324917,0
TCGA-WE-A8ZN,TCGA-WE-A8ZN-06,NRAS,WT,1,1.5928450871710342,immune-hot,0.0,0.0,1.2245474505101146,Immunotherapy first,BRAF-wild-type + immune-hot: checkpoint blockade (no targeted option),58.98017556,0
TCGA-WE-A8ZO,TCGA-WE-A8ZO-06,NRAS,WT,1,0.7799602624020728,immune-hot,0.0,0.4014721196597017,0.7643272567049674,Immunotherapy first,BRAF-wild-type + immune-hot: checkpoint blockade (no targeted option),70.51977513,0
TCGA-WE-A8ZQ,TCGA-WE-A8ZQ-06,BRAF,p.V600E,0,0.005270530709884167,immune-cold,0.4524535242235931,0.2883784104385268,0.4346660071497318,Targeted therapy first,BRAF-V600 + immune-cold: BRAF/MEK inhibitor gives the clearest predicted benefit,63.22122497,0
TCGA-WE-A8ZT,TCGA-WE-A8ZT-06,BRAF,p.V600E,0,0.0736336514665195,immune-cold,0.40777121295680696,0.2598873231739302,0.3775567813423497,Targeted therapy first,BRAF-V600 + immune-cold: BRAF/MEK inhibitor gives the clearest predicted benefit,11.80261038,0
TCGA-WE-A8ZX,TCGA-WE-A8ZX-06,BRAF,p.V600E,0,1.4610990960425454,immune-hot,0.45538114527029366,0.0,1.4593897145967138,Immunotherapy first,"BRAF-V600 + immune-hot, low burden: durable IO benefit, targeted in reserve",35.80234737,0
TCGA-WE-A8ZY,TCGA-WE-A8ZY-06,NRAS,WT,1,0.14458124096340974,immune-cold,0.0,0.6397761808443511,1.3406258664045725,Trial / Chemotherapy,BRAF-wild-type + immune-cold: hardest group; trial or chemo fallback,49.51178617,1
TCGA-WE-AA9Y,TCGA-WE-AA9Y-06,WT,WT,0,0.25942959749476907,immune-cold,0.0,0.2976258081831022,0.4675458595685567,Trial / Chemotherapy,BRAF-wild-type + immune-cold: hardest group; trial or chemo fallback,12.16425026,0
TCGA-WE-AAA0,TCGA-WE-AAA0-06,BRAF,p.V600E,0,0.1757171585042018,immune-cold,0.9288321347241507,0.0,0.9431528546469172,Targeted therapy first,BRAF-V600 + immune-cold: BRAF/MEK inhibitor gives the clearest predicted benefit,40.40503666,0
TCGA-WE-AAA3,TCGA-WE-AAA3-06,NRAS,WT,1,1.2320190515614176,immune-hot,0.0,0.2526524948565268,0.6294266216429627,Immunotherapy first,BRAF-wild-type + immune-hot: checkpoint blockade (no targeted option),21.40250518,0
TCGA-WE-AAA4,TCGA-WE-AAA4-06,BRAF,p.V600E,0,6.944032537637926,immune-hot,0.9299011711273196,0.0,0.8492982054970714,Immunotherapy first,"BRAF-V600 + immune-hot, low burden: durable IO benefit, targeted in reserve",24.98602755,0
TCGA-XV-AB01,TCGA-XV-AB01-06,WT,WT,0,0.33536890005334347,immune-hot,0.0,0.0,0.3632296371379524,Immunotherapy first,BRAF-wild-type + immune-hot: checkpoint blockade (no targeted option),13.24916987,0
TCGA-YD-A89C,TCGA-YD-A89C-06,NRAS,WT,1,0.040825024479976366,immune-cold,0.0,0.4671190719149714,1.1065674582318914,Trial / Chemotherapy,BRAF-wild-type + immune-cold: hardest group; trial or chemo fallback,6.904033928,0
TCGA-YD-A9TA,TCGA-YD-A9TA-06,WT,WT,0,0.7047144512165152,immune-hot,0.0,3.3630950310784574e-05,1.9033811878136988,Immunotherapy first,BRAF-wild-type + immune-hot: checkpoint blockade (no targeted option),49.18302265,0
TCGA-YG-AA3O,TCGA-YG-AA3O-06,BRAF,p.V600R,0,0.3448450805846115,immune-hot,0.2839336603374926,0.3872169996352365,0.7197200488629077,Targeted -> Immunotherapy,"BRAF-V600 + immune-hot, high burden: targeted for rapid control, then IO",37.93931025,1
TCGA-YG-AA3P,TCGA-YG-AA3P-06,WT,WT,0,0.0729376708583978,immune-cold,0.0,0.4735448229193851,0.5972885291723088,Trial / Chemotherapy,BRAF-wild-type + immune-cold: hardest group; trial or chemo fallback,14.43271855,0
TCGA-Z2-A8RT,TCGA-Z2-A8RT-06,BRAF,p.V600K,0,0.538217599912704,immune-hot,0.30653852819305055,0.1823502416160048,1.2419132460351336,Targeted -> Immunotherapy,"BRAF-V600 + immune-hot, high burden: targeted for rapid control, then IO",27.58325936,0
TCGA-Z2-AA3S,TCGA-Z2-AA3S-06,WT,WT,0,0.3314966248744592,immune-hot,0.0,0.4784036304506281,0.4960888597920423,Immunotherapy first,BRAF-wild-type + immune-hot: checkpoint blockade (no targeted option),96.98523852,0
TCGA-Z2-AA3V,TCGA-Z2-AA3V-06,BRAF,p.V600E,0,2.981464807113429,immune-hot,0.9407850957295666,0.0,0.8242341707186932,Immunotherapy first,"BRAF-V600 + immune-hot, low burden: durable IO benefit, targeted in reserve",15.97790709,0
