SAMPLE_ID,PATIENT_ID,MUTATION_LOAD,NEOAGCNT,TUMOR_STAGE,HLA_A,HLA_B,HLA_C,SERUM_LACTATE_DEHYDROGENASE,CYTOLYTIC_SCORE,CBEST_B_NAIVE,CBEST_B_MEM,CBEST_PLASMA,CBEST_T_CD8,CBEST_T_CD4_NAIVE,CBEST_T_CD4_MEM_REST,CBEST_T_CD4_MEM_ACT,CBEST_T_FOLLI_HEL,CBEST_T_REG,CBEST_T_G_D,CBEST_NK_REST,CBEST_NK_ACT,CBEST_MONO,CBEST_MACRO_M0,CBEST_MACRO_M1,CBEST_MACRO_M2,CBEST_DENDRITIC_REST,CBEST_DENDRITIC_ACT,CBEST_MAST_REST,CBEST_MAST_ACT,CBEST_EOSINOPHILS,CBEST_NEUTROPHILS,CIBERSORT_P,CIBERSORT_CORRELATION,CIBERSORT_RMSE,STROMAL_SCORE,IMMUNE_SCORE,ESTIMATE_SCORE,PRIMARY_SITE,TUMOR_SAMPLE_HISTOLOGY,CIBERSORT_ABSOLUTE,ONCOTREE_CODE,CANCER_TYPE,CANCER_TYPE_DETAILED,SOMATIC_STATUS,TMB_NONSYNONYMOUS,OS_STATUS,OS_MONTHS,SEX,AGE,COHORT,TREATMENT,DOSAGE,RESPONSE_DURATION,DURABLE_CLINICAL_BENEFIT,M_STAGE,TUMOR_SITE,DFS_STATUS,DFS_MONTHS,RESPONSE,RESPONSE_BINARY
VAN_ALLEN_PAT02,VAN_ALLEN_PAT02,233,113,,A0201/A2601,B0702/B0801,C0702/C0702,1.0,29.24764035,0.023225696,0.0,0.002611951,0.04659999,0.0,0.053291683,0.007939459,0.022818832,0.00976999,0.0,0.0,0.0,0.044924794,0.626216015,0.017438523,0.06931586,0.0,0.0,0.012022482,0.017881246,0.0,0.0,0.0,0.752588045,0.667401616,2115.609593,2872.212943,4987.822536,occult,Unknown or NA,0.954056521,SKCM,Melanoma,Cutaneous Melanoma,Matched,7.56666666667,0.0,54.4,Female,42,,ipilimumab,,,SD,M1c,4,1:Recurred/Progressed,17.93333333,Stable Disease,
VAN_ALLEN_PAT03,VAN_ALLEN_PAT03,372,131,,A0301/A2901,B0705/B3501,C0401/C1505,1.0,3.13331056,0.0,0.003155964,0.0,0.0,0.0,0.189684594,0.0,0.018702245,0.006993126,0.0,0.0,0.004281346,0.0,0.020768464,0.00042086,0.206682749,0.01100519,0.0,0.143766647,0.0,0.0,0.0,0.186,0.061090053,1.065740745,722.2445373,768.3819275,1490.626465,skin,Acrolentigenous,0.605461187,SKCM,Melanoma,Cutaneous Melanoma,Matched,12.3,1.0,3.333333333,Female,61,,ipilimumab,,,PD,M1c,4,1:Recurred/Progressed,2.5333333330000003,Progressive Disease,0.0
VAN_ALLEN_PAT04,VAN_ALLEN_PAT04,336,271,,A0101/A0201,B1501/B4405,C0202/C0303,0.0,25.14707067,0.005936525,0.0,0.002150258,0.109833063,0.0,0.010036689,0.047699535,0.025635874,0.0,0.0,0.0,0.051133414,0.010576969,0.045567961,0.022255444,0.105871752,0.000338889,0.0,0.0,0.017878899,0.000173147,0.0,0.237,0.048505218,1.080739217,-251.9111901,893.3200194,641.4088294,skin,Nodular,0.45508842,SKCM,Melanoma,Cutaneous Melanoma,Matched,10.9333333333,0.0,32.9,Male,71,,ipilimumab,,,PR,M1b,4,0:DiseaseFree,21.53333333,Partial Response,1.0
VAN_ALLEN_PAT06,VAN_ALLEN_PAT06,174,167,,A0201/A1101,B2702/B5501,C0202/C0303,0.0,30.65983275,0.296795207,0.0,0.229643524,0.12930839,0.063155437,0.085920712,0.285727662,0.032506601,0.0,0.001221761,0.027808745,0.0,0.283987839,0.079596382,0.105149954,0.464862423,0.006297828,0.002502296,0.003182819,0.0,0.0,0.0,0.006,0.345682777,0.940141888,1059.079106,2956.35638,4015.435486,skin,Superficial spreading,2.09766758,SKCM,Melanoma,Cutaneous Melanoma,Matched,5.7,1.0,5.366666667,Male,33,,ipilimumab,,,PD,M1c,4,1:Recurred/Progressed,2.566666667,Progressive Disease,0.0
VAN_ALLEN_PAT07,VAN_ALLEN_PAT07,148,99,,A0101/A0101,B0702/B0801,C0701/C0702,0.0,,,,,,,,,,,,,,,,,,,,,,,,,,,,,,skin,Unknown or NA,,SKCM,Melanoma,Cutaneous Melanoma,Matched,4.93333333333,0.0,35.0,Male,36,,ipilimumab,,,SD,M0,3,1:Recurred/Progressed,24.03333333,Stable Disease,
VAN_ALLEN_PAT08,VAN_ALLEN_PAT08,265,311,,A2601/A6801,B3501/B3801,C0401/C1203,0.0,16.0172869,0.0,0.049626633,0.014715785,0.046140024,0.0,0.054568913,0.123057831,0.03166518,0.0,0.009777378,0.005948531,0.0,0.028199589,0.233202072,0.104516767,0.128129598,0.008675997,0.0,0.027417223,0.0,0.0,0.0,0.175,0.064975787,1.064301707,-137.2952191,1511.947905,1374.652686,mucosal,Nodular,0.865641521,SKCM,Melanoma,Cutaneous Melanoma,Matched,8.5,1.0,4.666666667,Male,73,,ipilimumab,,,PD,M1c,4,1:Recurred/Progressed,2.433333333,Progressive Disease,0.0
VAN_ALLEN_PAT100,VAN_ALLEN_PAT100,519,280,,A0201/A0301,B4001/B4403,C0304/C1601,0.0,,,,,,,,,,,,,,,,,,,,,,,,,,,,,,skin,Nodular,,SKCM,Melanoma,Cutaneous Melanoma,Matched,16.8666666667,1.0,12.0,Male,70,,ipilimumab,,,PD,M1c,4,1:Recurred/Progressed,3.7,Progressive Disease,0.0
VAN_ALLEN_PAT101,VAN_ALLEN_PAT101,50,26,,A0301/A2902,B0702/B4403,C0702/C1601,1.0,,,,,,,,,,,,,,,,,,,,,,,,,,,,,,skin,Acrolentigenous,,SKCM,Melanoma,Cutaneous Melanoma,Matched,1.66666666667,1.0,9.6,Male,75,,ipilimumab,,,PD,M1c,4,1:Recurred/Progressed,2.566666667,Progressive Disease,0.0
VAN_ALLEN_PAT103,VAN_ALLEN_PAT103,630,348,,A0101/A2301,B0801/B5001,C0602/C0701,0.0,,,,,,,,,,,,,,,,,,,,,,,,,,,,,,occult,Unknown or NA,,SKCM,Melanoma,Cutaneous Melanoma,Matched,20.5333333333,1.0,34.93333333,Male,70,,ipilimumab,,,PR,M1c,4,0:DiseaseFree,32.3,Partial Response,1.0
VAN_ALLEN_PAT104,VAN_ALLEN_PAT104,35,32,,A0201/A0301,B0702/B1501,C0304/C0702,0.0,,,,,,,,,,,,,,,,,,,,,,,,,,,,,,skin,Unknown or NA,,SKCM,Melanoma,Cutaneous Melanoma,Matched,1.13333333333,1.0,7.9,Female,45,,ipilimumab,,,SD,M1c,4,0:DiseaseFree,7.9,Stable Disease,
VAN_ALLEN_PAT105,VAN_ALLEN_PAT105,125,66,,A0101/A0201,B0801/B4402,C0501/C0701,0.0,,,,,,,,,,,,,,,,,,,,,,,,,,,,,,skin,Nodular,,SKCM,Melanoma,Cutaneous Melanoma,Matched,4.06666666667,0.0,34.9,Male,41,,ipilimumab,,,PR,M0,3,0:DiseaseFree,23.0,Partial Response,1.0
VAN_ALLEN_PAT106,VAN_ALLEN_PAT106,30,28,,A0201/A1101,B1302/B1501,C0304/C0602,0.0,,,,,,,,,,,,,,,,,,,,,,,,,,,,,,skin,Nodular,,SKCM,Melanoma,Cutaneous Melanoma,Matched,0.966666666667,1.0,8.333333332999999,Female,43,,ipilimumab,,,PD,M1b,4,1:Recurred/Progressed,4.566666667,Progressive Disease,0.0
VAN_ALLEN_PAT109,VAN_ALLEN_PAT109,286,227,,A0201/A0301,B1501/B4001,C0102/C0304,0.0,,,,,,,,,,,,,,,,,,,,,,,,,,,,,,skin,Unknown or NA,,SKCM,Melanoma,Cutaneous Melanoma,Matched,9.2,1.0,2.766666667,Male,69,,ipilimumab,,,PD,M1b,4,1:Recurred/Progressed,0.6333333329999999,Progressive Disease,0.0
VAN_ALLEN_PAT11,VAN_ALLEN_PAT11,1976,1188,,A0301/A3303,B0702/B5801,C0302/C0702,0.0,,,,,,,,,,,,,,,,,,,,,,,,,,,,,,occult,Unknown or NA,,SKCM,Melanoma,Cutaneous Melanoma,Matched,64.5333333333,0.0,26.33333333,Male,67,,ipilimumab,,,PD,M1c,4,1:Recurred/Progressed,4.2,Progressive Disease,0.0
VAN_ALLEN_PAT110,VAN_ALLEN_PAT110,6301,3644,,A0201/A3201,B4002/B4405,C0202/C0202,0.0,,,,,,,,,,,,,,,,,,,,,,,,,,,,,,skin,Unknown or NA,,SKCM,Melanoma,Cutaneous Melanoma,Matched,205.933333333,1.0,10.66666667,Male,76,,ipilimumab,,,PD,M1b,4,1:Recurred/Progressed,2.433333333,Progressive Disease,0.0
VAN_ALLEN_PAT113,VAN_ALLEN_PAT113,317,139,,A0101/A2301,B0801/B1402,C0701/C0701,1.0,,,,,,,,,,,,,,,,,,,,,,,,,,,,,,occult,Unknown or NA,,SKCM,Melanoma,Cutaneous Melanoma,Matched,10.5,1.0,10.03333333,Male,68,,ipilimumab,,,PR,M1c,4,1:Recurred/Progressed,1.733333333,Partial Response,1.0
VAN_ALLEN_PAT115,VAN_ALLEN_PAT115,76,69,,A0201/A0201,B0702/B1501,C0303/C0702,1.0,,,,,,,,,,,,,,,,,,,,,,,,,,,,,,skin,Acrolentigenous,,SKCM,Melanoma,Cutaneous Melanoma,Matched,2.4,1.0,4.833333333,Male,45,,ipilimumab,,,PD,M1c,4,1:Recurred/Progressed,2.466666667,Progressive Disease,0.0
VAN_ALLEN_PAT117,VAN_ALLEN_PAT117,689,549,,A0201/A1101,B0801/B2702,C0202/C0701,1.0,,,,,,,,,,,,,,,,,,,,,,,,,,,,,,skin,Unknown or NA,,SKCM,Melanoma,Cutaneous Melanoma,Matched,22.5666666667,0.0,30.46666667,Male,73,,ipilimumab,,,PR,M1c,4,1:Recurred/Progressed,6.066666667000001,Partial Response,1.0
VAN_ALLEN_PAT118,VAN_ALLEN_PAT118,113,60,,A0201/A0301,B3501/B5101,C0102/C0401,1.0,27.62456443,0.0,0.020043613,0.011322724,0.036672798,0.0,0.198079093,0.032076451,0.006819357,0.0,0.095078354,0.0,0.022182839,0.020047402,0.026654462,0.098610807,0.195826052,0.08088798,0.0,0.023105581,0.02140638,0.0,0.0,0.18,0.063061835,1.059362636,1584.565743,1926.275323,3510.841067,skin,Unknown or NA,0.888813894,SKCM,Melanoma,Cutaneous Melanoma,Matched,3.66666666667,1.0,10.43333333,Female,43,,ipilimumab,,,PD,M1c,4,1:Recurred/Progressed,4.0,Progressive Disease,0.0
VAN_ALLEN_PAT119,VAN_ALLEN_PAT119,301,201,,A0201/A6801,B3503/B4402,C0401/C0501,1.0,5.534072093,0.016604127,0.026258405,0.0,0.019264272,0.0,0.103906136,0.026518013,0.015556958,0.0,0.034745858,0.0,0.005922705,0.013729216,0.0,0.021805925,0.053444118,0.011016859,0.0,0.0,0.0,0.007892911,0.0,0.477,0.007953998,1.089679361,-575.3559415,383.4191905,-191.9367509,skin,Unknown or NA,0.356665503,SKCM,Melanoma,Cutaneous Melanoma,Matched,9.6,0.0,26.93333333,Male,61,,ipilimumab,,,PD,M0,3,1:Recurred/Progressed,3.6,Progressive Disease,0.0
VAN_ALLEN_PAT121,VAN_ALLEN_PAT121,63,24,,A0201/A2601,B1509/B4402,C0501/C0704,0.0,,,,,,,,,,,,,,,,,,,,,,,,,,,,,,occult,Unknown or NA,,SKCM,Melanoma,Cutaneous Melanoma,Matched,2.1,1.0,4.066666667,Male,46,,ipilimumab,,,PD,M1c,4,1:Recurred/Progressed,2.8,Progressive Disease,0.0
VAN_ALLEN_PAT123,VAN_ALLEN_PAT123,482,255,,A0101/A3101,B3501/B5101,C0202/C0401,1.0,2.790171988,0.009064887,0.0,0.007276197,0.054000802,0.0,0.002649201,0.033394878,0.034311533,0.0,0.0,0.0,0.006799164,0.005755699,0.0,0.012480809,0.054552341,0.008029184,0.0,0.0,0.004632068,0.0,0.0,0.098,0.103035408,1.045662547,-851.4202941,-33.21244402,-884.6327381,occult,Unknown or NA,0.232946763,SKCM,Melanoma,Cutaneous Melanoma,Matched,15.7,1.0,28.43333333,Female,50,,ipilimumab,,,SD,M1c,4,1:Recurred/Progressed,18.13333333,Stable Disease,
VAN_ALLEN_PAT124,VAN_ALLEN_PAT124,441,311,,A0201/A3201,B1302/B5101,C0602/C1502,0.0,,,,,,,,,,,,,,,,,,,,,,,,,,,,,,skin,Superficial spreading,,SKCM,Melanoma,Cutaneous Melanoma,Matched,14.0666666667,1.0,4.866666667,Male,78,,ipilimumab,,,PD,M1b,4,1:Recurred/Progressed,2.233333333,Progressive Disease,0.0
VAN_ALLEN_PAT126,VAN_ALLEN_PAT126,397,238,,A0101/A0201,B0801/B4001,C0304/C0701,1.0,7.831121997,0.0,0.016086291,0.004241796,0.029885822,0.0,0.092674546,0.003654861,0.04261859,0.0,0.005273202,0.0,0.020960623,0.017345116,0.039531178,0.02797612,0.087628179,0.013008677,0.0,0.0,0.035689149,0.0,0.0,0.388,0.018108069,1.078867569,224.7586635,856.42304,1081.181704,skin,Nodular,0.436574148,SKCM,Melanoma,Cutaneous Melanoma,Matched,12.8666666667,0.0,21.36666667,Male,77,,ipilimumab,,,PR,M1b,4,1:Recurred/Progressed,6.233333332999999,Partial Response,1.0
VAN_ALLEN_PAT127,VAN_ALLEN_PAT127,109,62,,A2402/A3101,B0702/B2702,C0202/C0702,0.0,,,,,,,,,,,,,,,,,,,,,,,,,,,,,,skin,Unknown or NA,,SKCM,Melanoma,Cutaneous Melanoma,Matched,3.6,1.0,11.06666667,Female,25,,ipilimumab,,,PD,M1c,4,1:Recurred/Progressed,2.8,Progressive Disease,0.0
VAN_ALLEN_PAT128,VAN_ALLEN_PAT128,76,25,,A2601/A2601,B5501/B5501,C0303/C0303,0.0,,,,,,,,,,,,,,,,,,,,,,,,,,,,,,skin,Nodular,,SKCM,Melanoma,Cutaneous Melanoma,Matched,2.5,1.0,3.766666667,Male,29,,ipilimumab,,,PD,M1c,4,1:Recurred/Progressed,2.7,Progressive Disease,0.0
VAN_ALLEN_PAT129,VAN_ALLEN_PAT129,107,85,,A1101/A2902,B4403/B5101,C1502/C1602,0.0,,,,,,,,,,,,,,,,,,,,,,,,,,,,,,skin,Nodular,,SKCM,Melanoma,Cutaneous Melanoma,Matched,3.53333333333,0.0,17.96666667,Male,18,,ipilimumab,,,PD,M1b,4,1:Recurred/Progressed,2.266666667,Progressive Disease,0.0
VAN_ALLEN_PAT13,VAN_ALLEN_PAT13,110,60,,A0101/A3301,B0801/B1402,C0701/C0802,0.0,,,,,,,,,,,,,,,,,,,,,,,,,,,,,,skin,Superficial spreading,,SKCM,Melanoma,Cutaneous Melanoma,Matched,3.56666666667,1.0,24.4,Male,78,,ipilimumab,,,PD,M0,3,1:Recurred/Progressed,3.466666667,Progressive Disease,0.0
VAN_ALLEN_PAT130,VAN_ALLEN_PAT130,197,140,,A0201/A0201,B1501/B4002,C0202/C0304,1.0,,,,,,,,,,,,,,,,,,,,,,,,,,,,,,skin,Nodular,,SKCM,Melanoma,Cutaneous Melanoma,Matched,6.5,1.0,1.5,Male,76,,ipilimumab,,,PD,M1c,4,1:Recurred/Progressed,0.566666667,Progressive Disease,0.0
VAN_ALLEN_PAT131,VAN_ALLEN_PAT131,102,74,,A0101/A6801,B0801/B1801,C0701/C0701,1.0,,,,,,,,,,,,,,,,,,,,,,,,,,,,,,skin,Unknown or NA,,SKCM,Melanoma,Cutaneous Melanoma,Matched,3.33333333333,1.0,8.566666667,Male,32,,ipilimumab,,,SD,M1c,4,1:Recurred/Progressed,6.5,Stable Disease,
VAN_ALLEN_PAT132,VAN_ALLEN_PAT132,1862,910,,A0101/A2301,B0801/B4403,C0401/C0701,0.0,,,,,,,,,,,,,,,,,,,,,,,,,,,,,,skin,Superficial spreading,,SKCM,Melanoma,Cutaneous Melanoma,Matched,61.4333333333,0.0,22.53333333,Male,81,,ipilimumab,,,PR,M1c,4,1:Recurred/Progressed,6.233333332999999,Partial Response,1.0
VAN_ALLEN_PAT133,VAN_ALLEN_PAT133,228,114,,A1101/A2402,B0702/B4402,C0202/C0702,0.0,,,,,,,,,,,,,,,,,,,,,,,,,,,,,,mucosal,Unknown or NA,,SKCM,Melanoma,Cutaneous Melanoma,Matched,7.46666666667,1.0,18.06666667,Male,76,,ipilimumab,,,PD,M1b,4,1:Recurred/Progressed,4.466666667,Progressive Disease,0.0
VAN_ALLEN_PAT135,VAN_ALLEN_PAT135,238,227,,A0201/A0301,B0702/B0801,C0701/C0702,0.0,,,,,,,,,,,,,,,,,,,,,,,,,,,,,,skin,Superficial spreading,,SKCM,Melanoma,Cutaneous Melanoma,Matched,7.8,1.0,2.7,Female,29,,ipilimumab,,,PD,M1c,4,1:Recurred/Progressed,2.433333333,Progressive Disease,0.0
VAN_ALLEN_PAT138,VAN_ALLEN_PAT138,5120,3166,,A3201/A6801,B1402/B4402,C0501/C0802,0.0,,,,,,,,,,,,,,,,,,,,,,,,,,,,,,skin,Unknown or NA,,SKCM,Melanoma,Cutaneous Melanoma,Matched,167.6,1.0,49.26666667,Female,39,,ipilimumab,,,SD,M1c,4,1:Recurred/Progressed,19.36666667,Stable Disease,
VAN_ALLEN_PAT139,VAN_ALLEN_PAT139,1429,1918,,A0201/A3201,B1501/B3901,C0304/C1203,1.0,,,,,,,,,,,,,,,,,,,,,,,,,,,,,,skin,Unknown or NA,,SKCM,Melanoma,Cutaneous Melanoma,Matched,46.5,1.0,3.3,Male,58,,ipilimumab,,,PD,M1c,4,1:Recurred/Progressed,1.533333333,Progressive Disease,0.0
VAN_ALLEN_PAT14,VAN_ALLEN_PAT14,46,23,,A3001/A6802,B5301/B5701,C0401/C0602,0.0,9.03377732,0.051715525,0.0,0.029264602,0.030433025,0.0,0.177061595,0.002315265,0.029004026,0.0,0.0,0.012706096,0.0,0.066690212,0.134657504,0.018398013,0.118995764,0.000720961,0.0,0.0,0.055434966,0.002857481,0.0,0.045,0.15830123,1.02017272,895.0484155,1323.445995,2218.49441,skin,Acrolentigenous,0.730255034,SKCM,Melanoma,Cutaneous Melanoma,Matched,1.43333333333,1.0,5.433333332999999,Female,48,,ipilimumab,,,PD,M1c,4,1:Recurred/Progressed,2.8,Progressive Disease,0.0
VAN_ALLEN_PAT140,VAN_ALLEN_PAT140,326,257,,A0201/A0301,B1302/B4002,C0202/C0602,0.0,,,,,,,,,,,,,,,,,,,,,,,,,,,,,,skin,Unknown or NA,,SKCM,Melanoma,Cutaneous Melanoma,Matched,10.5666666667,1.0,16.4,Male,62,,ipilimumab,,,PD,M1c,4,1:Recurred/Progressed,3.8,Progressive Disease,0.0
VAN_ALLEN_PAT143,VAN_ALLEN_PAT143,878,1063,,A0201/A6801,B1501/B1501,C0303/C0304,1.0,,,,,,,,,,,,,,,,,,,,,,,,,,,,,,skin,Unknown or NA,,SKCM,Melanoma,Cutaneous Melanoma,Matched,28.9666666667,1.0,5.1,Male,71,,ipilimumab,,,PD,M1c,4,1:Recurred/Progressed,3.0,Progressive Disease,0.0
VAN_ALLEN_PAT147,VAN_ALLEN_PAT147,542,236,,A0101/A2402,B0801/B5502,C0102/C0701,0.0,,,,,,,,,,,,,,,,,,,,,,,,,,,,,,occult,Unknown or NA,,SKCM,Melanoma,Cutaneous Melanoma,Matched,17.8666666667,1.0,7.466666667,Male,63,,ipilimumab,,,PD,M1a,4,1:Recurred/Progressed,4.0,Progressive Disease,0.0
VAN_ALLEN_PAT148,VAN_ALLEN_PAT148,227,131,,A0101/A0101,B0801/B1501,C0304/C0701,0.0,,,,,,,,,,,,,,,,,,,,,,,,,,,,,,skin,Unknown or NA,,SKCM,Melanoma,Cutaneous Melanoma,Matched,7.43333333333,1.0,2.8,Female,35,,ipilimumab,,,PD,M1c,4,1:Recurred/Progressed,1.6,Progressive Disease,0.0
VAN_ALLEN_PAT15,VAN_ALLEN_PAT15,242,271,,A2902/A3201,B1501/B4001,C0303/C0304,1.0,0.0,0.000276983,0.001494363,0.0,0.0,0.0,0.034611535,0.0,0.003069048,0.001698233,0.0,0.013147426,0.0,0.0,0.053998808,0.001168976,0.0,0.000512871,0.0,0.000889213,0.0,0.001557328,0.0,0.122,0.085868613,1.095785468,-1198.664725,-955.1358529,-2153.800577,skin,Unknown or NA,0.112424786,SKCM,Melanoma,Cutaneous Melanoma,Matched,7.96666666667,1.0,1.666666667,Male,32,,ipilimumab,,,PD,M1c,4,1:Recurred/Progressed,1.033333333,Progressive Disease,0.0
VAN_ALLEN_PAT151,VAN_ALLEN_PAT151,1754,1633,,A0201/A6801,B4403/B5101,C1502/C1601,0.0,,,,,,,,,,,,,,,,,,,,,,,,,,,,,,skin,Unknown or NA,,SKCM,Melanoma,Cutaneous Melanoma,Matched,57.3,1.0,6.8,Male,68,,ipilimumab,,,PD,M1c,4,1:Recurred/Progressed,3.5333333330000003,Progressive Disease,0.0
VAN_ALLEN_PAT157,VAN_ALLEN_PAT157,132,77,,A0101/A0201,B0702/B0704,C0702/C0702,0.0,,,,,,,,,,,,,,,,,,,,,,,,,,,,,,skin,Superficial spreading,,SKCM,Melanoma,Cutaneous Melanoma,Matched,4.3,1.0,2.866666667,Female,69,,ipilimumab,,,X,M1c,4,1:Recurred/Progressed,1.766666667,,
VAN_ALLEN_PAT159,VAN_ALLEN_PAT159,471,139,,A0201/A0201,B2702/B4402,C0202/C0704,0.0,,,,,,,,,,,,,,,,,,,,,,,,,,,,,,skin,Superficial spreading,,SKCM,Melanoma,Cutaneous Melanoma,Matched,15.4333333333,0.0,28.06666667,Male,51,,ipilimumab,,,PD,M1b,4,1:Recurred/Progressed,3.333333333,Progressive Disease,0.0
VAN_ALLEN_PAT16,VAN_ALLEN_PAT16,1911,1606,,A0201/A0301,B0702/B4901,C0701/C0702,0.0,13.71499623,0.0,0.030264403,0.019117041,0.110946992,0.0,0.048949916,0.068389679,0.113574884,0.0,0.030471817,0.0,0.0,0.009185613,0.014856591,0.065016947,0.062546297,0.002689068,0.0,0.0,0.00112565,0.0,0.0,0.073,0.124257927,1.053978789,-585.9051103,833.0851702,247.1800599,skin,Unknown or NA,0.577134899,SKCM,Melanoma,Cutaneous Melanoma,Matched,61.6,1.0,27.03333333,Female,68,,ipilimumab,,,PD,M1b,4,1:Recurred/Progressed,2.8,Progressive Disease,0.0
VAN_ALLEN_PAT160,VAN_ALLEN_PAT160,54,43,,A0201/A0201,B1501/B5101,C0303/C0401,1.0,,,,,,,,,,,,,,,,,,,,,,,,,,,,,,skin,Unknown or NA,,SKCM,Melanoma,Cutaneous Melanoma,Matched,1.7,1.0,5.066666667,Male,79,,ipilimumab,,,PD,M1c,4,1:Recurred/Progressed,2.7,Progressive Disease,0.0
VAN_ALLEN_PAT162,VAN_ALLEN_PAT162,54,29,,A0101/A0101,B0702/B0801,C0701/C0702,0.0,,,,,,,,,,,,,,,,,,,,,,,,,,,,,,mucosal,Unknown or NA,,SKCM,Melanoma,Cutaneous Melanoma,Matched,1.73333333333,1.0,7.033333333,Female,55,,ipilimumab,,,PD,M1c,4,1:Recurred/Progressed,2.6,Progressive Disease,0.0
VAN_ALLEN_PAT163,VAN_ALLEN_PAT163,94,93,,A2301/A2402,B0801/B3901,C0701/C1203,0.0,,,,,,,,,,,,,,,,,,,,,,,,,,,,,,occult,Unknown or NA,,SKCM,Melanoma,Cutaneous Melanoma,Matched,3.13333333333,0.0,24.96666667,Male,54,,ipilimumab,,,PD,M1c,4,1:Recurred/Progressed,2.5333333330000003,Progressive Disease,0.0
VAN_ALLEN_PAT165,VAN_ALLEN_PAT165,69,76,,A0201/A6801,B1501/B4402,C0303/C0501,0.0,,,,,,,,,,,,,,,,,,,,,,,,,,,,,,skin,Acrolentigenous,,SKCM,Melanoma,Cutaneous Melanoma,Matched,2.3,1.0,3.833333333,Female,50,,ipilimumab,,,PD,M1c,4,1:Recurred/Progressed,3.166666667,Progressive Disease,0.0
VAN_ALLEN_PAT166,VAN_ALLEN_PAT166,57,44,,A0201/A0301,B0702/B4001,C0304/C0702,1.0,,,,,,,,,,,,,,,,,,,,,,,,,,,,,,occult,Unknown or NA,,SKCM,Melanoma,Cutaneous Melanoma,Matched,1.83333333333,1.0,2.566666667,Male,31,,ipilimumab,,,X,M1c,4,1:Recurred/Progressed,2.5333333330000003,,
VAN_ALLEN_PAT167,VAN_ALLEN_PAT167,33,27,,A0201/A3001,B1302/B5801,C0302/C0602,1.0,,,,,,,,,,,,,,,,,,,,,,,,,,,,,,skin,Superficial spreading,,SKCM,Melanoma,Cutaneous Melanoma,Matched,1.1,1.0,13.6,Male,50,,ipilimumab,,,PD,M1c,4,1:Recurred/Progressed,2.8,Progressive Disease,0.0
VAN_ALLEN_PAT168,VAN_ALLEN_PAT168,245,306,,A0101/A0201,B0801/B1501,C0303/C0701,1.0,,,,,,,,,,,,,,,,,,,,,,,,,,,,,,skin,Nodular,,SKCM,Melanoma,Cutaneous Melanoma,Matched,8.1,1.0,2.233333333,Male,68,,ipilimumab,,,X,M1c,4,1:Recurred/Progressed,2.233333333,,
VAN_ALLEN_PAT17,VAN_ALLEN_PAT17,219,59,,A2601/A3303,B4402/B5801,C0302/C0704,1.0,,,,,,,,,,,,,,,,,,,,,,,,,,,,,,skin,Unknown or NA,,SKCM,Melanoma,Cutaneous Melanoma,Matched,7.16666666667,1.0,6.833333333,Male,44,,ipilimumab,,,PD,M1c,4,1:Recurred/Progressed,2.833333333,Progressive Disease,0.0
VAN_ALLEN_PAT170,VAN_ALLEN_PAT170,234,181,,A0201/A1101,B4402/B5301,C0401/C0501,0.0,,,,,,,,,,,,,,,,,,,,,,,,,,,,,,skin,Nodular,,SKCM,Melanoma,Cutaneous Melanoma,Matched,7.6,1.0,3.6,Male,48,,ipilimumab,,,PD,M1c,4,1:Recurred/Progressed,3.233333333,Progressive Disease,0.0
VAN_ALLEN_PAT171,VAN_ALLEN_PAT171,99,40,,A0101/A0301,B3501/B3508,C0401/C0401,,,,,,,,,,,,,,,,,,,,,,,,,,,,,,,skin,Acrolentigenous,,SKCM,Melanoma,Cutaneous Melanoma,Matched,3.23333333333,1.0,15.53333333,Male,66,,ipilimumab,,,PD,M1a,4,1:Recurred/Progressed,2.833333333,Progressive Disease,0.0
VAN_ALLEN_PAT174,VAN_ALLEN_PAT174,668,355,,A0201/A2902,B4402/B5101,C0202/C0704,0.0,,,,,,,,,,,,,,,,,,,,,,,,,,,,,,skin,Nodular,,SKCM,Melanoma,Cutaneous Melanoma,Matched,21.8333333333,0.0,22.93333333,Female,57,,ipilimumab,,,PR,M1a,4,1:Recurred/Progressed,4.466666667,Partial Response,1.0
VAN_ALLEN_PAT175,VAN_ALLEN_PAT175,89,69,,A0101/A0201,B0801/B4002,C0202/C0701,0.0,,,,,,,,,,,,,,,,,,,,,,,,,,,,,,skin,Unknown or NA,,SKCM,Melanoma,Cutaneous Melanoma,Matched,2.9,1.0,3.0,Female,67,,ipilimumab,,,X,M1a,4,1:Recurred/Progressed,3.0,,
VAN_ALLEN_PAT18,VAN_ALLEN_PAT18,32,5,,A2601/A2902,B4403/B5502,C0102/C1601,0.0,,,,,,,,,,,,,,,,,,,,,,,,,,,,,,skin,Nodular,,SKCM,Melanoma,Cutaneous Melanoma,Matched,1.06666666667,0.0,26.6,Female,55,,ipilimumab,,,PD,M0,3,1:Recurred/Progressed,3.733333333,Progressive Disease,0.0
VAN_ALLEN_PAT19,VAN_ALLEN_PAT19,470,416,,A0101/A2402,B1501/B5701,C0303/C0602,0.0,30.48983799,0.037670072,0.019027683,0.002794239,0.139971931,0.0,0.0,0.046926474,0.050137491,0.011661634,0.050645052,0.0,0.0,0.050163663,0.446506326,0.095800464,0.197481464,0.0,0.0,0.0,0.075994957,0.0,0.0,0.072,0.125388988,1.057619351,1337.708548,2359.166673,3696.875221,skin,Unknown or NA,1.224781451,SKCM,Melanoma,Cutaneous Melanoma,Matched,15.2333333333,1.0,5.833333333,Male,59,,ipilimumab,,,PD,M1c,4,1:Recurred/Progressed,0.7,Progressive Disease,0.0
VAN_ALLEN_PAT21,VAN_ALLEN_PAT21,1375,679,,A0101/A0301,B0801/B0801,C0701/C0701,0.0,,,,,,,,,,,,,,,,,,,,,,,,,,,,,,skin,Amelanotic,,SKCM,Melanoma,Cutaneous Melanoma,Matched,44.9333333333,1.0,22.53333333,Male,81,,ipilimumab,,,SD,M1c,4,1:Recurred/Progressed,18.6,Stable Disease,
VAN_ALLEN_PAT24,VAN_ALLEN_PAT24,33,22,,A0101/A0201,B0702/B4201,C0701/C0702,0.0,,,,,,,,,,,,,,,,,,,,,,,,,,,,,,skin,Nodular,,SKCM,Melanoma,Cutaneous Melanoma,Matched,1.1,0.0,32.36666667,Female,74,,ipilimumab,,,PR,M1b,4,0:DiseaseFree,21.93333333,Partial Response,1.0
VAN_ALLEN_PAT25,VAN_ALLEN_PAT25,51,13,,A2902/A6601,B4002/B4403,C0202/C1601,1.0,8.482151149,0.0007633,0.040752522,0.067926655,0.110905519,0.0,0.018292301,0.00989049,0.05616172,0.0,0.019126202,0.0,0.027572375,0.020293428,0.002581336,0.016606476,0.100139074,0.0,0.002039867,0.0,0.00828655,0.004836136,0.0,0.011,0.293500566,0.969599074,-582.920342,370.1759303,-212.7444117,skin,Superficial spreading,0.50617395,SKCM,Melanoma,Cutaneous Melanoma,Matched,1.63333333333,1.0,10.83333333,Male,69,,ipilimumab,,,PD,M1c,4,1:Recurred/Progressed,2.233333333,Progressive Disease,0.0
VAN_ALLEN_PAT27,VAN_ALLEN_PAT27,33,15,,A0201/A1101,B1801/B5101,C0102/C0701,0.0,6.499866325,0.0,0.012229589,0.0,0.0195283,0.0,0.008461347,0.027976058,0.01265564,0.0,0.0,0.017227366,0.0,0.0,0.387384115,0.004167702,0.128169168,0.0,0.0,0.004762022,0.0,0.0,0.0,0.004,0.40683345,0.95010305,797.9659246,1515.471141,2313.437066,skin,Nodular,0.622561307,SKCM,Melanoma,Cutaneous Melanoma,Matched,1.0,0.0,45.96666667,Male,61,,ipilimumab,,,PD,M1c,4,1:Recurred/Progressed,4.633333333,Progressive Disease,0.0
VAN_ALLEN_PAT28,VAN_ALLEN_PAT28,750,508,,A0301/A3002,B0702/B1801,C0501/C0702,1.0,44.28641235,0.0,0.004559486,0.00299985,0.270628217,0.0,0.0,0.086708295,0.030668965,0.0,0.0,0.0,0.062924255,0.041604193,0.087489209,0.115822071,0.05424399,0.0,0.0,0.0,0.008856055,0.0,0.0,0.043,0.160240549,1.046139373,-806.4959675,1917.568161,1111.072193,skin,Nodular,0.766504587,SKCM,Melanoma,Cutaneous Melanoma,Matched,24.6666666667,1.0,39.46666667,Male,77,,ipilimumab,,,PD,M1c,4,1:Recurred/Progressed,2.566666667,Progressive Disease,0.0
VAN_ALLEN_PAT29,VAN_ALLEN_PAT29,37,50,,A0201/A0301,B0702/B1801,C0702/C1203,0.0,14.2710529,0.24870984,0.137482951,0.150566565,0.00311097,0.015672819,0.139147444,0.053912168,0.073916161,0.0,0.013347777,0.024450378,0.0,0.0,0.181575665,0.029854917,0.143202445,0.0,0.0,0.0,0.012722473,0.0,0.0,0.0,0.486858746,0.873278883,-238.4065844,1869.661891,1631.255307,skin,Superficial spreading,1.227672573,SKCM,Melanoma,Cutaneous Melanoma,Matched,1.16666666667,0.0,44.2,Male,82,,ipilimumab,,,X,M1c,4,1:Recurred/Progressed,11.36666667,,
VAN_ALLEN_PAT32,VAN_ALLEN_PAT32,714,591,,A0301/A0301,B3501/B3801,C0401/C1203,1.0,,,,,,,,,,,,,,,,,,,,,,,,,,,,,,occult,Unknown or NA,,SKCM,Melanoma,Cutaneous Melanoma,Matched,23.3666666667,1.0,4.9,Male,72,,ipilimumab,,,PD,M1c,4,1:Recurred/Progressed,2.333333333,Progressive Disease,0.0
VAN_ALLEN_PAT33,VAN_ALLEN_PAT33,15,8,,A1101/A3004,B0702/B4201,C0702/C0702,1.0,1.817014964,0.0,0.015486186,0.000289316,0.0,0.006000597,0.0,0.004791564,0.018030309,0.0,0.000145901,0.009485045,0.0,0.00967239,0.117937065,0.001227299,0.024386321,0.0,0.007475225,0.0,0.015878779,0.00363083,0.0,0.256,0.043676861,1.122667334,-979.4336518,-95.03229644,-1074.465948,skin,Superficial spreading,0.234436824,SKCM,Melanoma,Cutaneous Melanoma,Matched,0.433333333333,1.0,7.033333333,Male,65,,ipilimumab,,,PD,M1c,4,1:Recurred/Progressed,7.033333333,Progressive Disease,0.0
VAN_ALLEN_PAT36,VAN_ALLEN_PAT36,12,6,,A0101/A0101,B2705/B4402,C0303/C0501,1.0,1.786462588,0.000132439,0.001451917,0.0,0.001800749,0.0,0.043057331,0.0,0.001810014,0.00448481,0.0,0.019426294,0.0,0.0,0.082913858,0.002835452,0.005040123,0.00024103,0.0,0.00372178,0.0,0.003264639,0.0,0.093,0.107837576,1.083640219,-774.0582413,-290.5033722,-1064.561613,skin,Superficial spreading,0.170180436,SKCM,Melanoma,Cutaneous Melanoma,Matched,0.366666666667,1.0,1.8,Female,52,,ipilimumab,,,PD,M1c,4,1:Recurred/Progressed,1.3666666669999998,Progressive Disease,0.0
VAN_ALLEN_PAT37,VAN_ALLEN_PAT37,108,30,,A0101/A6601,B0801/B1402,C0701/C0802,1.0,9.085585056,0.0,0.010910629,0.006113719,0.05384247,0.0,0.001072828,0.07675244,0.023083783,0.0,0.000390524,0.012737213,0.0,0.018649986,0.058221901,0.018100983,0.059149984,0.003116275,0.0,0.0,0.008904086,0.004005317,0.0,0.064,0.134023811,1.02572908,-639.1926515,506.8891406,-132.3035109,skin,Superficial spreading,0.35505214,SKCM,Melanoma,Cutaneous Melanoma,Matched,3.4,1.0,2.333333333,Female,47,,ipilimumab,,,PD,M1c,4,1:Recurred/Progressed,0.7666666670000001,Progressive Disease,0.0
VAN_ALLEN_PAT38,VAN_ALLEN_PAT38,2398,2503,,A0201/A0301,B1517/B4002,C0202/C0701,0.0,84.56916088,0.019578816,0.0,0.023083926,0.277366564,0.0,0.0,0.07124399,0.120233223,0.0,0.0,0.017492569,0.044432204,0.034742353,0.2894711,0.070760226,0.219120381,0.017084557,0.0,0.0,0.07787297,0.0,0.0,0.035,0.189334458,1.01387315,527.2717031,2598.592527,3125.86423,skin,Nodular,1.282482879,SKCM,Melanoma,Cutaneous Melanoma,Matched,78.4666666667,0.0,51.3,Male,45,,ipilimumab,,,PR,M1c,4,1:Recurred/Progressed,10.06666667,Partial Response,1.0
VAN_ALLEN_PAT39,VAN_ALLEN_PAT39,75,62,,A0101/A0201,B0801/B5101,C0701/C1502,0.0,28.98656871,0.143648664,0.238193365,0.001302527,0.076773613,0.0,0.325640145,0.0,0.005139076,0.0,0.046849116,0.0,0.0,0.146492041,0.016639161,0.005770809,0.379674368,0.0,0.010750231,0.014479025,0.012607132,0.0,0.0,0.006,0.343914921,0.943398889,1834.494401,2277.797496,4112.291898,skin,Superficial spreading,1.423959273,SKCM,Melanoma,Cutaneous Melanoma,Matched,2.43333333333,0.0,49.56666667,Male,67,,ipilimumab,,,CR,M1b,4,0:DiseaseFree,49.56666667,Complete Response,1.0
VAN_ALLEN_PAT40,VAN_ALLEN_PAT40,108,89,,A0101/A0201,B0801/B4402,C0501/C0701,1.0,4.445498914,0.0,0.006990659,0.0,0.026682122,0.0,0.009207055,0.005950952,0.027437235,0.0,0.0,0.005622407,0.0,0.027734671,0.180502452,0.008323365,0.076878563,0.0,0.0,0.0,0.111375682,0.0,0.0,0.011,0.298905911,0.988018654,765.356784,769.1588708,1534.515655,skin,Nodular,0.486705164,SKCM,Melanoma,Cutaneous Melanoma,Matched,3.5,1.0,1.133333333,Male,74,,ipilimumab,,,PD,M1c,4,1:Recurred/Progressed,1.133333333,Progressive Disease,0.0
VAN_ALLEN_PAT41,VAN_ALLEN_PAT41,345,261,,A0201/A2301,B2705/B4901,C0102/C0701,1.0,0.0,0.0,0.0,0.0,0.0,0.0,0.0,0.0,0.0,0.0,0.0,0.0,0.0,0.0,0.0,0.0,0.0,0.0,0.0,0.0,0.0,0.0,0.0,0.303,0.03265575,1.137382241,-130.2360893,315.645296,185.4092067,skin,Nodular,0.0,SKCM,Melanoma,Cutaneous Melanoma,Matched,11.3,1.0,4.266666667,Male,64,,ipilimumab,,,PD,M1c,4,1:Recurred/Progressed,1.8,Progressive Disease,0.0
VAN_ALLEN_PAT43,VAN_ALLEN_PAT43,168,60,,A0101/A2902,B2705/B4403,C0202/C1601,1.0,85.1103321,0.0,0.003453091,0.054421245,0.352621122,0.0,0.115288507,0.041278783,0.103036892,0.0,0.082326465,0.0,0.068995678,0.048317036,0.037334471,0.135413913,0.374470489,0.010040703,0.0,0.083237391,0.0,0.0,0.0,0.136,0.080143707,1.059277019,2387.005019,2713.925198,5100.930217,skin,Superficial spreading,1.510235787,SKCM,Melanoma,Cutaneous Melanoma,Matched,5.46666666667,1.0,1.233333333,Female,75,,ipilimumab,,,PD,M1b,4,1:Recurred/Progressed,1.233333333,Progressive Disease,0.0
VAN_ALLEN_PAT44,VAN_ALLEN_PAT44,32,15,,A1101/A2601,B3501/B5201,C0401/C1202,1.0,0.083947555,0.0,0.012431282,0.000443079,0.0,0.0,0.000523877,0.002418353,0.005392078,0.0,0.0,0.012600006,0.0,3.48e-05,0.001143344,0.0,0.023193769,0.007308663,0.0,0.012226628,0.004319667,0.00176637,0.0,0.554,-0.001353813,1.07728166,-1382.122895,-1194.586212,-2576.709107,skin,Unknown or NA,0.083801964,SKCM,Melanoma,Cutaneous Melanoma,Matched,1.03333333333,1.0,9.033333333,Female,57,,ipilimumab,,,PD,M1c,4,1:Recurred/Progressed,2.066666667,Progressive Disease,0.0
VAN_ALLEN_PAT45,VAN_ALLEN_PAT45,937,713,,A0201/A2402,B4402/B5101,C0501/C1502,1.0,0.09272782,0.0,0.006705862,0.0,0.0,0.0,0.045492503,0.0,0.01704799,0.0,0.0,0.025292363,0.0,0.000976782,0.030887937,0.0,0.000142548,0.001439077,0.0,0.018453582,0.0,0.000416425,0.0,0.698,-0.013637903,1.110040587,-1144.397734,-1000.60891,-2145.006644,skin,Superficial spreading,0.146855068,SKCM,Melanoma,Cutaneous Melanoma,Matched,30.2333333333,1.0,2.966666667,Male,68,,ipilimumab,,,PD,M1c,4,1:Recurred/Progressed,2.0333333330000003,Progressive Disease,0.0
VAN_ALLEN_PAT46,VAN_ALLEN_PAT46,244,80,,A0101/A2601,B2705/B3701,C0202/C0602,0.0,4.844804064,0.0,0.064933898,0.0,0.0,0.0,0.085460281,0.0,0.012713653,0.0,0.0,0.024365318,0.0,0.041408843,0.154211392,0.006346226,0.06419787,0.0,0.0,0.0,0.095230832,0.0,0.0,0.027,0.214397564,1.008001912,276.3164108,1370.537581,1646.853992,occult,Unknown or NA,0.548868314,SKCM,Melanoma,Cutaneous Melanoma,Matched,7.83333333333,1.0,5.333333333,Female,36,,ipilimumab,,,PD,M1b,4,1:Recurred/Progressed,1.2,Progressive Disease,0.0
VAN_ALLEN_PAT47,VAN_ALLEN_PAT47,137,112,,A2301/A3201,B1501/B4403,C0303/C0401,0.0,1.683372202,0.014978935,0.009449193,0.017425252,0.015479473,0.0,0.0,0.027598577,0.023197099,0.0,0.003667777,0.009400207,0.0,0.002521242,0.109601348,0.007048268,0.080348575,0.0,0.006769663,0.0,0.021666342,0.0,0.0,0.065,0.132506255,1.045876491,-450.177993,473.4858788,23.3078858,skin,Superficial spreading,0.34915195,SKCM,Melanoma,Cutaneous Melanoma,Matched,4.5,0.0,36.86666667,Male,78,,ipilimumab,,,CR,M1c,4,0:DiseaseFree,36.86666667,Complete Response,1.0
VAN_ALLEN_PAT49,VAN_ALLEN_PAT49,669,323,,A0101/A1101,B3701/B5701,C0602/C0602,0.0,98.16224309,0.049169239,0.057763684,0.170111359,0.410683592,0.0,0.0,0.244303786,0.134012531,0.050261683,0.0,0.0,0.206561298,0.021341481,0.046225858,0.203616556,0.215510525,0.005252867,0.0,0.013091829,0.0,0.0,0.000537719,0.027,0.212129445,1.012450077,80.49097706,2977.747084,3058.238061,skin,Nodular,1.828444008,SKCM,Melanoma,Cutaneous Melanoma,Matched,21.8333333333,0.0,34.46666667,Male,36,,ipilimumab,,,SD,M1c,4,1:Recurred/Progressed,5.433333332999999,Stable Disease,
VAN_ALLEN_PAT50,VAN_ALLEN_PAT50,444,523,,A0201/A1101,B1801/B2703,C0704/C1203,0.0,3.729911244,0.0,0.030272756,0.023145846,0.053747772,0.0,0.037992765,0.026095269,0.025431747,0.0,0.0,0.030043112,0.0,0.002275526,0.086772372,0.016298997,0.055979744,0.001447537,0.0,0.0,0.024186498,0.0,0.0,0.037,0.172994703,1.015514102,-487.1412173,306.4735356,-180.6676817,skin,Nodular,0.41368994,SKCM,Melanoma,Cutaneous Melanoma,Matched,14.5,1.0,2.166666667,Male,77,,ipilimumab,,,PD,M1c,4,1:Recurred/Progressed,2.166666667,Progressive Disease,0.0
VAN_ALLEN_PAT54,VAN_ALLEN_PAT54,866,679,,A0201/A0301,B3501/B4001,C0304/C0401,1.0,,,,,,,,,,,,,,,,,,,,,,,,,,,,,,skin,Unknown or NA,,SKCM,Melanoma,Cutaneous Melanoma,Matched,28.0,1.0,6.933333332999999,Male,73,,ipilimumab,,,PD,M1c,4,1:Recurred/Progressed,2.7,Progressive Disease,0.0
VAN_ALLEN_PAT55,VAN_ALLEN_PAT55,484,483,,A0201/A0301,B0702/B1501,C0401/C0702,1.0,,,,,,,,,,,,,,,,,,,,,,,,,,,,,,skin,Lentigo maligna,,SKCM,Melanoma,Cutaneous Melanoma,Matched,15.8,1.0,6.433333332999999,Female,71,,ipilimumab,,,PD,M1c,4,1:Recurred/Progressed,2.6,Progressive Disease,0.0
VAN_ALLEN_PAT56,VAN_ALLEN_PAT56,44,38,,A0201/A2402,B0702/B5501,C0303/C0702,1.0,,,,,,,,,,,,,,,,,,,,,,,,,,,,,,skin,Acrolentigenous,,SKCM,Melanoma,Cutaneous Melanoma,Matched,1.43333333333,1.0,7.833333333,Male,68,,ipilimumab,,,PD,M1c,4,1:Recurred/Progressed,3.2,Progressive Disease,0.0
VAN_ALLEN_PAT57,VAN_ALLEN_PAT57,56,32,,A0101/A0301,B0702/B5701,C0701/C0702,1.0,,,,,,,,,,,,,,,,,,,,,,,,,,,,,,skin,Unknown or NA,,SKCM,Melanoma,Cutaneous Melanoma,Matched,1.83333333333,1.0,8.333333332999999,Male,69,,ipilimumab,,,PD,M0,3,1:Recurred/Progressed,2.266666667,Progressive Disease,0.0
VAN_ALLEN_PAT58,VAN_ALLEN_PAT58,1921,1971,,A0201/A2902,B3901/B4403,C1203/C1601,1.0,,,,,,,,,,,,,,,,,,,,,,,,,,,,,,skin,Acrolentigenous,,SKCM,Melanoma,Cutaneous Melanoma,Matched,63.2666666667,1.0,21.73333333,Female,59,,ipilimumab,,,PD,M0,3,1:Recurred/Progressed,3.3,Progressive Disease,0.0
VAN_ALLEN_PAT59,VAN_ALLEN_PAT59,273,309,,A0201/A0201,B1501/B5101,C0303/C1502,1.0,,,,,,,,,,,,,,,,,,,,,,,,,,,,,,skin,Unknown or NA,,SKCM,Melanoma,Cutaneous Melanoma,Matched,8.8,1.0,7.466666667,Male,36,,ipilimumab,,,PD,M1b,4,1:Recurred/Progressed,2.5333333330000003,Progressive Disease,0.0
VAN_ALLEN_PAT60,VAN_ALLEN_PAT60,738,472,,A0101/A1101,B0801/B5502,C0102/C0701,1.0,,,,,,,,,,,,,,,,,,,,,,,,,,,,,,skin,Nodular,,SKCM,Melanoma,Cutaneous Melanoma,Matched,24.2333333333,1.0,9.066666667,Male,86,,ipilimumab,,,PD,M1c,4,1:Recurred/Progressed,2.966666667,Progressive Disease,0.0
VAN_ALLEN_PAT62,VAN_ALLEN_PAT62,1379,1340,,A0201/A2402,B2705/B5101,C0102/C1402,1.0,,,,,,,,,,,,,,,,,,,,,,,,,,,,,,skin,Unknown or NA,,SKCM,Melanoma,Cutaneous Melanoma,Matched,45.1,1.0,20.06666667,Male,76,,ipilimumab,,,PD,M1c,4,1:Recurred/Progressed,2.566666667,Progressive Disease,0.0
VAN_ALLEN_PAT63,VAN_ALLEN_PAT63,209,48,,A0301/A0301,B4402/B4405,C0202/C0704,,,,,,,,,,,,,,,,,,,,,,,,,,,,,,,skin,Unknown or NA,,SKCM,Melanoma,Cutaneous Melanoma,Matched,6.93333333333,0.0,34.63333333,Male,65,,ipilimumab,,,CR,M0,3,0:DiseaseFree,23.93333333,Complete Response,1.0
VAN_ALLEN_PAT64,VAN_ALLEN_PAT64,659,559,,A0101/A1101,B0801/B5101,C0701/C1502,1.0,,,,,,,,,,,,,,,,,,,,,,,,,,,,,,skin,Superficial spreading,,SKCM,Melanoma,Cutaneous Melanoma,Matched,21.4666666667,1.0,3.5333333330000003,Male,83,,ipilimumab,,,PD,M1c,4,1:Recurred/Progressed,2.3,Progressive Disease,0.0
VAN_ALLEN_PAT66,VAN_ALLEN_PAT66,327,242,,A0101/A2402,B5501/B5801,C0303/C0303,1.0,,,,,,,,,,,,,,,,,,,,,,,,,,,,,,skin,Superficial spreading,,SKCM,Melanoma,Cutaneous Melanoma,Matched,10.7333333333,0.0,21.76666667,Female,44,,ipilimumab,,,SD,M0,3,1:Recurred/Progressed,19.93333333,Stable Disease,
VAN_ALLEN_PAT67,VAN_ALLEN_PAT67,27,11,,A1101/A2601,B0702/B3503,C0401/C1602,1.0,,,,,,,,,,,,,,,,,,,,,,,,,,,,,,skin,Nodular,,SKCM,Melanoma,Cutaneous Melanoma,Matched,0.866666666667,1.0,2.633333333,Male,39,,ipilimumab,,,PD,M1c,4,1:Recurred/Progressed,2.633333333,Progressive Disease,0.0
VAN_ALLEN_PAT70,VAN_ALLEN_PAT70,77,38,,A0301/A2402,B0702/B2702,C0202/C0702,1.0,,,,,,,,,,,,,,,,,,,,,,,,,,,,,,skin,Nodular,,SKCM,Melanoma,Cutaneous Melanoma,Matched,2.53333333333,1.0,17.73333333,Male,38,,ipilimumab,,,PD,M1c,4,1:Recurred/Progressed,0.5,Progressive Disease,0.0
VAN_ALLEN_PAT71,VAN_ALLEN_PAT71,722,726,,A0201/A2601,B0702/B3801,C0702/C1203,0.0,,,,,,,,,,,,,,,,,,,,,,,,,,,,,,occult,Unknown or NA,,SKCM,Melanoma,Cutaneous Melanoma,Matched,23.5333333333,1.0,4.566666667,Male,63,,ipilimumab,,,PD,M1c,4,1:Recurred/Progressed,3.266666667,Progressive Disease,0.0
VAN_ALLEN_PAT73,VAN_ALLEN_PAT73,243,281,,A2601/A3101,B3801/B5101,C1203/C1502,1.0,,,,,,,,,,,,,,,,,,,,,,,,,,,,,,skin,Nodular,,SKCM,Melanoma,Cutaneous Melanoma,Matched,7.86666666667,1.0,14.73333333,Male,71,,ipilimumab,,,PR,M1c,4,1:Recurred/Progressed,13.6,Partial Response,1.0
VAN_ALLEN_PAT74,VAN_ALLEN_PAT74,509,611,,A1101/A3001,B1302/B5201,C0602/C1203,0.0,,,,,,,,,,,,,,,,,,,,,,,,,,,,,,skin,Superficial spreading,,SKCM,Melanoma,Cutaneous Melanoma,Matched,16.6333333333,1.0,6.433333332999999,Male,73,,ipilimumab,,,PD,M1c,4,1:Recurred/Progressed,2.666666667,Progressive Disease,0.0
VAN_ALLEN_PAT76,VAN_ALLEN_PAT76,198,82,,A0101/A0101,B0801/B3501,C0401/C0701,1.0,,,,,,,,,,,,,,,,,,,,,,,,,,,,,,occult,Unknown or NA,,SKCM,Melanoma,Cutaneous Melanoma,Matched,6.4,1.0,4.633333333,Male,74,,ipilimumab,,,PD,M1c,4,1:Recurred/Progressed,2.333333333,Progressive Disease,0.0
VAN_ALLEN_PAT77,VAN_ALLEN_PAT77,375,251,,A2402/A2601,B3801/B5502,C0102/C1203,0.0,,,,,,,,,,,,,,,,,,,,,,,,,,,,,,occult,Unknown or NA,,SKCM,Melanoma,Cutaneous Melanoma,Matched,12.1,0.0,34.3,Male,21,,ipilimumab,,,PR,M0,3,0:DiseaseFree,8.033333333,Partial Response,1.0
VAN_ALLEN_PAT78,VAN_ALLEN_PAT78,154,76,,A0101/A0301,B0801/B1402,C0701/C0802,1.0,,,,,,,,,,,,,,,,,,,,,,,,,,,,,,skin,Nodular,,SKCM,Melanoma,Cutaneous Melanoma,Matched,5.1,1.0,1.266666667,Female,71,,ipilimumab,,,PD,M1c,4,1:Recurred/Progressed,1.266666667,Progressive Disease,0.0
VAN_ALLEN_PAT79,VAN_ALLEN_PAT79,321,143,,A0201/A2301,B1402/B2705,C0202/C0802,0.0,8.675383365,0.0,0.047660929,0.007325168,0.046122189,0.0,0.015892307,0.076130989,0.035401514,0.0,0.0,0.034438279,0.0,0.015309296,0.055225357,0.014157865,0.014308751,0.006123352,0.0,0.015730109,0.0,0.00360328,0.0,0.048,0.154734049,1.017683088,-510.3092583,278.6261547,-231.6831036,skin,Superficial spreading,0.387429385,SKCM,Melanoma,Cutaneous Melanoma,Matched,10.5,1.0,26.7,Male,69,,ipilimumab,,,PR,M1b,4,1:Recurred/Progressed,13.5,Partial Response,1.0
VAN_ALLEN_PAT80,VAN_ALLEN_PAT80,193,154,,A0201/A0301,B0702/B4001,C0304/C0702,1.0,13.34433186,0.0,0.009361822,0.008678446,0.065557146,0.0,0.0,0.0533325,0.043486305,0.0,0.0,0.014267922,0.00556079,0.011803565,0.315997966,0.034140578,0.055486288,0.000923431,0.0,0.0,0.023208873,0.0,0.0,0.131,0.082103562,1.096515981,224.0182746,1435.063812,1659.082087,skin,Nodular,0.641805633,SKCM,Melanoma,Cutaneous Melanoma,Matched,6.3,1.0,24.13333333,Male,48,,ipilimumab,,,SD,M1c,4,1:Recurred/Progressed,6.066666667000001,Stable Disease,
VAN_ALLEN_PAT81,VAN_ALLEN_PAT81,111,96,,A0201/A2601,B5101/B5801,C0706/C1402,0.0,1.161452339,0.0,0.009299268,0.0,0.0,0.0,0.038091259,0.016863657,0.001930351,0.0,0.0,0.023087514,0.0,0.020371925,0.040572398,0.002041774,0.055234419,0.000853462,0.0,0.034378169,0.0,0.00247703,0.0,0.604,-0.005097096,1.076753543,-166.0178443,354.2816772,188.2638329,mucosal,Unknown or NA,0.245201228,SKCM,Melanoma,Cutaneous Melanoma,Matched,3.66666666667,1.0,20.93333333,Female,54,,ipilimumab,,,PD,M1a,4,1:Recurred/Progressed,2.5333333330000003,Progressive Disease,0.0
VAN_ALLEN_PAT82,VAN_ALLEN_PAT82,408,179,,A2601/A2902,B0702/B4403,C0702/C1601,,,,,,,,,,,,,,,,,,,,,,,,,,,,,,,skin,Nodular,,SKCM,Melanoma,Cutaneous Melanoma,Matched,13.2333333333,1.0,3.466666667,Female,54,,ipilimumab,,,PD,M1c,4,1:Recurred/Progressed,2.5,Progressive Disease,0.0
VAN_ALLEN_PAT83,VAN_ALLEN_PAT83,37,15,,A0101/A0101,B0801/B3502,C0602/C0701,0.0,35.09007139,0.013023957,0.0,0.059204479,0.281496412,0.0,0.0,0.003328079,0.026588829,0.005037709,0.0,0.0,0.038254261,0.026872657,0.087816186,0.074640459,0.079002972,0.014774269,0.0,0.0,0.017842134,0.0,0.0,0.043,0.160298299,1.034421873,-116.9774245,1637.79015,1520.812725,skin,Unknown or NA,0.727882402,SKCM,Melanoma,Cutaneous Melanoma,Matched,1.23333333333,0.0,34.23333333,Male,22,,ipilimumab,,,PD,M1c,4,1:Recurred/Progressed,3.566666667,Progressive Disease,0.0
VAN_ALLEN_PAT85,VAN_ALLEN_PAT85,408,239,,A0201/A1101,B2702/B2705,C0202/C0202,0.0,101.0326545,0.02096449,0.0,0.041813898,0.528967185,0.0,0.0,0.0,0.230811304,0.040327263,0.0,0.0,0.106896502,0.105456895,0.069534051,0.270064074,0.214020913,0.016829783,0.0,0.0,0.272889685,0.002932626,0.0,0.099,0.10156389,1.065213263,1135.198447,3434.435547,4569.633994,skin,Unknown or NA,1.921508668,SKCM,Melanoma,Cutaneous Melanoma,Matched,13.4333333333,1.0,15.26666667,Male,83,,ipilimumab,,,PD,M1c,4,1:Recurred/Progressed,2.766666667,Progressive Disease,0.0
VAN_ALLEN_PAT86,VAN_ALLEN_PAT86,62,38,,A3001/A6801,B1302/B3503,C0401/C0602,0.0,7.584851831,0.0,0.01639361,0.001939034,0.049853224,0.0,0.041742476,0.0,0.030424023,0.0,0.006328818,0.0,0.014576658,0.034155267,0.0,0.02332376,0.169969557,0.0,0.0,0.0,0.017848887,0.0,0.0,0.318,0.027884776,1.078765592,-541.268474,586.9898626,45.72138865,skin,Acrolentigenous,0.406555314,SKCM,Melanoma,Cutaneous Melanoma,Matched,2.0,1.0,9.766666667,Male,55,,ipilimumab,,,SD,M1a,4,1:Recurred/Progressed,5.1,Stable Disease,
VAN_ALLEN_PAT88,VAN_ALLEN_PAT88,1597,716,,A0301/A2902,B1402/B4403,C0802/C1601,,73.8423645,0.0,0.026834341,0.025839546,0.322276325,0.0,0.0,0.084048035,0.08786527,0.0,0.032381609,0.0,0.05299048,0.04777778,0.150396918,0.111921848,0.04059812,0.0,0.0,0.0,0.111012109,0.0,0.0,0.131,0.082364879,1.0692091,-495.5717321,2237.292471,1741.720739,skin,Unknown or NA,1.093942382,SKCM,Melanoma,Cutaneous Melanoma,Matched,51.9333333333,0.0,32.96666667,Female,60,,ipilimumab,,,SD,M1c,4,0:DiseaseFree,22.16666667,Stable Disease,
VAN_ALLEN_PAT90,VAN_ALLEN_PAT90,207,115,,A2402/A2601,B1801/B4002,C0202/C0701,0.0,9.107946351,0.00349012,0.040208647,0.045336662,0.0810071,0.0,0.127093141,0.013542898,0.03195845,0.0,0.0,0.029867816,0.0,0.021776381,0.108927232,0.079375535,0.072390505,0.002404348,0.0,0.0,0.0,0.003697884,0.0,0.035,0.187615478,1.013491565,-492.712322,704.6696346,211.9573126,skin,Unknown or NA,0.661076719,SKCM,Melanoma,Cutaneous Melanoma,Matched,6.73333333333,0.0,33.5,Male,59,,ipilimumab,,,PR,M1c,4,0:DiseaseFree,22.3,Partial Response,1.0
VAN_ALLEN_PAT92,VAN_ALLEN_PAT92,39,13,,A0101/A0301,B3501/B3701,C0401/C0602,1.0,,,,,,,,,,,,,,,,,,,,,,,,,,,,,,skin,Unknown or NA,,SKCM,Melanoma,Cutaneous Melanoma,Matched,1.26666666667,1.0,4.1,Male,49,,ipilimumab,,,PD,M1c,4,1:Recurred/Progressed,2.8,Progressive Disease,0.0
VAN_ALLEN_PAT98,VAN_ALLEN_PAT98,33,16,,A0101/A0301,B0801/B3503,C0401/C0701,0.0,9.165366238,0.0,0.048508919,0.001127938,0.041053149,0.0,0.02838112,0.002350381,0.059359942,0.0,0.001836021,0.0,0.023486442,0.001930826,0.263243659,0.035924789,0.048396524,0.0,0.0,0.0,0.045241192,0.0,0.0,0.065,0.130766347,1.063788361,-257.3835556,1095.247164,837.863608,skin,Unknown or NA,0.600840903,SKCM,Melanoma,Cutaneous Melanoma,Matched,1.1,1.0,4.666666667,Female,57,,ipilimumab,,,PD,M1c,4,1:Recurred/Progressed,2.566666667,Progressive Disease,0.0
