SAMPLE_ID,PATIENT_ID,BRAF_MUT,NRAS_MUT,MAPK_DRIVEN,BRAFi_0.010,BRAFi_0.120,BRAFi_0.230,BRAFi_0.340,BRAFi_0.450,BRAFi_0.560,BRAFi_0.670,BRAFi_0.780,BRAFi_0.890,BRAFi_1.000
TCGA-3N-A9WB-06,TCGA-3N-A9WB,0,1,1,29.225454584975797,43.855158207827806,43.78408883820468,42.52743076582786,41.03000936342784,39.50896431208246,38.033154629306615,36.62616667652914,35.29491749910107,34.03933259801885
TCGA-3N-A9WC-06,TCGA-3N-A9WC,0,1,1,250.8060617991866,311.48774211032287,311.21536422824124,305.87062394653964,298.746003052249,289.5330094294882,279.2727684592982,271.66645375754285,267.18323772128707,264.2120128499506
TCGA-3N-A9WD-06,TCGA-3N-A9WD,0,1,1,242.15691159750313,285.1763405228352,285.1741782868658,285.12593964148147,285.026568954209,284.81125752724495,284.2699878873265,282.7474989711966,278.8503210110537,272.878644237101
TCGA-BF-A1PU-01,TCGA-BF-A1PU,1,0,1,26.613877107733906,10.64263646281628,6.762839665925153,4.904303732933346,3.762810355008119,2.968131209564839,2.3741154968227556,1.9109143463617966,1.5405648635938087,1.240354406068466
TCGA-BF-A1PX-01,TCGA-BF-A1PX,1,0,1,119.76405607578123,67.93749353719546,38.66383352226605,26.040768381784204,24.6650033288593,19.62905762934332,15.067799555458423,12.104664278107165,10.220645688134997,8.944035285549226
TCGA-BF-A1PZ-01,TCGA-BF-A1PZ,0,1,1,159.98833207664111,229.99834206856266,229.66381920997696,223.6309015935634,216.20543415429543,208.51178107201312,201.01811029702915,193.94454908434076,187.38241146523148,181.3504921305721
TCGA-BF-A1Q0-01,TCGA-BF-A1Q0,0,0,0,299.50050538237906,299.5059392232826,299.5059363543289,299.50587995725937,299.5057949633328,299.5056796266797,299.5055243658978,299.5053133635322,299.505025007414,299.5046329447594
TCGA-BF-A3DJ-01,TCGA-BF-A3DJ,1,0,1,136.95754057027332,113.80669563562248,89.79415590357694,58.53902990548691,54.4942335817538,50.301686563243365,32.6222998322676,23.182123709464125,21.467798148783412,21.415964499820134
TCGA-BF-A3DL-01,TCGA-BF-A3DL,1,0,1,132.9810519261893,101.51243879957102,59.16419826441959,57.97998664065917,36.89835518119965,24.166507997358124,22.86722027685435,22.12934102553006,19.31136048266255,15.962216904579737
TCGA-BF-A3DM-01,TCGA-BF-A3DM,1,0,1,239.1888859610151,168.54059953688787,172.94231749031408,177.56287780853555,179.98714100908944,180.86026414445612,180.7245544779875,179.97375190915184,178.6175072833669,176.23325093275335
TCGA-BF-A3DN-01,TCGA-BF-A3DN,1,0,1,262.42379837826894,181.47460703624841,192.2028672358028,195.6698896692843,194.716005281085,190.77257353484848,184.8358383713426,177.6767548336251,169.905273725639,162.00538257554942
TCGA-BF-A5EO-01,TCGA-BF-A5EO,0,1,1,80.77794717230688,125.16905574076237,124.94042303773743,120.90820033632299,116.14009111984905,111.35532556176543,106.78111565073463,102.48661383627767,98.4802486370948,94.74712804056239
TCGA-BF-A5EP-01,TCGA-BF-A5EP,0,0,0,424.59438353986474,424.7219431412114,424.721895971117,424.72092337591545,424.71933105616307,424.717039844511,424.7138983183502,424.7096931833581,424.7041050521306,424.6966309096217
TCGA-BF-A5EQ-01,TCGA-BF-A5EQ,1,0,1,335.68883553516775,155.62769199026081,109.49524880684527,100.52690155755205,79.96184312514715,72.75740028117465,50.31215413108025,46.5055617807152,51.731892208210205,43.789293815376894
TCGA-BF-A5ER-01,TCGA-BF-A5ER,1,0,1,212.46609964675497,206.4974796746071,199.4757105036359,191.39810422036513,180.0119225609435,166.41329082040735,152.06533343744871,136.4151515965904,117.97400154173549,100.87887498014582
TCGA-BF-A5ES-01,TCGA-BF-A5ES,0,0,0,102.24559733112612,129.83100348414155,129.6544169784121,126.72044875284,123.73558827087447,121.30623251289279,119.45403281988301,117.93355780703335,116.41433822590474,114.64791357654128
TCGA-BF-AAP0-06,TCGA-BF-AAP0,1,0,1,237.86301322456544,192.11566337411955,194.28001022412812,194.93523162462233,193.93996676859737,191.57079585598728,188.17877425095932,183.95363800350088,178.84825839011563,172.69623067976835
TCGA-D3-A1Q1-06,TCGA-D3-A1Q1,0,1,1,183.97437505132638,183.9963755292444,183.99633280264973,183.99553341253537,183.99445758141385,183.9931982327667,183.99177701629688,183.99019259585432,183.98843266873553,183.98647752232046
TCGA-D3-A1Q3-06,TCGA-D3-A1Q3,0,0,0,233.0497549630874,345.8721150278042,345.5661717855203,334.7040960134046,314.43458719901724,292.79666486117884,274.2927262009271,261.1705225729984,253.1274665240958,247.61746495949737
TCGA-D3-A1Q4-06,TCGA-D3-A1Q4,1,0,1,187.62425062315597,169.43326809517816,144.38047776129875,128.58477144802362,118.62786261449855,112.97907030943814,109.55121270929459,106.7491968396644,104.32776313918828,102.22594545942925
TCGA-D3-A1Q5-06,TCGA-D3-A1Q5,1,0,1,180.07372138841055,132.705853668056,143.00421428397476,137.07926318677258,119.86432751882857,110.59213029489554,108.17029813353722,106.52713924084738,105.05578460531557,103.70807346130809
TCGA-D3-A1Q6-06,TCGA-D3-A1Q6,1,0,1,204.56937304956543,196.1948670124926,193.9893021239229,193.77692811004462,194.41073798992343,194.57565881331487,192.921515504714,188.95551944119737,182.81498432231427,174.8697664873058
TCGA-D3-A1Q7-06,TCGA-D3-A1Q7,1,0,1,166.31077583945998,123.30462298056496,114.75262832146342,109.94114936109601,106.3710513862088,102.50985233080597,97.51947749207783,89.47529226901362,75.39870945704972,59.97554542876835
TCGA-D3-A1Q8-06,TCGA-D3-A1Q8,0,1,1,269.20107094450844,269.73058901306473,269.7304727594399,269.7281908861556,269.7247682801502,269.72016294238944,269.7140261495336,269.70571376737774,269.69411733735467,269.67726221136434
TCGA-D3-A1Q9-06,TCGA-D3-A1Q9,1,0,1,236.43209520494617,222.1067454695775,219.714137986375,220.9698272723943,222.0032880404011,222.24443181610383,221.73611118427888,220.58417053423673,218.88168266818414,216.6985699764169
TCGA-D3-A1QA-06,TCGA-D3-A1QA,1,0,1,332.3792072619386,257.9622588381476,236.6333866202823,183.83665373597537,177.68989816876524,178.1213693833689,181.26780013177122,185.3714192359335,189.6470295521344,193.68581636069484
TCGA-D3-A1QB-06,TCGA-D3-A1QB,0,1,1,302.1355273010376,323.1889749336851,323.18793351944197,323.16655452736575,323.1309542919793,323.07572112840245,322.98731839103743,322.8355376693998,322.54549403059605,321.90679883432705
TCGA-D3-A2J6-06,TCGA-D3-A2J6,0,0,0,197.17240841012713,228.86639875600522,228.72750219514623,226.2428848399031,223.21918340584804,220.087313779613,216.9951848513707,213.99868930910657,211.11698195362686,208.35206515669375
TCGA-D3-A2J7-06,TCGA-D3-A2J7,1,0,1,303.4390645250337,185.56282167034158,176.17673175458174,176.80225690966873,179.5081701221911,182.48721723239655,185.2117727213711,187.47881197014365,189.24371775910404,190.571214527951
TCGA-D3-A2J8-06,TCGA-D3-A2J8,0,1,1,268.0678618028146,283.7640301279592,283.7637703536238,283.7584799634224,283.74982583064804,283.7366915408272,283.7161577573837,283.681630572756,283.616326743772,283.4713465564887
TCGA-D3-A2J9-06,TCGA-D3-A2J9,0,0,0,165.73570946507033,184.66918186100608,184.26420633444323,177.2563476732864,171.01948199721497,167.00714128565556,164.82086858278709,163.99653234288897,164.0229960323892,164.4861276698565
TCGA-D3-A2JA-06,TCGA-D3-A2JA,1,0,1,196.22302467313003,135.5996815804709,120.76102163354498,114.39839898128258,109.97515075136212,106.54470509779308,103.77441796692608,101.10116172951706,97.7594175757735,92.10766828116012
TCGA-D3-A2JC-06,TCGA-D3-A2JC,0,0,0,316.45902860138244,374.5395137334666,374.52139952867475,373.94247744852515,370.7247636830955,350.58642698664886,320.660291887472,310.785110730888,314.757604466997,325.16311788654946
TCGA-D3-A2JD-06,TCGA-D3-A2JD,1,0,1,257.107573691461,234.5560184473987,219.4596236704727,181.6364508574151,120.91904101894845,94.08990639242707,85.46779878647376,74.0845801690061,60.76750570151975,47.86004654097832
TCGA-D3-A2JE-06,TCGA-D3-A2JE,1,0,1,173.9893095159993,105.25475170047933,75.00438382534765,52.125493798431506,54.899250635208915,35.8530037926464,24.278987224336564,22.25583712595021,22.131962592925046,20.487899136029263
TCGA-D3-A2JF-06,TCGA-D3-A2JF,0,0,0,3.0436380577892073,4.910814626711675,4.902461017563639,4.753722728302686,4.573795951809411,4.387955985767303,4.2045856028858575,4.026894822944512,3.8561211514069593,3.6926490046506535
TCGA-D3-A2JG-06,TCGA-D3-A2JG,1,0,1,273.22380203199015,170.34369121338707,162.81854738122777,168.10764657926902,173.53552752945555,177.14305737084888,179.37718557226253,180.61753171954697,181.11945989772127,181.10236073908877
TCGA-D3-A2JH-06,TCGA-D3-A2JH,1,0,1,218.68857245551035,181.72323607823535,149.59064086238178,145.2562266102665,152.571720142285,160.1472705831796,164.45599317606852,166.06265497363034,165.37032236655938,162.686381715826
TCGA-D3-A2JK-06,TCGA-D3-A2JK,1,0,1,3.490227531368491e-07,3.336904568905582e-08,1.262400422850666e-08,6.9779570536350395e-09,4.541400081208717e-09,3.2263373643787725e-09,2.4187862608779922e-09,1.880283886516005e-09,1.500339638424395e-09,1.2211134675829217e-09
TCGA-D3-A2JL-06,TCGA-D3-A2JL,0,1,1,87.20287781814605,134.78879370604187,134.541005729459,130.17116943855189,125.01107604026518,119.85354275143104,114.9508927899396,110.37477921125928,106.12373231193307,102.16819128366231
TCGA-D3-A2JN-06,TCGA-D3-A2JN,1,0,1,141.42799766837396,115.37433091252831,103.1872992491309,75.96323845735526,54.471261259750605,51.62524538674239,51.31752647822428,36.90248918256478,25.017108359948825,21.232439345307508
TCGA-D3-A2JO-06,TCGA-D3-A2JO,0,1,1,232.05741247009703,232.11738406278994,232.11731215558368,232.1159442655539,232.11403372963932,232.11169077491957,232.1089004640778,232.10559460628073,232.101663240143,232.09694904797297
TCGA-D3-A2JP-06,TCGA-D3-A2JP,1,0,1,123.630358088713,66.81222676833646,53.15805757893595,27.23277597519117,24.952859729080117,22.69635917854635,18.123722091713816,14.279878939869768,11.683477340581554,9.961735460031228
TCGA-D3-A3BZ-06,TCGA-D3-A3BZ,0,0,0,167.2252165940524,197.5633269201057,197.41865981347772,194.8671769626445,191.8415576016756,188.77613203587896,185.7994678438246,182.94920167298872,180.23112375297936,177.63937597045697
TCGA-D3-A3C6-06,TCGA-D3-A3C6,1,0,1,140.4945760844174,118.31573103322835,108.25747778941351,95.38136626636816,70.15813481818974,54.021734343024626,52.18058710837055,51.70928425509239,41.48962561705756,28.330638585872638
TCGA-D3-A3C7-06,TCGA-D3-A3C7,1,0,1,214.7719686904966,207.69034730029662,203.54674879600665,201.54890706422827,198.00651593737192,191.67151267446,182.71247176916862,170.903066901622,154.02470187585715,129.82056842174705
TCGA-D3-A3C8-06,TCGA-D3-A3C8,0,0,0,84.957727164776,120.21104873046534,120.10519933586158,118.17130134033715,115.68747627993686,112.92364926230992,109.96050794707644,106.82725309781591,103.54145633473497,100.12690334374747
TCGA-D3-A3CB-06,TCGA-D3-A3CB,1,0,1,199.6016375544382,171.25097203834105,166.17593578659057,153.80864930790386,139.96415555395913,127.57587648168581,118.37100754526011,112.91269201528361,110.28588207609997,108.31898043778612
TCGA-D3-A3CC-06,TCGA-D3-A3CC,0,0,0,234.07408210681922,243.16489605662355,243.17127929865876,243.18453920502364,242.94925548584783,242.44086247836512,241.71089057444388,240.82535424363323,239.8414163483406,238.80315577880683
TCGA-D3-A3CE-06,TCGA-D3-A3CE,1,0,1,250.61767319177946,197.4468748727088,174.26982591765446,157.0883054989397,156.38967503314578,161.53938358334761,167.54691976192342,172.3098155986555,175.73480271560612,178.09114452837196
TCGA-D3-A3CF-06,TCGA-D3-A3CF,0,0,0,131.6536947687517,148.9546571892059,148.85897016610573,147.2049843076827,145.2992345197605,143.41359665217666,141.62265954011332,139.94647983139927,138.3871969050242,136.9410218051017
TCGA-D3-A3ML-06,TCGA-D3-A3ML,0,1,1,256.68393295590596,256.7642785576866,256.76418718786357,256.7624466204481,256.7600073142408,256.7570028745277,256.7534061801665,256.7491191921708,256.7439854074499,256.73777981451315
TCGA-D3-A3MO-06,TCGA-D3-A3MO,1,0,1,225.01757974511645,193.6248176398223,194.26996347831894,192.84059333245787,189.54722748785125,184.8327457019654,179.10059211553897,172.49108824943497,164.95271277261725,156.49372710595975
TCGA-D3-A3MR-06,TCGA-D3-A3MR,1,0,1,152.86798198445183,118.29260691864415,111.56766921006965,106.79645343569238,101.62773713464836,95.42536370867143,86.3140698307023,71.86318718824185,57.66219664987645,52.18789639759223
TCGA-D3-A3MU-06,TCGA-D3-A3MU,1,0,1,232.0109039492468,185.6963727251403,177.09772307986307,176.10148556650245,176.80944069457334,178.01521452448029,179.6049889787278,181.60080733542202,183.8957175814995,183.87924614517712
TCGA-D3-A3MV-06,TCGA-D3-A3MV,0,1,1,248.1695945176589,248.17000634964404,248.1700052226743,248.16998447318235,248.1699575152508,248.16992728251583,248.16989475696406,248.16986033212467,248.16982417135762,248.1697863306823
TCGA-D3-A51E-06,TCGA-D3-A51E,0,1,1,217.47706113384126,217.4798030458462,217.47979636383258,217.4796726351012,217.47950979301785,217.47932430085123,217.47912127830213,217.47890239427684,217.4786679193226,217.478417421542
TCGA-D3-A51F-06,TCGA-D3-A51F,0,0,0,77.81723978738965,106.1568722061225,105.98934808011497,102.91259699960672,98.97931409398821,94.75379227655623,90.59459768396171,86.81182700621731,83.63228332098527,81.18582914181685
TCGA-D3-A51H-06,TCGA-D3-A51H,0,0,0,130.31208306232185,144.6183691338857,144.53990083014236,143.1709535853956,141.5849888422265,140.02501994552645,138.55976683102935,137.20368192479253,135.95160555026018,134.790530254452
TCGA-D3-A51J-06,TCGA-D3-A51J,1,0,1,136.48587741790655,114.81623088014067,95.0794637375686,62.80979395372333,54.39050654435033,53.44202132941529,38.56211928056571,25.43178076853828,21.466988401394747,21.27618617031898
TCGA-D3-A51K-06,TCGA-D3-A51K,0,0,0,0.0019509573098670902,0.005538402185409622,0.005518706868830673,0.005172366890587214,0.00476504709981768,0.004358819771418988,0.003973533734594271,0.0036159021602902857,0.003287596683157584,0.0029881216936782514
TCGA-D3-A51N-06,TCGA-D3-A51N,1,0,1,174.49008165540573,123.53097482381364,114.19050820574648,108.65667838316135,104.42323892770045,99.57651751389528,90.6289607893482,73.67613665185904,57.77373153779473,50.2511630573895
TCGA-D3-A51R-06,TCGA-D3-A51R,0,1,1,157.1712426061469,157.17126622772383,157.17126615414782,157.17126480940394,157.1712630899469,157.17126119781742,157.17125920367462,157.1712571384492,157.17125501765463,157.1712528497926
TCGA-D3-A51T-06,TCGA-D3-A51T,0,0,0,133.73844679067818,154.57208682827584,154.40427084770812,151.70289574100528,149.07711567064595,146.84932461117506,144.86509626225438,143.03244722959852,141.32569791176928,139.73297309211782
TCGA-D3-A5GL-06,TCGA-D3-A5GL,0,0,0,28.70066395646684,44.054092039142944,43.93929966388902,41.998332823693765,39.93568304591491,38.14211537679518,36.670658812624005,35.454364497494325,34.39382852812048,33.39934840622728
TCGA-D3-A5GN-06,TCGA-D3-A5GN,1,0,1,249.7857360814648,227.7046343085767,214.73693374378854,203.41568497240797,192.15675456023556,179.0330829480297,158.85986532671075,127.77502163655886,100.66741875593853,90.71505912862767
TCGA-D3-A5GO-06,TCGA-D3-A5GO,0,1,1,275.1387603098891,322.48762604084885,322.3257603969744,319.3549573578294,315.534411636507,311.3416391128872,306.98043993642926,302.5645459268008,298.1595486546041,293.80371268246125
TCGA-D3-A5GR-06,TCGA-D3-A5GR,1,0,1,273.556901920236,179.508084546233,170.60506769571782,179.80725423483673,187.2570905607655,191.78615759339883,194.4046717399894,195.63922103896658,195.7704260657581,194.97265109863704
TCGA-D3-A5GS-06,TCGA-D3-A5GS,1,0,1,132.2730328599555,99.03318868951433,58.05621092499592,57.40747568711268,34.6319304153135,23.835843347989112,23.000287639750276,22.024106008055686,19.061679904506164,15.721098943097008
TCGA-D3-A5GT-01,TCGA-D3-A5GT,1,0,1,53.62481742906423,21.92356678297732,12.969588547187472,9.95944094076489,8.149416905020482,6.855065353947809,5.855974231943268,5.049613170317104,4.379222717519536,3.8099806066208384
TCGA-D3-A5GU-06,TCGA-D3-A5GU,1,0,1,166.99127873708574,121.83636959455022,114.52131476698405,110.63991231547908,107.9765373464808,105.34629490871663,102.48074429385574,99.39234848394798,96.06891177726563,92.40128460332531
TCGA-D3-A8GB-06,TCGA-D3-A8GB,1,0,1,124.03785241326834,104.41155198466353,90.84863456875911,78.43570482588044,64.9074252414237,59.665173780783896,54.91895810721046,42.21468666458902,28.805065842865023,21.792913124232463
TCGA-D3-A8GC-06,TCGA-D3-A8GC,0,1,1,454.8390668042793,454.84199518526754,454.8419907390873,454.84190684964165,454.8417917956824,454.84165386873497,454.84149383576545,454.8413097011906,454.84109773087664,454.8408525418931
TCGA-D3-A8GD-06,TCGA-D3-A8GD,1,0,1,131.74023595203872,112.51145993477581,104.96069220039935,97.72526261781906,90.89978889399043,83.77459022872414,75.19080803407778,64.9974243280495,57.18280847687368,55.67663988497334
TCGA-D3-A8GE-06,TCGA-D3-A8GE,0,0,0,177.71945228201324,206.96355719114217,206.8214631254249,204.32117207876814,201.3678009807025,198.3877803380092,195.50465930446785,192.75328505174562,190.13641088050449,187.6468010431472
TCGA-D3-A8GI-06,TCGA-D3-A8GI,0,0,0,22.621841927214472,36.81283459109457,36.743209611734876,35.523474311466835,34.09006936891209,32.64316673082935,31.23615161489804,29.884519123013696,28.593468530136327,27.365505966918
TCGA-D3-A8GJ-06,TCGA-D3-A8GJ,1,0,1,81.32764538953023,31.74116568387548,24.8674180942786,15.700099962396855,11.792527786498763,9.799049083590642,8.478855654538254,7.460273565880698,6.615405140211985,5.890850198646449
TCGA-D3-A8GK-06,TCGA-D3-A8GK,0,1,1,311.56594974780865,311.5683220019866,311.5683174063142,311.5682314424999,311.56811577513673,311.5679803980974,311.56782762737237,311.5676572937142,311.5674680318226,311.56725765424
TCGA-D3-A8GL-06,TCGA-D3-A8GL,0,1,1,250.04436090945353,250.05253843639738,250.05252303434975,250.0522345532644,250.05184535239306,250.05138834089857,250.05087071755247,250.0502912716252,250.04964464332312,250.04892252134505
TCGA-D3-A8GM-06,TCGA-D3-A8GM,0,0,0,291.3937038209237,291.5242144691923,291.5241813976442,291.5235085342301,291.52241623057654,291.5208075669392,291.5184866180536,291.5151789166582,291.51050249427027,291.50387898413345
TCGA-D3-A8GN-06,TCGA-D3-A8GN,1,0,1,143.6991503671325,116.22756754442642,104.90858330947685,84.75221700008011,59.59107650503655,50.344890886160464,52.206375077713076,46.54898853215758,31.786481325296435,23.307640388650697
TCGA-D3-A8GP-06,TCGA-D3-A8GP,0,0,0,131.6788037784985,147.18879409283102,147.10725290446413,145.68135943079,144.01868204578273,142.36825915501916,140.80004705537428,139.3306730063396,137.9577581893551,136.67205635950853
TCGA-D3-A8GQ-06,TCGA-D3-A8GQ,0,1,1,218.15964426863246,218.17107221364276,218.17105887452468,218.1708049174113,218.17044960037558,218.17001290999582,218.16949151605596,218.1688719947312,218.1681328079103,218.16724305872307
TCGA-D3-A8GS-06,TCGA-D3-A8GS,1,0,1,278.8553975108988,187.2316944690124,190.1061989484375,195.1496621031594,198.68443153666755,200.84486587921467,201.95902331168665,202.2679393867914,201.94819247531242,201.14477855730104
TCGA-D3-A8GV-06,TCGA-D3-A8GV,1,0,1,282.21662558023854,240.49196401046083,166.9516914033711,159.35657292248533,158.96684263120224,161.7641034454444,165.40386059753607,168.88859795447627,171.78874542099635,174.06047913588006
TCGA-D9-A148-06,TCGA-D9-A148,1,0,1,368.8997676457325,197.5144180793358,166.67504118232418,159.54308308913315,158.80409898957328,159.51192271539045,160.77368597968191,162.2486295289492,163.77661617464827,165.27999233811286
TCGA-D9-A149-06,TCGA-D9-A149,0,0,0,229.8474955228976,229.85125882827833,229.851256173771,229.85120490741917,229.8511307580816,229.8510355041126,229.85091534129413,229.85076267763074,229.85056545372314,229.85030575653448
TCGA-D9-A1JW-06,TCGA-D9-A1JW,0,0,0,239.36478970421945,240.34048204052348,240.39772943572837,241.41072322491803,242.49303895116697,243.306881111604,243.74011484415496,243.80038996677865,243.54616969202934,243.0499497748632
TCGA-D9-A1JX-06,TCGA-D9-A1JX,1,0,1,221.16389359823427,222.21461837275362,218.4017976735684,216.03727649217632,213.06880146153256,209.2982933411649,204.88291660114243,199.94767162002995,194.51811033762533,188.52197856282604
TCGA-D9-A1X3-06,TCGA-D9-A1X3,0,0,0,218.50024362934295,264.22202469072613,263.9861703163979,259.8815118090485,255.1145586923325,250.35880479894084,245.78887496945106,241.44840825110455,237.34241260971322,233.46279099409156
TCGA-D9-A3Z1-06,TCGA-D9-A3Z1,0,1,1,254.7837288998193,255.30046777625918,255.30028268436297,255.29667302959737,255.2913382418571,255.28429902941696,255.27514321456684,255.263102840644,255.2469043706373,255.22440836515636
TCGA-D9-A3Z3-06,TCGA-D9-A3Z3,1,0,1,227.79306549501402,227.05535108955155,221.49915758318718,217.26669227641153,212.5099287694462,207.1038816543843,201.2040498617541,194.91463695703476,188.23451891205355,181.0020954859283
TCGA-D9-A3Z4-01,TCGA-D9-A3Z4,0,1,1,192.1724889315232,195.32195149972796,195.32118860355885,195.30620390608365,195.28368733843337,195.2532962465365,195.2125948249027,195.15701789189657,195.07849766711172,194.96224291423823
TCGA-D9-A4Z2-01,TCGA-D9-A4Z2,1,0,1,174.23628338080982,124.97628195328465,116.08158828243775,110.80641373108979,107.20778577239638,103.89686518011662,99.93312533841683,94.08688623804147,83.44648724468868,67.61826776405452
TCGA-D9-A4Z3-01,TCGA-D9-A4Z3,0,1,1,298.6142210941261,298.61454370767586,298.61454293672256,298.61452864508817,298.6145097983367,298.6144882782482,298.6144646604786,298.61443912208676,298.61441167695017,298.6143822546587
TCGA-D9-A4Z5-01,TCGA-D9-A4Z5,0,0,0,212.35576188348278,256.18857934635594,255.86310323218873,246.20431351662916,231.73652109499133,221.33456562686106,214.82970484172495,210.4540858170842,208.0003990070171,207.1776126060911
TCGA-D9-A4Z6-06,TCGA-D9-A4Z6,0,0,0,70.76299882564852,90.21198354605556,90.04153958426646,87.15747932919086,84.15591965660361,81.7600689155038,80.17246625745922,79.31609182559082,78.92352124905074,78.62417921881516
TCGA-D9-A6E9-06,TCGA-D9-A6E9,1,0,1,176.5053912945063,101.12892555470346,61.015872242921034,58.23659665382178,41.14080308711563,25.521419814334195,22.861161417319934,22.606357689910862,20.411929528977094,17.16805495910492
TCGA-D9-A6EA-06,TCGA-D9-A6EA,0,1,1,293.04412308330205,293.1053849557442,293.1053384789722,293.1044436415049,293.10315924406734,293.10152786922447,293.09950197773077,293.09698165314325,293.0938099409865,293.08974965236456
TCGA-D9-A6EC-06,TCGA-D9-A6EC,0,0,0,214.85825598927968,239.94550670086352,239.85004900754052,238.10011738966284,235.8773187292042,233.49181543512364,231.0744285083617,228.68849135185738,226.3638859317517,224.11282136506918
TCGA-D9-A6EG-06,TCGA-D9-A6EG,1,0,1,257.0252024734574,196.95455599155605,203.2696238130085,205.95612640312734,205.8739615220375,203.6985481063026,200.00215812751617,195.21741065427213,189.68697705879194,183.69242358866757
TCGA-DA-A1HV-06,TCGA-DA-A1HV,0,1,1,223.0666074354498,282.59719469282487,282.378077417553,278.70030111386825,274.4206044091033,269.7317469902249,264.589688024705,259.0488282409032,253.2491287257504,247.3612615560332
TCGA-DA-A1HW-06,TCGA-DA-A1HW,1,0,1,336.4528745457395,179.67635011391246,165.98909343482072,163.9241252904026,164.79265095256739,166.5170728651266,168.4627946633347,170.4113392408582,172.35382616141888,174.44434416744298
TCGA-DA-A1HY-06,TCGA-DA-A1HY,1,0,1,212.2002949916413,188.80332221292286,172.91354824653396,154.45963674009917,139.37394448024617,128.89528728522185,121.8899791692431,117.28932388197153,114.19773669212968,111.85090375607837
TCGA-DA-A1I0-06,TCGA-DA-A1I0,1,0,1,212.3018733876463,212.9080246060769,208.49699060431084,202.05520747055823,192.24583234231721,177.61442516110787,152.12887731767026,116.62139289644904,95.23804046764243,88.16585719146933
TCGA-DA-A1I1-06,TCGA-DA-A1I1,0,1,1,376.0000286395961,376.0645143804242,376.06446185850325,376.0634526352593,376.0620103450332,376.06018810417083,376.0579383916955,376.0551570813092,376.05167987894123,376.04725977525146
TCGA-DA-A1I2-06,TCGA-DA-A1I2,1,0,1,163.27751814733068,163.14424905418244,139.27913742376538,119.89872738957696,116.3174710891988,120.23202914993635,125.92716505902037,128.71372595233387,127.501015386014,122.07620438727412
TCGA-DA-A1I4-06,TCGA-DA-A1I4,1,0,1,180.00543193439952,159.93958492601828,132.3595155257461,117.72042243532258,112.24831115367299,108.82824274917843,106.11574382158669,103.97038491371691,101.91925496423337,99.4475483260665
TCGA-DA-A1I5-06,TCGA-DA-A1I5,1,0,1,127.54264122203709,68.3006320634641,54.56879445284073,27.580969288937204,24.668124214000017,22.811704161331043,18.38844191858168,14.465280516049383,11.77817003134162,10.000037657144684
TCGA-DA-A1I7-06,TCGA-DA-A1I7,1,0,1,305.1135911502658,300.67907584323393,252.83352805551863,228.79346973147906,181.85198670080644,174.10354202708962,171.79921072365826,172.82698817258475,175.65909191912837,179.31446358991747
TCGA-DA-A1I8-06,TCGA-DA-A1I8,1,0,1,410.0889434258472,283.95418672303555,229.23779649183146,194.66190628716453,173.68111946586868,160.30241020134983,151.45978739287256,145.5186931805965,141.52284264906163,138.86520982448073
TCGA-DA-A1IA-06,TCGA-DA-A1IA,0,0,0,271.9605487717524,291.4893083557057,291.3967362422437,289.7552555110634,287.78965656180276,285.78555551568024,283.8350279319727,281.9701279852777,280.19986981668364,278.52295429013094
TCGA-DA-A1IB-06,TCGA-DA-A1IB,0,0,0,130.60241306463521,149.39035685510197,149.29607002073763,147.63735554818703,145.67720798611765,143.70293830318732,141.80163908052563,140.0010625677315,138.3064116578647,136.71420248209859
TCGA-DA-A1IC-06,TCGA-DA-A1IC,0,0,0,212.3856184508776,235.46706789316005,235.4666689490602,235.45799627635213,235.44173907254452,235.41266663179354,235.35733558387176,235.237912501511,234.92706890339278,233.9153895496983
TCGA-DA-A3F2-06,TCGA-DA-A3F2,0,0,0,3.0504796873730045,4.961337470443364,4.952737385547161,4.799684045407522,4.614735067785182,4.42393342875474,4.235890922475459,4.053883178451245,3.8791557488011974,3.712077623648954
TCGA-DA-A3F3-06,TCGA-DA-A3F3,0,1,1,239.09571951402205,239.11013221179982,239.11010425368437,239.10958120296527,239.10887734945325,239.1080534990968,239.10712378271842,239.10608724898856,239.10493572883104,239.10365612720875
TCGA-DA-A3F5-06,TCGA-DA-A3F5,1,0,1,277.7794839470617,210.13976477541357,220.62859477635905,168.38267705066764,162.55439456247694,161.91814001261244,164.67764892002185,168.6933202267703,172.84421539844246,176.52678156281755
TCGA-DA-A3F8-06,TCGA-DA-A3F8,1,0,1,208.41166690777115,205.8158669039251,202.87463624487557,198.957266189014,193.553327288796,187.04948171154095,179.86179178916208,172.19796140732944,164.10695576065933,155.63236818362867
TCGA-DA-A95V-06,TCGA-DA-A95V,0,0,0,33.60018957634086,55.063347319896984,54.88781149541481,51.74819804475322,48.03815798676901,44.52544832966074,41.57163855850783,39.299794096766135,37.671684109830494,36.555322718591924
TCGA-DA-A95W-06,TCGA-DA-A95W,1,0,1,123.09736522493284,70.94900120832642,56.81236923390812,28.760435153324952,24.352178950686984,23.199911003660137,19.188610619979762,15.121520852135596,12.206744940908461,10.26381877141147
TCGA-DA-A95X-06,TCGA-DA-A95X,0,1,1,200.30108710513485,200.30129173812279,200.30129114844908,200.30128032212065,200.30126634274376,200.3012507799753,200.30123417086403,200.30121674115006,200.30119859558087,200.30117978339055
TCGA-DA-A95Y-06,TCGA-DA-A95Y,0,0,0,242.55635621093094,255.36427612922128,255.31644611808275,254.43675254099787,253.32470035153762,252.13405936880162,250.92617573565533,249.72972496611447,248.5570034702954,247.4123368548109
TCGA-DA-A95Z-06,TCGA-DA-A95Z,0,0,0,206.58977756300777,256.20311891396767,256.2018454516816,256.17024574819175,256.08647314150346,255.83515813613403,254.93025309263868,250.00398643968924,234.38653947093096,224.42566218294303
TCGA-EB-A1NK-01,TCGA-EB-A1NK,0,1,1,383.9899834836548,502.99270349264475,502.9872865844866,502.83442724606584,502.30029017830753,499.9566489000805,488.3318050562877,468.15723932676,462.7032827459539,463.21261914032175
TCGA-EB-A24C-01,TCGA-EB-A24C,1,0,1,241.32098178969449,227.9602554263507,220.11147030729487,214.17807799079154,208.42675661149354,202.2502998670181,195.045803249445,185.4584471886682,170.10962201967834,145.16679799964373
TCGA-EB-A24D-01,TCGA-EB-A24D,1,0,1,233.56683029511166,207.17752500545743,204.38118670098618,199.14594735919846,191.6927370469587,182.99101995905957,173.87973411873696,164.9218547197467,156.46407675052185,148.68933486847868
TCGA-EB-A299-01,TCGA-EB-A299,1,0,1,116.45998128230934,66.54485254646471,28.901233453028816,26.620441458124205,21.048006328357356,15.550872569262856,12.221261647199881,10.22808083330901,8.914026986051763,7.942359583061534
TCGA-EB-A3HV-01,TCGA-EB-A3HV,1,0,1,232.18500605820591,219.95263050717486,214.74364539337387,209.98373574339516,202.29595531677143,185.84855465977728,150.24014221595854,110.00482016388403,92.79853379183058,86.22880149321065
TCGA-EB-A3XB-01,TCGA-EB-A3XB,1,0,1,200.1042387972931,177.54162172128343,153.21361397381347,137.5449147420949,127.0244678580926,119.89342745866895,114.86626757709904,111.08759342798054,107.9841674511435,105.21759249228923
TCGA-EB-A3XC-01,TCGA-EB-A3XC,1,0,1,211.86577147410844,213.946545150889,208.78816352701352,204.47788550154976,199.67554528740848,194.182607596242,187.76919732013184,180.21035987353443,171.53785799767516,161.9214603763221
TCGA-EB-A3XD-01,TCGA-EB-A3XD,1,0,1,224.94638314470248,106.05474622652889,68.0742266367652,56.458709828338385,49.265701150179865,29.6129622703938,23.184708885065028,22.915617209858897,21.960871820610773,19.305004101976284
TCGA-EB-A3XE-01,TCGA-EB-A3XE,1,0,1,35.76400455779491,15.154238663536717,10.08435806697221,7.62997034585341,6.0978720277922935,5.013086759655419,4.186384880464716,3.5264822495680237,2.9834416012338716,2.5274514639665315
TCGA-EB-A3XF-01,TCGA-EB-A3XF,1,0,1,216.70808535836454,219.47407604065603,215.85888185833312,212.71602801000245,208.49649336938114,203.27622007580578,197.37129622598388,191.03809184028532,184.44061076598257,177.65729922098987
TCGA-EB-A3Y6-01,TCGA-EB-A3Y6,1,0,1,126.46543138261067,67.52329017538177,54.72137539451138,28.131641459957017,25.096474131816468,23.473868553627963,19.202713601162564,15.177697529666544,12.32727022666404,10.409758130218512
TCGA-EB-A3Y7-01,TCGA-EB-A3Y7,0,0,0,40.88506520541719,79.19574049064182,79.16468317004917,78.4772077733422,77.12235204367053,74.86066517777459,71.63894441538285,67.62029524371336,63.078572741937734,58.30771726733712
TCGA-EB-A41A-01,TCGA-EB-A41A,0,0,0,49.04109428224762,79.43009717054287,79.38908546544586,78.70777035857166,77.90936294496368,76.90195385461193,75.46163500255385,73.40252956811841,70.65763246672243,67.2912016992683
TCGA-EB-A41B-01,TCGA-EB-A41B,0,0,0,133.42916273121085,152.89446014134873,152.7603689778366,150.577694536266,148.34204365704358,146.28678917092893,144.37355507080707,142.58270588273928,140.90666825151047,139.33868882891343
TCGA-EB-A42Y-01,TCGA-EB-A42Y,0,0,0,178.96850313402865,232.7219073732037,232.67832022159553,231.21151428232636,225.26843815496306,216.67671304722901,214.4518187892293,207.22551845407102,195.96588033644935,188.39109864846367
TCGA-EB-A42Z-01,TCGA-EB-A42Z,1,0,1,178.49813983249882,136.6968160409466,106.6751218747033,91.89485919552479,70.27219913179245,52.477280095899616,47.036897201773485,51.487510358727306,43.49100531646345,30.000747240901163
TCGA-EB-A431-01,TCGA-EB-A431,1,0,1,195.29483412814974,195.83007963683247,178.32831617127832,162.15867286751728,148.07643550437763,136.6549742038051,127.47280104842677,120.06933690059131,114.18182981010314,109.57330430411665
TCGA-EB-A44N-01,TCGA-EB-A44N,1,0,1,137.83492580455012,112.74312812380431,87.27933578293452,57.2884614131256,54.29204304118964,49.21987535440772,31.433994971041074,22.953932327622155,21.584807187205826,21.483056308001334
TCGA-EB-A44O-01,TCGA-EB-A44O,0,1,1,243.03015350738656,304.77964663608793,304.6451272914912,301.5905105348748,296.37501029394446,289.35697920605463,280.5538923018045,272.1151359986403,266.0674090374407,261.73687071009795
TCGA-EB-A44P-01,TCGA-EB-A44P,1,0,1,134.12325899989,110.4131107158795,77.94893069779928,56.81514486876432,55.50487710084886,38.411121652874364,24.79985888737725,21.794520660979952,21.749591178370064,20.42894210082324
TCGA-EB-A44Q-06,TCGA-EB-A44Q,0,1,1,309.1827611481474,309.18818628128815,309.1881759356165,309.1879822751919,309.187721337664,309.1874154131563,309.1870695085987,309.1866830011501,309.1862525153064,309.18577274157656
TCGA-EB-A44R-06,TCGA-EB-A44R,0,1,1,168.60843033736134,168.63483066423453,168.63478055164836,168.63384207723126,168.63257640713005,168.63109100727314,168.62940979159924,168.6275294896169,168.62543358464035,168.6230963082249
TCGA-EB-A4IQ-01,TCGA-EB-A4IQ,0,0,0,251.937430263024,270.20077427747856,270.1191825850222,268.67697244005006,266.955835081009,265.1990061938572,263.4778851658817,261.81237862476684,260.2030390510162,258.6425786365186
TCGA-EB-A4IS-01,TCGA-EB-A4IS,1,0,1,220.72794335192418,194.96878386983323,174.3080449532541,154.49806538813556,136.89461431074534,122.80677448909944,111.01887716498102,100.81909775141612,94.78336147427791,88.7887761204202
TCGA-EB-A4OY-01,TCGA-EB-A4OY,0,0,0,0.3360059488599155,0.5658154146568807,0.5648851707120746,0.5481639142705332,0.5275387079170489,0.5057823987907479,0.4838709673817972,0.46222713513095065,0.44105703588216244,0.4204679275125644
TCGA-EB-A4OZ-01,TCGA-EB-A4OZ,0,0,0,0.0259807951626179,0.05621234604717074,0.05607524608888763,0.05362776192721716,0.0506545662610146,0.047576017559979304,0.04453882957965725,0.04160461091729867,0.03880133468945221,0.03614145025194602
TCGA-EB-A4P0-01,TCGA-EB-A4P0,1,0,1,9.022620888124752,3.1606973774968883,1.7200128397098324,1.0707348437678175,0.707633595090199,0.4830115954586802,0.3366759265794541,0.2385867065273288,0.17165217342816555,0.1253458484970507
TCGA-EB-A4XL-01,TCGA-EB-A4XL,0,1,1,218.55411022287436,287.5594975762748,287.1861907001942,281.0111609599075,274.9002673413998,269.46862725268454,264.09724158436626,258.44381245374444,252.44099917999557,246.16223053037317
TCGA-EB-A551-01,TCGA-EB-A551,0,1,1,279.1299812051931,345.82368985033315,345.79554746698267,344.9814095603296,342.277648371024,335.7481469199914,327.87105880641406,319.3150455254666,306.8658107733207,295.04550231918427
TCGA-EB-A553-01,TCGA-EB-A553,1,0,1,82.33486436198766,48.500085469858284,28.076579957346866,25.529685483714584,19.499300160895547,14.089194240228817,11.05684990919701,9.329325703580349,8.187789408352536,7.314565549341877
TCGA-EB-A57M-01,TCGA-EB-A57M,0,0,0,170.15545562516883,239.320893513032,239.17072398822586,236.36756241770541,232.62057921570332,228.24950449151015,223.32568215637394,217.85399260846964,211.82662590156738,205.24432877826993
TCGA-EB-A5FP-01,TCGA-EB-A5FP,1,0,1,254.87005022529155,234.42398925663448,226.33634164995172,221.1352184079901,216.50526204049956,211.44609868549458,203.93191205304814,188.52481033864115,158.65621156900588,122.88696763252429
TCGA-EB-A5KH-06,TCGA-EB-A5KH,0,0,0,82.61003332565832,121.86213982641773,121.78415644868288,120.3282785000832,118.26709606231336,115.66293915913757,112.54996253139927,108.97969579309145,105.0227761674866,100.77137247380378
TCGA-EB-A5SE-01,TCGA-EB-A5SE,1,0,1,192.32269237884896,161.9066554345657,134.80689968826758,118.79569932909457,114.29803315965323,111.70013743039122,109.49688369021698,107.56531040945956,105.88008334638086,104.46429923473733
TCGA-EB-A5SF-01,TCGA-EB-A5SF,0,0,0,3.69189612101693,6.088516099782278,6.077470266701701,5.881307409575031,5.64530619975363,5.403010154258198,5.165362067045899,4.936402035374418,4.71756309902214,4.509168101597429
TCGA-EB-A5SG-06,TCGA-EB-A5SG,0,1,1,177.7701186281626,250.75205748228316,250.51867087826525,246.0463799642526,239.8328882723055,232.75192174087263,225.9042316677876,219.46352571434974,212.68799088711611,205.39011982990203
TCGA-EB-A5SH-06,TCGA-EB-A5SH,0,0,0,186.9615414533516,214.20937401154532,214.06387745602152,211.50797363261336,208.51169528954534,205.5256612502139,202.68664968319843,200.0351446843555,197.57694188115732,195.30303304334063
TCGA-EB-A5UL-06,TCGA-EB-A5UL,0,1,1,234.0806048933266,234.10148117662953,234.10144979142882,234.10085703006231,234.10004235447283,234.0990634018008,234.09792484110503,234.0966118800249,234.0950975312725,234.09334338591708
TCGA-EB-A5UM-01,TCGA-EB-A5UM,0,0,0,2.571383459288058,4.12171074906737,4.114893920578626,3.993329985878948,3.8458043554494146,3.692894171632422,3.5414896370911935,3.3942828057071766,3.2523579250600876,3.1160966585308603
TCGA-EB-A5UN-06,TCGA-EB-A5UN,1,0,1,220.4834939188957,208.33954213959362,195.42969145704407,181.89662900360005,168.62537632921942,156.9822274287697,147.3507458378188,139.42471449834883,132.84310902134263,127.31644028558196
TCGA-EB-A5VU-01,TCGA-EB-A5VU,0,1,1,301.0377036138436,301.14678233878834,301.14670288809555,301.1451716694454,301.14296890121,301.14016283773117,301.1366657551616,301.1322967543966,301.12677118099253,301.11965658731765
TCGA-EB-A5VV-06,TCGA-EB-A5VV,0,0,0,129.32688126625237,142.76760774516342,142.69604579852853,141.4520458465792,140.02206564153053,138.62215085869414,137.30468593071487,136.073611201935,134.917334439142,133.82093592852382
TCGA-EB-A6L9-06,TCGA-EB-A6L9,0,0,0,130.72601744952837,150.71806681741364,150.61626322208986,148.83606162250754,146.7531383178895,144.66607594739966,142.6588599985461,140.75583034780368,138.9605649032327,137.2687739189472
TCGA-EB-A6QY-01,TCGA-EB-A6QY,1,0,1,223.8543347589192,211.32511586450477,210.6987018955916,211.61718975258583,211.7741180302234,210.94462141241442,209.28608833522804,206.97688239420415,204.1557938979986,200.88479926846753
TCGA-EB-A6QZ-01,TCGA-EB-A6QZ,1,0,1,169.53736208071845,125.87894114886423,106.38984676995534,94.52428782599567,72.97559902669921,54.27750318606044,47.31004900379965,50.57731286691962,46.224078127699734,32.38216144110844
TCGA-EB-A6R0-01,TCGA-EB-A6R0,1,0,1,269.70995234213996,175.6509440152271,184.6346118788171,192.02032038657973,195.38027543311728,196.17658827895102,195.12948363784636,192.6663537670524,189.09467050424587,184.67085747155454
TCGA-EE-A17X-06,TCGA-EE-A17X,0,1,1,276.34047049024394,314.1091976191035,313.9907572648977,311.84153005223754,309.0502198992762,305.86994822683175,302.42463748716284,298.8278506263885,295.1787772755821,291.55186686284236
TCGA-EE-A17Y-06,TCGA-EE-A17Y,1,0,1,227.76080317721807,184.25696818223267,149.59013807495631,102.10939176213684,88.80487906100288,71.3883688516492,54.650085187733104,45.57763405566994,47.155647378267815,49.3727102577811
TCGA-EE-A17Z-06,TCGA-EE-A17Z,0,0,0,57.94740246809519,83.26659318844428,83.18006498454999,81.89427727222481,80.92910768898675,80.41219780333668,80.0283681895484,79.33885835178059,77.96832850762672,75.72427046508606
TCGA-EE-A180-06,TCGA-EE-A180,0,0,0,210.67907025846122,256.3089837033111,256.2743702345617,254.1369295993045,242.33708603802918,227.79753398416543,218.52809964245253,212.64782790913915,208.8247820241408,206.8647821339911
TCGA-EE-A181-06,TCGA-EE-A181,0,0,0,232.69851506381463,232.9172438473544,232.9172049601021,232.91641748093633,232.91514935365245,232.9132862688397,232.91057138526253,232.90660590307226,232.9007848886697,232.8921313889505
TCGA-EE-A182-06,TCGA-EE-A182,0,0,0,1.9199968804478034,3.0841695471314123,3.0791541986962967,2.9895476400169976,2.8803844303790367,2.766760656165973,2.653790014045336,2.5435197537081025,2.4368158876105053,2.3340224422397253
TCGA-EE-A184-06,TCGA-EE-A184,0,1,1,290.0667974054099,349.2728844097855,349.19460896758113,347.1395076573606,342.50035399985717,335.6911840416547,326.70212478686614,315.1669154263256,305.2926096394377,299.3282964747341
TCGA-EE-A185-06,TCGA-EE-A185,0,1,1,350.69338110973155,350.7207748256301,350.72075107720354,350.7202954381956,350.7196465567006,350.71883050970905,350.7178287464544,350.716598736784,350.71507355781773,350.71315345973517
TCGA-EE-A20B-06,TCGA-EE-A20B,1,0,1,222.53736531892227,152.02522517079703,155.35582059109828,165.48177595756232,171.51612310499695,171.7028262987833,166.05139382826277,155.80594173451647,143.23067736245883,130.81926165634428
TCGA-EE-A20F-06,TCGA-EE-A20F,1,0,1,230.20687663876083,218.6586861265119,207.9161410243457,195.79572249876392,180.20562475142077,154.22262401507297,116.27230031411058,94.58244918489464,87.22924820814836,77.37654523612065
TCGA-EE-A20H-06,TCGA-EE-A20H,1,0,1,321.2038712361726,191.22814785004505,177.56376435278406,181.27115886285074,187.4154791860867,192.75972458888242,196.87996801464615,200.0141389739152,202.3821379295142,204.12764111409277
TCGA-EE-A20I-06,TCGA-EE-A20I,0,0,0,201.6639375168751,294.38823852036853,293.9298428047753,280.5132562157912,265.4312704273669,264.89619301548674,270.1127302576762,266.2594331006451,251.4453772806006,235.40151333157323
TCGA-EE-A29A-06,TCGA-EE-A29A,1,0,1,241.2229829903513,170.60333703449055,182.82305901352112,182.95319399178544,175.49233685981702,164.15234381776776,152.19152850841988,142.1126662095726,134.25507608393502,128.28533579050082
TCGA-EE-A29B-06,TCGA-EE-A29B,0,0,0,15.13290444706522,25.33855119310708,25.287843282952245,24.393215088557007,23.331514663902027,22.257947060021703,21.22099534140095,20.23677266393538,19.309499007424716,18.438535638015694
TCGA-EE-A29C-06,TCGA-EE-A29C,1,0,1,149.3225044243027,119.06702890803186,108.53443948276825,100.68043298503895,81.49883038538592,59.474454553244875,50.17034393077192,50.22404209525764,50.05434015702199,39.198281349805306
TCGA-EE-A29D-06,TCGA-EE-A29D,0,0,0,243.96605713720461,245.63442138335165,245.62828108972076,245.69129240784693,246.04590151625328,246.49466302231943,246.83543965120109,246.96959844932033,246.88329266543377,246.6043110737527
TCGA-EE-A29E-06,TCGA-EE-A29E,1,0,1,203.6880514324992,157.393249603212,130.7235211199477,116.55003166673228,109.30792994168684,104.5731376003979,100.83665317879571,97.76855928301848,92.05093379795406,79.63140311187998
TCGA-EE-A29G-06,TCGA-EE-A29G,0,1,1,313.3069084845302,313.3276897800592,313.32766272145085,313.3271494545621,313.326437101455,313.32557035219145,313.3245473180575,313.32334729818183,313.32193585048606,313.32026374490835
TCGA-EE-A29H-06,TCGA-EE-A29H,1,0,1,293.1841768559767,187.6475532461938,176.79984879440337,185.086684166895,192.90225886828128,198.13680408531457,201.62668462691178,203.88451055019934,205.19205630415448,205.71255672695943
TCGA-EE-A29L-06,TCGA-EE-A29L,0,1,1,296.14733201872616,327.41618100316555,327.4152564822445,327.39587711356535,327.3619321235699,327.30515788797106,327.2036552306938,326.9972504920044,326.4939930728379,325.05523278379553
TCGA-EE-A29M-06,TCGA-EE-A29M,1,0,1,237.94497697040867,224.27476558831077,213.93129296582418,204.7821219671979,195.68051652189945,186.34371776082247,176.55519140114512,165.81481931734882,152.50338037351,134.11835952982793
TCGA-EE-A29N-06,TCGA-EE-A29N,0,0,0,224.48294630385936,237.27562787513838,237.10848097438614,234.4887247443204,232.1205741563903,230.3908695979356,229.1861737965363,228.3259291525129,227.66170478748916,227.0897807622654
TCGA-EE-A29P-06,TCGA-EE-A29P,1,0,1,198.35246451790684,156.86758260818132,134.66958168790933,122.88085591740648,116.13821508644448,111.93128976184067,108.63538448514407,105.7677074190998,103.25528240116336,101.00474488423913
TCGA-EE-A29Q-06,TCGA-EE-A29Q,0,1,1,271.7975661257026,271.85442282176916,271.8543697179521,271.8533525808203,271.85190976803597,271.8501049091933,271.84790417062317,271.845224427571,271.84193532132235,271.8378450931362
TCGA-EE-A29R-06,TCGA-EE-A29R,0,1,1,255.15140745600587,279.22069407157954,279.21951315347354,279.19505350297396,279.1533805485399,279.0862616919874,278.9721904866681,278.7569058090098,278.28901242357716,277.14436641183033
TCGA-EE-A29S-06,TCGA-EE-A29S,0,1,1,326.2175173122664,359.9823009147362,359.9819199316969,359.97378042033523,359.95885880968075,359.9321423564363,359.8790967030441,359.7530571718682,359.3977529432954,358.24277294288555
TCGA-EE-A29T-06,TCGA-EE-A29T,1,0,1,331.1307332725852,285.89503802854364,188.30307742215146,178.50663198829923,180.02908439129715,184.65702165718855,189.82064628340825,194.59621176653297,198.68386702959972,202.10315313848602
TCGA-EE-A29V-06,TCGA-EE-A29V,0,0,0,107.8683668839046,151.0353852249698,150.65965279520157,144.06201111233887,136.51737832047723,129.6581457659041,124.22766952054094,120.42864231355627,118.01759331468324,116.44438652318186
TCGA-EE-A29X-06,TCGA-EE-A29X,0,1,1,439.25718593686355,439.3412171481694,439.3411926778697,439.34071047225405,439.3399802967812,439.33898477497945,439.33763681457907,439.335780909257,439.3331630213909,439.3293722504165
TCGA-EE-A2A0-06,TCGA-EE-A2A0,0,0,0,228.17755229036314,254.35028026916112,254.34947915593864,254.3320040308369,254.2989658520072,254.2389246755284,254.1214659400328,253.8567004166933,253.1213234710053,250.52590534814243
TCGA-EE-A2A1-06,TCGA-EE-A2A1,0,1,1,267.7029380702347,328.4315118889932,328.4066506111034,327.6976603266685,325.3778541289126,319.5185875119044,311.866339617609,303.95562729732933,292.994692961332,282.21769212885715
TCGA-EE-A2A2-06,TCGA-EE-A2A2,0,1,1,318.1724423320563,318.18592653480647,318.18590814874193,318.18555990992405,318.1850781825042,318.18449447634436,318.1838088540011,318.18300906022046,318.182074230531,318.18097458337684
TCGA-EE-A2A5-06,TCGA-EE-A2A5,0,1,1,319.445198403629,400.996448567254,400.94831825937,399.5675730091745,395.4622211565673,387.9092905823327,379.22060927955164,366.085600976897,349.973316523377,337.6705107651853
TCGA-EE-A2A6-06,TCGA-EE-A2A6,1,0,1,165.02506581057557,129.48652089811583,122.64016396702159,129.60288480190633,125.1773172045486,112.34058426018069,104.32117593879146,102.28423955160699,100.97598632391004,99.78410398226133
TCGA-EE-A2GB-06,TCGA-EE-A2GB,1,0,1,239.09684414904274,230.3751276332311,224.40691924460472,220.49254943627574,216.44006849809696,211.91208383195465,206.9169940295551,201.36200546322704,194.79871446340618,185.87395074617035
TCGA-EE-A2GC-06,TCGA-EE-A2GC,0,0,0,182.8818196640467,243.19126354748929,243.18189485286285,242.91644806441306,241.95159987809078,237.69782390165238,227.18988614734852,222.4750396996873,220.94317141274462,210.4554046554278
TCGA-EE-A2GD-06,TCGA-EE-A2GD,0,1,1,301.94914282145305,301.9505722943387,301.95056900342666,301.9505078916707,301.95042699335715,301.9503341888272,301.95023180649383,301.95012046906226,301.9500000858367,301.9498701815231
TCGA-EE-A2GE-06,TCGA-EE-A2GE,1,0,1,212.5897761862399,158.80106022926353,136.52998947219257,121.81418300445925,111.93257719717221,104.84949494688566,99.48369148345431,95.77777117285251,88.14872327977649,74.83052700263133
TCGA-EE-A2GH-06,TCGA-EE-A2GH,1,0,1,77.87632905632809,31.59912569502457,18.14926750663743,12.44579282150846,10.029645488304027,8.512647329360648,7.371792635860974,6.448044704763674,5.673414241949079,5.010568286307033
TCGA-EE-A2GI-06,TCGA-EE-A2GI,0,0,0,213.32076701150453,230.1659837528255,230.18223127754973,230.3159836214328,230.05213888478156,229.27706997853645,228.03958380944187,226.44581605799706,224.60682960213256,222.61765117693037
TCGA-EE-A2GJ-06,TCGA-EE-A2GJ,0,1,1,328.3399303486991,426.9438857572197,426.9408750072525,426.8675432791663,426.6779695155248,426.0981213831528,423.87401252656025,415.79759506880174,404.0552655589579,398.02760581629656
TCGA-EE-A2GK-06,TCGA-EE-A2GK,0,0,0,145.82484287087286,195.85740011508477,195.63357497191345,191.41318497934537,185.84951806158483,179.87031496191122,174.06719471506597,168.73497482558517,163.9497409654946,159.6967308217315
TCGA-EE-A2GL-06,TCGA-EE-A2GL,0,1,1,244.31965847330875,244.32117349876745,244.32116973961604,244.32110017898006,244.32100880817762,244.32090497717226,244.32079163200157,244.3206697785003,244.32053964053463,244.3204010534391
TCGA-EE-A2GM-06,TCGA-EE-A2GM,0,1,1,355.2152104522622,414.6434937970886,414.6420505824748,414.6107280429316,414.5513222428458,414.4403726324121,414.20872818195056,413.6215069527867,411.7843441124806,406.2105180761736
TCGA-EE-A2GN-06,TCGA-EE-A2GN,0,1,1,326.6839165726521,418.05374430807825,418.02357439053924,417.1654011420047,414.3638517911009,407.50585301293535,398.8923481488315,388.12816194721097,371.124509476011,354.63747910321376
TCGA-EE-A2GO-06,TCGA-EE-A2GO,0,0,0,230.15751609247863,225.61047871868806,225.5992255068864,225.717838118661,226.46583197414017,227.58885216809725,228.7382247360614,229.69463404575333,230.375342408736,230.77844689803754
TCGA-EE-A2GP-06,TCGA-EE-A2GP,0,1,1,193.70326254500017,193.7059137969081,193.7059072085758,193.70578530225686,193.70562519427534,193.70544327930563,193.70524473433733,193.7050313326031,193.70480347991594,193.70456090382854
TCGA-EE-A2GR-06,TCGA-EE-A2GR,0,0,0,240.86828168792442,258.86547582623285,258.7550057597144,256.9542440505409,255.0983080033775,253.40485337811603,251.83695105052075,250.33349924926785,248.8548108935862,247.38280416207883
TCGA-EE-A2GS-06,TCGA-EE-A2GS,1,0,1,165.19184392397992,126.78842503703112,116.46709145149863,111.80332236008577,108.4740182418659,106.11897699545625,104.28068233527566,102.21452682662517,99.73707759447164,96.87225863284105
TCGA-EE-A2GT-06,TCGA-EE-A2GT,1,0,1,214.95492644608123,187.24240489804274,183.8818000491358,185.75234318492795,190.07300214041865,195.0098542320434,198.9882838562478,201.36097483645025,201.9368957798216,200.44428029340216
TCGA-EE-A2GU-06,TCGA-EE-A2GU,0,1,1,295.6361131498297,295.6365378791235,295.6365367315903,295.6365155892239,295.6364880804121,295.63645717534365,295.6364238618917,295.63638852998935,295.6363513351194,295.63631232277936
TCGA-EE-A2M5-06,TCGA-EE-A2M5,1,0,1,190.13709324823728,128.46032762941374,114.15815228512938,106.11269748661464,100.64232771301245,93.1725291107082,75.80168975947451,58.857757194932475,49.73284516975719,47.35710515422101
TCGA-EE-A2M6-06,TCGA-EE-A2M6,1,0,1,223.93232351136518,180.60909497806534,174.04945321370585,174.41634142877186,177.24826294459365,181.916309335255,187.26054053996143,192.0969255503604,195.77736827819885,198.0067445902605
TCGA-EE-A2M7-06,TCGA-EE-A2M7,1,0,1,190.6750026129663,195.25728690496535,187.75292832721448,179.52579827746615,169.51026093762172,157.1038150449231,143.28190474019652,130.23096170430472,119.80547296519744,112.13329357449896
TCGA-EE-A2M8-06,TCGA-EE-A2M8,1,0,1,232.20412986391295,190.91728211183607,193.67327661796503,191.38217493621195,185.87650543837947,178.35162031108143,169.822542917452,161.0312055673158,152.46139673110181,144.40189681213567
TCGA-EE-A2MC-06,TCGA-EE-A2MC,0,1,1,319.16784975464174,319.16939200212346,319.16938919450644,319.16933654507125,319.16926532348685,319.1691814103761,319.1690859937469,319.16897870146363,319.1688583614296,319.1687232002735
TCGA-EE-A2MD-06,TCGA-EE-A2MD,0,1,1,334.4616735197215,334.46318745233395,334.4631839441291,334.46311881756986,334.4630326634256,334.46293391134583,334.462825067912,334.46270682198593,334.46257910521547,334.4624414437608
TCGA-EE-A2ME-06,TCGA-EE-A2ME,1,0,1,209.01195042450993,153.91415483388525,165.51584666570656,157.34430963831542,140.26687676611655,126.95061731680399,119.75425025404132,116.68710653146034,114.86335827018112,113.23373289659834
TCGA-EE-A2MF-06,TCGA-EE-A2MF,0,1,1,298.67384883700925,298.68901708945515,298.6889948328519,298.6885742404745,298.6879954230872,298.6872986531047,298.686486491263,298.6855474027046,298.6844607437243,298.68319705679073
TCGA-EE-A2MG-06,TCGA-EE-A2MG,1,0,1,183.0347363815648,181.19222340485132,159.8318971792313,141.87412750698118,128.61051543390488,119.42142438689125,113.65100139554573,110.26275042004428,107.71794468348845,105.46970318597477
TCGA-EE-A2MH-06,TCGA-EE-A2MH,1,0,1,218.8377438183751,188.3777655611122,181.9386620503418,170.17453197667325,156.75092318909955,144.18809633731541,133.88423552072672,125.80816484005688,119.5488058037452,114.82173412395548
TCGA-EE-A2MI-06,TCGA-EE-A2MI,0,0,0,247.2705902807715,259.9928808391733,259.95818132061254,259.27467958593564,258.30234418477335,257.16533307704304,255.94536493681306,254.69673286583327,253.4539221226295,252.23772125253765
TCGA-EE-A2MJ-06,TCGA-EE-A2MJ,0,0,0,246.57045225765944,253.79515124871875,253.81949938052458,254.14467409999259,254.25198985345975,254.04350092693335,253.55140886099673,252.84591389743923,251.9939384561155,251.05279712634763
TCGA-EE-A2MK-06,TCGA-EE-A2MK,1,0,1,196.19501973538004,134.91359564854233,124.43260494910729,118.99758277891229,115.02161336555804,111.84749464635003,109.22085376055695,106.95602874416058,104.83807936832771,102.64500509802369
TCGA-EE-A2ML-06,TCGA-EE-A2ML,0,1,1,274.1041490932394,274.1044460124343,274.1044451864005,274.1044299911811,274.1044102876635,274.1043882418031,274.10436458418457,274.10433961270064,274.1043134564441,274.10428616626945
TCGA-EE-A2MM-06,TCGA-EE-A2MM,0,1,1,224.23933937114117,224.24247688862917,224.24247008649806,224.24234342351002,224.24217473129522,224.24197977848368,224.2417629236183,224.2415249710897,224.2412651845196,224.24098192343234
TCGA-EE-A2MN-06,TCGA-EE-A2MN,0,1,1,313.97986976151054,358.25576736911256,358.2549170226123,358.23665825779034,358.20276377086475,358.1408777787526,358.0143234493052,357.7003088374536,356.74247115693186,353.4570621866792
TCGA-EE-A2MP-06,TCGA-EE-A2MP,1,0,1,131.48781079008845,100.33732389211993,62.14396550765268,58.34906363681262,37.54207456625632,24.179348435775267,22.54877340982819,22.014457919912772,19.425132201859874,16.10009321034539
TCGA-EE-A2MQ-06,TCGA-EE-A2MQ,1,0,1,325.64291081869555,219.78484459516451,175.7381769535137,169.03478998962174,169.09969598703006,170.76543810270357,172.999484847108,175.42181288033723,177.8630630816491,180.22877780417832
TCGA-EE-A2MR-06,TCGA-EE-A2MR,0,0,0,196.98927795355928,215.44360450458197,214.99466160031037,208.50462517100976,202.92550426771678,198.54041160210602,195.51344754712386,193.81543875271925,193.20380736333712,193.3586738992248
TCGA-EE-A2MS-06,TCGA-EE-A2MS,0,0,0,222.74414208362535,217.92013765351933,217.92422015694345,218.27670750548765,219.20960287287505,220.42749179890743,221.6086685733604,222.56709567342057,223.23591045573426,223.61580206013218
TCGA-EE-A2MT-06,TCGA-EE-A2MT,0,0,0,75.03700117428397,95.75516342303978,95.55925629433415,92.11881376014186,88.2451751869252,84.84326129211118,82.27687878233043,80.62101833271217,79.75246037104486,79.3965446237354
TCGA-EE-A2MU-06,TCGA-EE-A2MU,0,1,1,281.7010567104786,281.7036148447146,281.7036089219821,281.70349896018246,281.7033534773499,281.7031866979428,281.7030028490467,281.7028030897735,281.7025873013147,281.70235468074395
TCGA-EE-A3AA-06,TCGA-EE-A3AA,1,0,1,375.7367189098113,274.8423995891289,203.13883613945822,170.21364128947988,158.33191677900194,155.43204636152,154.80274942697605,154.98511580340354,155.62258147698736,156.52743800459993
TCGA-EE-A3AB-06,TCGA-EE-A3AB,1,0,1,243.1237045893063,243.12280382007583,243.1155086721641,243.06861391615595,241.29677339582173,187.8659846691581,183.21551034870225,203.84992854266574,214.09029313279555,193.10062607395253
TCGA-EE-A3AC-06,TCGA-EE-A3AC,0,1,1,317.9972269771087,318.0224955466009,318.0224638356938,318.0218616702831,318.0210238481998,318.0200011931284,318.0187896242145,318.0173623240985,318.01567525752876,318.01366534122377
TCGA-EE-A3AD-06,TCGA-EE-A3AD,1,0,1,244.9876520808048,215.39947003268975,197.807979595394,181.81394737500398,161.139226187719,126.89233794704037,98.57047359664776,89.80036598066741,80.51489344214123,68.61826925740887
TCGA-EE-A3AE-06,TCGA-EE-A3AE,0,0,0,251.4175319064672,265.54770602506125,265.483537147779,264.33773799570616,262.94907960478207,261.51988489080554,260.1195962808686,258.7745196341432,257.49253728105117,256.2731661582228
TCGA-EE-A3AF-06,TCGA-EE-A3AF,1,0,1,237.28080837451148,223.52423542223096,213.34342200377884,204.43286466147075,195.49297744612824,186.05717179779262,175.8171976701506,164.00577095340086,148.34367804668983,126.71438787174228
TCGA-EE-A3AG-06,TCGA-EE-A3AG,1,0,1,157.96870294923704,157.9656551783877,157.92112705878094,151.6430381380351,127.85564203211764,130.96013471696256,115.19812286463225,112.33458713591268,110.86436115947109,111.25517593609868
TCGA-EE-A3AH-06,TCGA-EE-A3AH,1,0,1,245.91918950930258,184.73659037970535,188.12491984878267,189.5950233223667,189.33844037882062,187.71867955483324,185.10356026719614,181.62610753424138,177.07943788522908,171.14543576471698
TCGA-EE-A3J3-06,TCGA-EE-A3J3,1,0,1,180.32984554597613,179.08258695209028,158.6697106904804,140.722182610838,126.40014872193838,116.8233579667985,111.68830776175656,108.73448422805285,106.28545509320469,104.16353253645796
TCGA-EE-A3J4-06,TCGA-EE-A3J4,1,0,1,230.44115278268896,166.46101224511426,174.0597811604579,173.02691610837533,167.44568574450838,159.29811975060773,150.04556621845245,140.61296354460757,131.62441023833802,123.71286869075742
TCGA-EE-A3J5-06,TCGA-EE-A3J5,0,0,0,143.99568416326056,185.2971835853659,185.04099013968573,180.57429616966434,175.45362140383506,170.51830033493007,165.9996470449699,161.93798045245697,158.3077411686179,155.0625008949798
TCGA-EE-A3J7-06,TCGA-EE-A3J7,0,1,1,295.2762411301969,295.28222948331455,295.2822175920261,295.2819953558472,295.2816969798733,295.2813487032452,295.28095689080254,295.28052153651,295.2800396427573,295.27950622915404
TCGA-EE-A3J8-06,TCGA-EE-A3J8,0,1,1,218.52646636974893,218.52653585389314,218.52653564231835,218.52653177014741,218.52652680450018,218.5265213213102,218.5265155209681,218.52650949044386,218.52650327270916,218.52649689069855
TCGA-EE-A3JA-06,TCGA-EE-A3JA,0,1,1,221.06807107895432,221.07359217414398,221.0735779525373,221.07331528031628,221.07297165570583,221.0725830860906,221.07216122446403,221.07171035857104,221.07123185375488,221.07072566558563
TCGA-EE-A3JB-06,TCGA-EE-A3JB,1,0,1,234.9386953853308,192.45831748413627,194.3277194188269,194.484946657005,192.9161284597258,189.93998133647338,185.92550239152698,181.04740360635176,175.24661391363895,168.3933920248016
TCGA-EE-A3JD-06,TCGA-EE-A3JD,0,0,0,195.6483248415044,227.74732179772568,227.74672822062337,227.7333867175642,227.7061050590568,227.6496398543701,227.51414168150544,227.11317234028544,225.60873191901672,218.91085557816
TCGA-EE-A3JE-06,TCGA-EE-A3JE,1,0,1,198.95048598216832,185.16978428609727,158.9070709985633,141.15781104522208,129.95042992073698,123.0332392449268,118.71825574867331,115.74336181019,113.28644608820605,111.03500304890373
TCGA-EE-A3JH-06,TCGA-EE-A3JH,1,0,1,174.88695494945188,123.36774421585311,114.1892090903987,108.8328837365497,104.72783005936134,100.008936141244,91.86585920321242,76.0018890627971,59.34932093345918,50.89248797545979
TCGA-EE-A3JI-06,TCGA-EE-A3JI,0,1,1,286.3714826943736,286.92810275150254,286.9279002385128,286.923946679906,286.91808860706146,286.91033315342213,286.9002064994196,286.8868334568739,286.868769816494,286.84361335551114
TCGA-ER-A193-06,TCGA-ER-A193,1,0,1,240.35403028724718,167.0495522822639,164.84917964296525,168.78602562685938,172.17571888138977,174.52991072646975,176.76424981436,179.29198240800963,181.52612095824446,182.64962319922634
TCGA-ER-A194-01,TCGA-ER-A194,0,0,0,0.004635557911884587,0.012151684540530536,0.01211287705984045,0.011426857298818115,0.010610961031185372,0.009786790436036242,0.008994728406014386,0.00824979535315203,0.007557101406515523,0.006917330854039774
TCGA-ER-A195-06,TCGA-ER-A195,0,1,1,245.15806314848905,292.61087995962737,292.60991513631774,292.5875542282704,292.5349028253706,292.3920996102001,291.97828180127163,290.6768243265596,286.3077514646368,278.52109446536383
TCGA-ER-A196-01,TCGA-ER-A196,0,0,0,241.3305512133172,255.42072014553634,255.38777266788608,254.712957279144,253.69705579483852,252.46563716584726,251.11565363404299,249.71717200831088,248.3164440053168,246.94202675881505
TCGA-ER-A197-06,TCGA-ER-A197,0,0,0,133.89800585967555,159.77525422698116,159.6331151975584,157.16038193658306,154.30685688351224,151.49880778398173,148.84867663156015,146.3793482349179,144.08529020143635,141.9515760089319
TCGA-ER-A198-06,TCGA-ER-A198,1,0,1,205.20569131753663,209.02266635069654,204.48193621569996,199.57835978565498,193.5514637170147,186.6541935485861,179.1210089783941,170.9930543635245,162.29373680923763,153.18008043868952
TCGA-ER-A199-06,TCGA-ER-A199,0,1,1,291.65513240482767,291.66619484957255,291.66617915837594,291.66588229909667,291.66547271198533,291.66497807101814,291.66439935782773,291.66372737773514,291.66294610902025,291.6620327365155
TCGA-ER-A19A-06,TCGA-ER-A19A,0,0,0,224.95007845489795,230.66183404857853,230.61073897659654,229.8686261899955,229.29461132561434,228.92030388517472,228.63533518115713,228.34413690879867,227.99345293206395,227.56545936188834
TCGA-ER-A19B-06,TCGA-ER-A19B,1,0,1,343.11900593275726,202.66587779720095,180.92530974916448,180.78717284065038,184.4210628097326,188.72279132576702,192.87928243702817,196.60507428849505,199.80502346416284,202.4880982574177
TCGA-ER-A19C-06,TCGA-ER-A19C,1,0,1,191.32683936839726,148.12632983116103,141.6987542960028,155.5932357237001,159.17345751439015,148.28548598563745,129.9386939198955,108.65419915672243,91.64496274360198,82.53512252267053
TCGA-ER-A19D-06,TCGA-ER-A19D,0,1,1,204.8946460071185,204.90409085615175,204.90407113652537,204.90370332396253,204.90321166322735,204.90264090916583,204.90200282467967,204.90129879082596,204.9005255422723,204.89967697260067
TCGA-ER-A19E-06,TCGA-ER-A19E,1,0,1,143.93370019260047,143.19830113154822,114.14600252276439,103.91901473700996,104.30756753169436,106.75098875832053,107.18858465453121,104.82062020880589,99.90122891393983,94.51586294449038
TCGA-ER-A19F-06,TCGA-ER-A19F,0,0,0,135.0564409008947,157.868125573083,157.67649894596633,154.53697561193417,151.4060732090556,148.81222776993397,146.65358908401592,144.73336844545815,142.96121771586763,141.30873569007747
TCGA-ER-A19G-06,TCGA-ER-A19G,1,0,1,203.2328374560329,198.30031174638737,183.00368197356138,168.7039282901005,154.63451087411883,140.9858453363441,128.83490682709643,119.04679767470134,111.53793698457287,105.69968378605513
TCGA-ER-A19H-06,TCGA-ER-A19H,1,0,1,157.48890260086003,157.48243041805313,156.78567977116248,125.13952308189619,129.09760314393495,112.84609056137182,109.9754485875614,108.44231365265937,108.52087804624192,110.24485322812914
TCGA-ER-A19J-06,TCGA-ER-A19J,1,0,1,258.1596404445711,216.58998008944963,165.41331626417434,170.03327144308398,179.74089117941085,185.91272842318088,189.38997997300518,190.93583297475107,190.934022692299,189.61739539791247
TCGA-ER-A19K-01,TCGA-ER-A19K,1,0,1,236.97258388015976,226.23629036107238,217.90680856064537,210.97481818732882,203.99253386574168,196.60255634364586,188.53045053017433,179.30989433811735,167.5902214950959,150.60513758896957
TCGA-ER-A19L-06,TCGA-ER-A19L,0,0,0,228.6991210684526,242.64180974600382,242.2453331736019,236.3029543112204,230.89027960145643,227.02929854854338,224.880093271687,224.12601335492676,224.31841884281172,225.05277702372132
TCGA-ER-A19M-06,TCGA-ER-A19M,1,0,1,246.9522547818649,212.17993702928,161.620192951734,155.8438234320648,160.88623674186837,168.20111826025774,173.6349654585327,177.19959192781945,179.33477857629484,180.29655934020778
TCGA-ER-A19N-06,TCGA-ER-A19N,0,1,1,230.94021899167512,295.3965348695417,295.0176236833652,287.7285051591209,278.8296036763692,271.7219597340677,266.802128618943,262.78160987043344,258.7875740986497,254.47152762233324
TCGA-ER-A19P-06,TCGA-ER-A19P,1,0,1,156.5374166970095,119.23648518353566,111.96913687960408,107.74604708166706,105.04121370019409,102.78968519883702,100.06826136905067,96.93257813560857,93.49507499921475,89.74573594243103
TCGA-ER-A19Q-06,TCGA-ER-A19Q,1,0,1,263.23336241275797,170.9752391757277,170.24910238270706,179.646745850515,185.20975738624537,188.02593538609813,188.98662097604642,188.54305354167872,186.9672267916888,184.45999539756923
TCGA-ER-A19S-06,TCGA-ER-A19S,1,0,1,187.65265949221472,135.33750573634757,145.2673079298011,144.50010799184125,132.58724049512236,119.05180274574248,111.51085458644205,108.80062156104044,107.2116644810107,105.76459598132593
TCGA-ER-A19T-01,TCGA-ER-A19T,0,0,0,175.45826218595712,175.46934097694984,175.46933410488725,175.4692010336339,175.46900742328376,175.46875685060368,175.46843803037103,175.46802907397696,175.46749504485717,175.46678275833563
TCGA-ER-A19T-06,TCGA-ER-A19T,0,0,0,148.93453505845025,200.48785359605503,200.48308898158965,200.34612631507923,199.90243431380244,198.04136620054683,188.38958292545976,177.0172860042387,174.56853827331435,174.34267434547633
TCGA-ER-A19W-06,TCGA-ER-A19W,0,1,1,282.62196254942523,287.73224470619977,287.7316123018322,287.7190560262502,287.699718125337,287.6727653232126,287.6352440157875,287.5816271904675,287.50175523194133,287.3758196637727
TCGA-ER-A1A1-06,TCGA-ER-A1A1,0,0,0,168.63573497949918,210.4761740304686,210.42739332428027,209.28314548388204,207.17121164820986,204.1556233833188,200.41727925335246,196.18429137713417,191.67702211590088,187.08693650943027
TCGA-ER-A2NB-01,TCGA-ER-A2NB,0,1,1,96.10294128692041,149.22892763608823,148.93788967634927,143.826574080253,137.85626359762293,131.98056973879184,126.4926759365454,121.4546212217211,116.83267844775902,112.55862241769293
TCGA-ER-A2NC-06,TCGA-ER-A2NC,1,1,1,130.5848546852326,80.64910324281018,62.43587388650829,38.92469400946202,24.68860469261258,23.790987417700297,22.071970250896324,18.30621844148715,14.719714623079627,12.079154694477074
TCGA-ER-A2ND-06,TCGA-ER-A2ND,1,0,1,3.8814322898683393,1.2912202938725859,0.6303886577933977,0.3552637208421276,0.21673925644650394,0.1395776127212734,0.0937086042151352,0.06510109658686457,0.04655640316742533,0.03413611982686156
TCGA-ER-A2NF-06,TCGA-ER-A2NF,0,0,0,206.45085587660208,280.3404236743359,279.66324451573644,271.28475784626926,271.95294644866146,270.1703732789489,254.99993604351346,237.86570614291696,225.6750334636784,218.9204961259289
TCGA-ER-A2NF-01,TCGA-ER-A2NF,0,0,0,220.54042042444107,290.3592983189538,289.5207790082114,274.1656641475285,257.0352455334246,244.30720061227345,236.94907862989302,231.73549933169292,227.79594556196628,224.9999350949963
TCGA-ER-A2NG-06,TCGA-ER-A2NG,1,0,1,223.0029102744785,210.39544000726892,196.92753681021205,184.53855085155,172.35642205038147,160.23437770116823,148.3287365349654,136.9238097408726,125.87650540650893,114.46269098982727
TCGA-ER-A2NH-06,TCGA-ER-A2NH,0,1,1,321.5790300663546,321.99402216453973,321.99389642586544,321.9914318073552,321.98774696256976,321.98281022289376,321.97626951861145,321.96748208609006,321.9553769274328,321.9381509388347
TCGA-ER-A3ES-06,TCGA-ER-A3ES,0,0,0,179.95480342766038,209.65470726256098,209.39309078645456,205.30021443752048,200.92263034045348,192.607484049905,184.78114235911394,180.43435801070592,178.64383949077848,178.47871412597007
TCGA-ER-A3ET-06,TCGA-ER-A3ET,0,0,0,243.66122237687276,270.8497130240613,270.5166654949669,265.24367433784784,260.1238950402126,256.0885495991772,253.1302964569676,250.98008343118505,249.36921755394076,248.09166700172162
TCGA-ER-A3EV-06,TCGA-ER-A3EV,0,0,0,148.55093673282047,179.99981728841252,179.87732252427503,177.70332872366023,175.08082351320024,172.36118074558405,169.64220160984405,166.94430228430312,164.25855980649317,161.563183992331
TCGA-ER-A3PL-06,TCGA-ER-A3PL,1,0,1,209.5567476982121,162.04510137675493,164.16515470646598,148.32939957375416,131.13936277417596,120.94406621633479,116.30793324697751,114.10506515271746,112.27997494792363,110.59910082129102
TCGA-ER-A42H-01,TCGA-ER-A42H,0,0,0,169.13609024637736,169.77821028166196,169.7781522613007,169.77697922581277,169.77509582744403,169.7723286897412,169.76825614419857,169.76214853730548,169.7527572585724,169.73781072573067
TCGA-ER-A42K-06,TCGA-ER-A42K,1,0,1,201.9214085424596,151.3160063721528,126.07417555919339,114.19663040953728,108.09091852484114,103.67373441275791,100.18439284194926,96.65388494004961,88.24567694292953,73.597903808769
TCGA-ER-A42L-06,TCGA-ER-A42L,1,0,1,140.67933518848267,111.4460472634366,93.18805724611678,61.30975019867798,51.263690486161394,53.23689499459696,37.997850267804,25.18504517275617,21.588872657734864,21.477252061704167
TCGA-FR-A2OS-01,TCGA-FR-A2OS,0,0,0,234.13108903659912,271.9795785509508,271.2361238816021,260.03664740165834,251.50509123075804,245.4054648470381,240.88148663652487,237.83801723278674,235.97355701559056,234.93203643557194
TCGA-FR-A3R1-01,TCGA-FR-A3R1,0,0,0,171.4626528143234,216.37337404864797,216.35570437556387,215.82897945603742,213.78459228296933,207.3637362938284,201.46338558334753,198.1625429630074,189.3219413100776,180.91331311156003
TCGA-FR-A3YN-06,TCGA-FR-A3YN,0,1,1,281.2097855924921,281.2118702199985,281.21186514534486,281.2117711560045,281.21164744883856,281.2115065254066,281.2113522697637,281.2111859434907,281.2110077443668,281.210817331214
TCGA-FR-A44A-06,TCGA-FR-A44A,1,0,1,229.87048591153732,183.2515468414019,187.81365692426152,188.06069857946545,185.59273512261993,181.2049101734067,175.53228884616922,169.00061811711257,161.8017898428383,153.9536126011804
TCGA-FR-A69P-06,TCGA-FR-A69P,0,1,1,255.6342806226691,255.64266548676184,255.64264973062564,255.64235459382354,255.64195634152082,255.64148859578373,255.64095867276018,255.64036527706156,255.63970285341148,255.63896280156303
TCGA-FR-A726-01,TCGA-FR-A726,0,0,0,196.51920690643877,274.46390272612285,274.3760747766618,271.0924252838395,259.473570245206,250.21798341431844,251.40095812364663,245.54854500239256,230.27307550813035,216.85321970952526
TCGA-FR-A728-01,TCGA-FR-A728,1,0,1,89.48013418080295,36.53436707038018,28.155420895378597,19.659427017670637,13.784113877151704,10.916223899256918,9.272178549253324,8.126665845359625,7.219363043419909,6.452514150496166
TCGA-FR-A729-06,TCGA-FR-A729,1,0,1,130.5034286742393,111.86496389243925,103.99893473365344,96.42695389315497,89.28577769139139,81.68633983746169,72.48705367354212,62.27136135021417,56.75677969757898,55.788373605229246
TCGA-FR-A7U8-06,TCGA-FR-A7U8,0,1,1,259.194848902948,259.2173659356899,259.21734095196314,259.2168646436228,259.2161960790247,259.21537096800085,259.2143808678916,259.21319750497986,259.21177593622235,259.21005137858987
TCGA-FR-A7U9-06,TCGA-FR-A7U9,0,0,0,31.30213097983424,49.52045851028044,49.36902156303219,46.71788523391492,43.716062317784484,40.988100880340355,38.75851877045577,37.05239589012627,35.786366391042556,34.82926156348178
TCGA-FR-A7UA-06,TCGA-FR-A7UA,1,0,1,186.65392610495147,126.39686938762901,116.44503937416245,110.57113707084707,106.48634301542414,103.04787505133474,99.00592077115219,91.89124508034428,77.98917468428995,61.84476598917203
TCGA-FR-A8YC-06,TCGA-FR-A8YC,0,0,0,130.12932155282567,160.64745919682383,160.6454187449818,160.59746599584614,160.48595556642667,160.1954059773295,159.25715002668886,156.13691841025954,151.26074378063996,148.37349287539996
TCGA-FR-A8YD-06,TCGA-FR-A8YD,0,0,0,246.68585875010882,265.6763676366907,265.58931284144114,264.0528710736752,262.2246345037053,260.3652034311352,258.5509468764836,256.803249914781,255.12314049660853,253.50372199697912
TCGA-FR-A8YE-06,TCGA-FR-A8YE,1,0,1,222.04095753187136,194.264710941762,190.5123385102296,182.6828158244476,172.58007938911084,161.76780955721392,151.30112075958402,141.74261890614343,133.2998341155444,125.95275314548148
TCGA-FS-A1YW-06,TCGA-FS-A1YW,0,1,1,224.34356495945173,224.34427988687148,224.34427791625282,224.34424164771463,224.3441945670564,224.3441418205115,224.34408513667603,224.34402521383433,224.34396234776338,224.34389664709667
TCGA-FS-A1YX-06,TCGA-FS-A1YX,1,0,1,222.08135623413753,215.64653461074028,214.4379221788001,213.74897258431594,211.89150032630383,208.84325811906172,204.8788095274368,200.24337570940352,195.11930847088712,189.62435090711014
TCGA-FS-A1YY-06,TCGA-FS-A1YY,1,0,1,215.66519862891212,107.81658438854134,68.79574055398233,55.96568336232787,49.2961463147494,29.406843610817585,23.12405191348702,22.933761996086286,21.79313250935706,18.96695471366411
TCGA-FS-A1Z0-06,TCGA-FS-A1Z0,0,1,1,202.7600697846627,202.7621093784002,202.7621039842193,202.76200448855764,202.76187471347492,202.76172848546037,202.76157035097285,202.76140205491697,202.76122423875816,202.76103702062508
TCGA-FS-A1Z3-06,TCGA-FS-A1Z3,0,1,1,164.09179198596962,164.09262978874088,164.0926275333747,164.0925859714415,164.09253186986933,164.09247105651767,164.09240546647473,164.09233586064144,164.09226253934727,164.09218558664105
TCGA-FS-A1Z4-06,TCGA-FS-A1Z4,0,0,0,178.00223297141355,194.4289384037108,193.99706315651122,186.8515237214651,180.8180004683235,177.15699814891767,175.4633472661163,175.18029930861132,175.71777076974814,176.60979969202367
TCGA-FS-A1Z7-06,TCGA-FS-A1Z7,1,0,1,186.2669963480895,180.6761264086699,157.91088518602308,140.32620412146417,127.55027635229835,118.64167406885107,112.93662502013586,109.3894720615721,106.67246136043039,104.27872455118246
TCGA-FS-A1ZA-06,TCGA-FS-A1ZA,0,0,0,243.72133749640983,242.96382306942527,242.84878583161336,241.32655339428388,240.61626375689173,240.812414895723,241.54267308018316,242.42690050516424,243.20957206722073,243.7719146176946
TCGA-FS-A1ZB-06,TCGA-FS-A1ZB,0,1,1,279.82618517729384,344.39823457903543,344.13778743371796,338.23828799976445,330.20075696851984,321.4092379612352,308.79619301247016,296.687907918208,289.2290254139494,285.3738083064233
TCGA-FS-A1ZC-06,TCGA-FS-A1ZC,1,0,1,180.87204566543457,136.90844744937488,124.54898704438529,130.63597777641698,134.68682065326334,134.46173224247792,130.65034716614315,124.32190243945897,116.46487026213453,108.8612758587308
TCGA-FS-A1ZD-06,TCGA-FS-A1ZD,1,0,1,211.96125417224277,156.79815628221485,136.87842214428744,125.49279988103619,118.26840231202499,113.28074669299005,109.39782156537443,106.03570541183039,102.98002788942331,100.23420990089447
TCGA-FS-A1ZE-06,TCGA-FS-A1ZE,0,1,1,317.5963446451748,473.6116495338222,472.55042706936945,454.66805449735233,435.35915646605775,417.51639086549557,401.4107610523804,386.8114067609074,373.4859487319354,361.2729392986538
TCGA-FS-A1ZF-06,TCGA-FS-A1ZF,1,0,1,157.37361594621345,117.68407677494096,110.91502831266637,107.27739250690473,104.91130892007617,102.58777389217866,99.92740505683295,97.00646573648184,93.90438002225646,90.67937272037113
TCGA-FS-A1ZG-06,TCGA-FS-A1ZG,0,0,0,234.83284087444466,264.0008482746514,263.8566399557444,261.3683743128863,258.5056285029404,255.64321344055546,252.85675267878548,250.15843588823608,247.54947565836068,245.03008505313116
TCGA-FS-A1ZH-06,TCGA-FS-A1ZH,1,0,1,239.7038834896566,188.98890901798498,194.50348346071877,196.10650142645227,195.01567550700995,191.9221945109425,187.40511308564493,181.9114787195367,175.78843273154192,169.2829785799825
TCGA-FS-A1ZJ-06,TCGA-FS-A1ZJ,0,0,0,133.99419445628047,158.7183257528135,158.49029969100593,154.70711302597846,150.87894571735524,147.77947820972273,145.4013765590361,143.44730579975268,141.6969615607313,140.07865244818962
TCGA-FS-A1ZK-06,TCGA-FS-A1ZK,0,0,0,218.7905361287576,270.60201820045876,270.3500845526217,265.91673771443266,260.66467832202324,255.33662568360398,250.15493801630652,245.19450025242452,240.47941631100537,236.01385081159955
TCGA-FS-A1ZM-06,TCGA-FS-A1ZM,1,0,1,221.3594721723706,185.2145850757617,164.1868837072434,148.69923224060392,136.8620271881324,127.70562913351678,120.3971998960134,114.34255788556794,109.09336183723681,104.28094091950257
TCGA-FS-A1ZN-01,TCGA-FS-A1ZN,1,0,1,166.583931750215,122.29224674397952,113.83150187508096,109.16098355507722,105.30099795102007,100.75742414031436,94.20707675441105,82.37621113718376,65.34601615120715,53.69970637999387
TCGA-FS-A1ZP-06,TCGA-FS-A1ZP,0,1,1,375.49209280576923,375.506710771341,375.5066843178596,375.5061881813778,375.5055168084944,375.5047254431847,375.5038250849329,375.5028119734707,375.50167470523377,375.5003960694645
TCGA-FS-A1ZQ-06,TCGA-FS-A1ZQ,0,1,1,434.21461604472586,434.22121463171237,434.2212068774403,434.22105941908563,434.22085357721767,434.2206012154831,434.22030058309264,434.21994401079843,434.2195190149528,434.2190074645532
TCGA-FS-A1ZR-06,TCGA-FS-A1ZR,1,0,1,213.0909419652378,148.3860666441216,131.42642825932336,121.887295320253,115.65425671052675,111.02224298228441,107.13594773764518,103.65208181753125,100.54486088183681,97.9275124607685
TCGA-FS-A1ZS-06,TCGA-FS-A1ZS,1,0,1,228.10433908847935,179.2531760322822,177.4172773902215,179.5839304738769,182.6079613267958,186.7496958538652,191.09008108719922,194.48502948895387,196.34952723668385,196.47613874028895
TCGA-FS-A1ZT-06,TCGA-FS-A1ZT,0,1,1,283.7368648819107,283.73968057092515,283.7396739658181,283.7395514155416,283.73938949384865,283.7392041710396,283.73900025230176,283.7387791249394,283.73854076327405,283.7382843966853
TCGA-FS-A1ZU-06,TCGA-FS-A1ZU,0,0,0,216.11878242628802,222.40654255425835,222.3238305766448,221.04658969708143,219.9149983383942,219.09499116244726,218.52237444258841,218.10641681480033,217.77556588709464,217.47972480996265
TCGA-FS-A1ZW-06,TCGA-FS-A1ZW,0,1,1,253.7870188050386,253.78764941918206,253.78764769184767,253.78761589023904,253.78757457799432,253.78752825350654,253.7874784232377,253.78742569154016,253.78737030997686,253.78731236564542
TCGA-FS-A1ZY-06,TCGA-FS-A1ZY,0,1,1,248.19939275703294,309.30999011359694,309.05303277099995,303.95234646957755,297.01200399304633,288.0215365514407,277.9487939280692,270.3527427788566,265.7642021110823,262.6317234233966
TCGA-FS-A1ZZ-06,TCGA-FS-A1ZZ,0,0,0,210.90944398243096,298.34691843371735,298.1070743896554,290.3092271624036,276.8405889850102,274.05552876421154,274.90478157563064,262.787852409834,245.16525759810372,231.26510341932527
TCGA-FS-A4F0-06,TCGA-FS-A4F0,0,0,0,236.48755530710739,244.10804994382528,244.10788806060384,244.1044975453318,244.09867259569265,244.08954899093712,244.07538349880323,244.05297932041526,244.01600424221553,243.95049970707325
TCGA-FS-A4F2-06,TCGA-FS-A4F2,0,0,0,230.51375543661067,326.8847362687335,325.7185412379105,311.0513680754304,308.98223229487195,317.4739805467305,324.973413514903,322.01728592220735,307.63418333196455,290.0910396094018
TCGA-FS-A4F4-06,TCGA-FS-A4F4,0,0,0,51.11840305732215,81.06901716628596,81.02398366982912,80.3888269957752,79.89795963722233,79.3788202031446,78.43491868379327,76.72935131885185,74.12464938535938,70.69809422491701
TCGA-FS-A4F5-06,TCGA-FS-A4F5,0,1,1,284.0211773398836,351.87919767231716,351.860898246734,351.35036750052853,349.69604413717644,344.93267893227306,337.2516032656182,329.5182440739055,318.39841035121844,305.3185041485881
TCGA-FS-A4F8-06,TCGA-FS-A4F8,1,0,1,206.07638628163622,155.95783182563522,132.48394256336798,107.27653338230044,94.33190018023748,79.7712830549714,62.16272778463458,49.88748497285469,45.281379240444075,48.435350880663684
TCGA-FS-A4F9-06,TCGA-FS-A4F9,0,1,1,318.75697480258384,318.9559582019824,318.955874210511,318.9542368185382,318.9518189742128,318.948632172191,318.94449332947966,318.9390635774435,318.9317915665486,318.9217830359936
TCGA-FS-A4FB-06,TCGA-FS-A4FB,1,0,1,143.649844678019,119.52404452676144,111.94720736370165,105.70939483809786,98.06243400731022,84.17540978899768,63.88527394143402,52.70017570468649,51.18197784903935,51.482754084617575
TCGA-FS-A4FC-06,TCGA-FS-A4FC,0,1,1,282.18684638123636,351.1513288764397,351.1354806580763,350.69383422648866,349.2499067885768,344.81843561494696,336.9800411710276,329.36931114627606,318.93715701779723,305.5789159316607
TCGA-FS-A4FD-06,TCGA-FS-A4FD,0,1,1,179.43503402517695,255.0197266191736,254.7164657616293,249.12680906651087,242.36814204103467,235.69926482555056,228.7758947228636,221.18643055168096,213.25788345617946,205.52152620102513
TCGA-FW-A3I3-06,TCGA-FW-A3I3,0,0,0,175.91336115352468,227.27625028795867,227.26192666790195,226.84169328843745,225.2216455866301,219.16760239125028,211.31006529694977,209.00475209689878,201.54581654230648,191.15724868033976
TCGA-FW-A3R5-06,TCGA-FW-A3R5,0,0,0,214.81993338221986,216.74503854573268,216.50948014631308,212.8769888885703,209.90941282485758,208.39682649317533,208.18835745149497,208.86260137950404,209.99474259941272,211.24899094229374
TCGA-FW-A3TU-06,TCGA-FW-A3TU,0,0,0,22.254336843720875,36.272560268006565,36.203332772596184,34.98956567218133,33.562393123707984,32.12345320915867,30.72778221986078,29.39123246585474,28.118448659358823,26.910638734530707
TCGA-FW-A3TV-06,TCGA-FW-A3TV,1,0,1,231.75613393808322,228.37193330929654,222.40119670837404,217.88705632026003,212.96505559167986,207.4698737934124,201.5134599136348,195.1477282699795,188.28740405040529,180.56277817179026
TCGA-FW-A5DX-01,TCGA-FW-A5DX,1,0,1,290.46462457712323,229.60006889473246,194.09295628294066,174.36500639054003,175.18805250491917,181.60834524669147,188.28299317808649,193.60916643451142,197.6954666750256,200.8222614303392
TCGA-FW-A5DY-06,TCGA-FW-A5DY,0,0,0,188.0258832515358,219.41893122554532,219.33580013751606,216.96252841325284,207.54382736646116,196.925100280533,190.15899126828705,185.93137600472838,183.64479292556499,182.95861022373808
TCGA-GF-A3OT-06,TCGA-GF-A3OT,0,1,1,239.89410320964183,240.03637095905208,240.03630004404928,240.03492473863884,240.03291809803662,240.0303146186642,240.0269973154743,240.0227414999459,240.0171835289324,240.0097371993205
TCGA-GF-A4EO-06,TCGA-GF-A4EO,1,0,1,177.86371416667993,176.59728981003107,144.1150479268995,126.14167814761939,128.0401070982861,135.99236603031528,140.62500363670603,140.3876245152079,135.20886192002513,126.35697279782762
TCGA-GF-A6C8-06,TCGA-GF-A6C8,1,0,1,135.86847511821688,105.59284070244456,65.03643205406796,55.76246968012362,47.124959756803,27.878444884761702,22.64638233423525,22.51402258054871,21.093578351540312,18.127445467472675
TCGA-GF-A6C9-06,TCGA-GF-A6C9,1,0,1,208.6806134959106,156.60941684907547,129.9296621162883,115.31103431997073,106.58539486719935,100.54199768780217,96.44016264164034,87.08271682709339,71.80380569658394,57.87615853601146
TCGA-GF-A769-01,TCGA-GF-A769,1,0,1,217.0574723070359,204.9309619501259,204.25238315271002,202.73680782663752,199.67087455278764,195.2999175685019,190.00774999273315,184.06321660411427,177.5898645002884,170.6126068146181
TCGA-GN-A262-06,TCGA-GN-A262,1,0,1,121.8430707201452,104.36331027546252,92.41373515370795,83.47219489655397,76.11603001159794,68.79089811811095,62.52627202432397,59.893170627394646,55.74233947172294,45.86615709283858
TCGA-GN-A263-01,TCGA-GN-A263,1,0,1,24.740905128016266,9.902575198888666,6.268786851850532,4.526965559966853,3.4577939275035097,2.714561624081023,2.160293728034468,1.7294599281306084,1.3863968633232902,1.1097009865044725
TCGA-GN-A264-06,TCGA-GN-A264,0,0,0,219.12673422291707,269.693943465826,269.1112932139385,260.0733985498417,252.20917199837305,246.25545130578664,241.271989624017,237.0140489272865,233.34987913652688,230.1464492892676
TCGA-GN-A265-06,TCGA-GN-A265,1,0,1,196.61246295035315,135.41917503926447,116.68210221443591,105.01263779600524,97.99258144723557,85.07291607721555,66.37174383176826,52.76189015257536,47.054255812012705,47.73182559589808
TCGA-GN-A266-06,TCGA-GN-A266,0,0,0,238.25235034922173,247.55368271306529,247.43629010220187,245.6715370472982,244.21449801549295,243.2503180743158,242.6219269835806,242.15360691204197,241.71820529015778,241.2432346442413
TCGA-GN-A267-06,TCGA-GN-A267,0,1,1,179.11369769725417,186.52855089054503,186.52753464313145,186.50723974806456,186.47552401736812,186.43031922219117,186.36527258879352,186.2676943630517,186.1120124479025,185.84506853815
TCGA-GN-A268-06,TCGA-GN-A268,0,1,1,291.42615066912936,311.4872899945228,311.48666866747925,311.47389536979125,311.45254909315724,311.4192100448587,311.36517478288414,311.2701002543939,311.0795763712191,310.6251801181453
TCGA-GN-A26A-06,TCGA-GN-A26A,1,0,1,220.36699529664952,185.76654319239879,185.777420766598,179.1985249185156,169.28545923184743,158.15861955879427,147.33157723955247,137.77876314694495,129.7805053426368,123.17198922240622
TCGA-GN-A26C-01,TCGA-GN-A26C,0,0,0,243.79191013880205,260.02961874350905,259.96059016831504,258.7329445229402,257.25295824544554,255.72528757095864,254.21233120326585,252.73290538116598,251.2900775459878,249.88003735189184
TCGA-GN-A26D-06,TCGA-GN-A26D,0,0,0,259.9610415355487,388.7204609235275,389.0623964580105,392.5043700934621,388.74163775551807,375.90521762184596,358.4048966323078,340.84186089452766,324.39345638746204,309.4357864289038
TCGA-GN-A4U3-06,TCGA-GN-A4U3,0,1,1,294.36888501177526,294.3714017577083,294.37139645784845,294.3712976510252,294.371165708981,294.37101272569487,294.3708419168124,294.3706537078733,294.3704472803258,294.3702210595605
TCGA-GN-A4U4-06,TCGA-GN-A4U4,0,1,1,229.9181616064605,229.92072880127128,229.92072272706747,229.9206100697333,229.92046134397165,229.9202912997611,229.92010441121545,229.9199020122273,229.9196841457759,229.91945018171623
TCGA-GN-A4U5-01,TCGA-GN-A4U5,1,0,1,212.07825947512097,208.6601617936541,206.50607319441792,203.88370761546517,199.88089054116955,194.7212887115525,188.76856016802506,182.2561164547919,175.27150069416683,167.8345824652649
TCGA-GN-A4U7-06,TCGA-GN-A4U7,1,0,1,64.14110818722095,24.76354703149903,13.886952923715894,10.600565674254375,8.706467261123533,7.358403072168975,6.31547826956403,5.471087505231751,4.7672364572449295,4.168348998864195
TCGA-GN-A4U8-06,TCGA-GN-A4U8,1,0,1,123.80816185358894,94.33531203597478,68.46348243317647,61.222191913072244,45.05284303701569,27.256491996593674,22.14362849348582,22.0165134724473,20.660200168293873,17.719274155067332
TCGA-GN-A4U9-06,TCGA-GN-A4U9,0,1,1,122.18368152959738,122.18406159410097,122.18406045884323,122.18403965834572,122.18401291886468,122.18398330724493,122.18395188515136,122.18391910914012,122.18388520100162,122.18385027542507
TCGA-GN-A8LK-06,TCGA-GN-A8LK,0,0,0,17.27111560681312,28.773128450754015,28.715917505919993,27.706822635240457,26.509761326044337,25.299611881700066,24.130879719490423,23.021632876974113,21.976589651166467,20.995067790466948
TCGA-GN-A8LL-06,TCGA-GN-A8LL,0,0,0,0.2004492757269209,0.34849066902990555,0.34788860851311626,0.3370667349745146,0.3237202808270216,0.30964703924771614,0.2954821192067142,0.28150236484747015,0.2678440950954947,0.2545792348064796
TCGA-GN-A9SD-06,TCGA-GN-A9SD,1,0,1,157.1474883310536,122.23480482743845,112.33116984630162,105.99943083964729,100.3982983048123,88.6190108930328,68.45878011999574,54.155158497128504,48.95592013432087,49.477954869167185
TCGA-HR-A2OH-06,TCGA-HR-A2OH,1,0,1,208.68474851275585,160.80844859632037,136.82508107544743,121.62126567890887,112.51031656835286,106.9087016901916,102.72809952309424,99.38440632093779,96.44877884397712,90.14116092840756
TCGA-IH-A3EA-01,TCGA-IH-A3EA,1,0,1,22.35548548849538,8.706606411465682,5.384803011766969,3.805540546001304,2.845643509571993,2.186284479726278,1.7016362942585566,1.331455353200925,1.0427662098412245,0.8155069611802336
TCGA-LH-A9QB-06,TCGA-LH-A9QB,1,0,1,244.6713354570356,222.50606738749323,204.24956011228255,179.07262496968517,128.27293586462875,95.75021803937054,86.64012279972295,74.21326839559799,60.418041376879735,49.11668214755615
TCGA-OD-A75X-06,TCGA-OD-A75X,1,0,1,247.4616679696545,181.01038895574402,188.45030950886238,192.69862709345705,194.3287559411996,194.07243785755622,192.41468808604085,189.68759388576444,186.13207618717345,181.9151536904684
TCGA-QB-A6FS-06,TCGA-QB-A6FS,1,0,1,120.7559401548059,68.12655015234654,37.97246381705227,26.12895829596139,24.46617200446782,19.173657989240503,14.717267813168178,11.894233126291882,10.103900428852718,8.879274246839291
TCGA-QB-AA9O-06,TCGA-QB-AA9O,0,1,1,105.91113339439781,155.56851464036743,155.35391375034635,151.47729933645394,146.65406903224147,141.54436566409203,136.43085952254526,131.48194068973126,126.79708909619842,122.41599337851598
TCGA-W3-A824-06,TCGA-W3-A824,0,1,1,121.80769629993634,175.55488506375048,175.26703414321548,170.1022451905624,163.84647604474864,157.5461663187218,151.6393031147124,146.2872911711131,141.499110294859,137.2105114528096
TCGA-W3-A825-06,TCGA-W3-A825,0,1,1,156.71120372857575,201.03270049000093,201.0054587816428,200.37496442813074,199.0631524281932,196.72463106446253,193.22738445750082,188.8482965933639,184.04113637855582,179.0685878677101
TCGA-W3-A828-06,TCGA-W3-A828,0,0,0,124.36949202968908,139.6321076185629,139.56894913943756,138.44624814365213,137.08730646964267,135.67391150705143,134.26176641949968,132.86973687457422,131.50389288384923,130.16437208633607
TCGA-W3-AA1O-06,TCGA-W3-AA1O,0,0,0,223.46574343950905,223.6592628403495,223.65922439705867,223.65844984535445,223.65721580562916,223.65542302906334,223.65283278459643,223.6490683745651,223.6435628240526,223.6354217783199
TCGA-W3-AA1Q-06,TCGA-W3-AA1Q,1,0,1,228.33362435335155,214.39302082081159,213.2924878628497,214.6021175343505,215.35724282331958,215.20171819393923,214.25026916097065,212.6530781962924,210.54261051190613,208.01286528900198
TCGA-W3-AA1R-06,TCGA-W3-AA1R,1,0,1,255.86378979074422,203.5494017730451,206.08176349985348,208.50742109978674,209.50380405176082,209.15600109409183,207.73201368140056,205.45920651070264,202.51602132288554,199.03588354201128
TCGA-W3-AA1V-06,TCGA-W3-AA1V,0,0,0,206.62050796034302,252.1930388868763,252.08983635232275,250.19040798614841,247.7304307602766,244.94789112619853,241.88678007292052,238.53228471516363,234.84762284035045,230.7841433922315
TCGA-W3-AA1W-06,TCGA-W3-AA1W,1,0,1,143.13451550571529,113.68109225449929,107.84323408272805,102.70448574528622,97.42237577453484,92.13465815006835,86.65945139510579,80.41869217245915,72.78454487593523,63.89261524550164
TCGA-W3-AA21-06,TCGA-W3-AA21,1,0,1,130.89414666624714,99.39528110429443,62.04023775304604,57.936514690704364,36.15308977408777,23.791504070898,22.601234101929258,21.821719860867912,18.96072114597842,15.607528599766429
TCGA-WE-A8JZ-06,TCGA-WE-A8JZ,0,1,1,415.5834522226655,415.6893903421478,415.68931622088627,415.6878863397702,415.6858244691165,415.6831884159938,415.67988649347535,415.67573266208916,415.67043160331866,415.66353178657465
TCGA-WE-A8K1-06,TCGA-WE-A8K1,0,1,1,222.829557400549,232.73124554070893,232.72990784918272,232.70313898072774,232.66113616912125,232.60102749403777,232.51430749206148,232.38425339047927,232.17751966797456,231.82379467913944
TCGA-WE-A8K5-06,TCGA-WE-A8K5,1,0,1,162.5197467066616,122.01718953168674,114.53986778726286,110.23826288189314,107.380668394475,105.25382008082364,103.04976716201583,100.50762131839063,97.66513422398151,94.54589127289896
TCGA-WE-A8K6-06,TCGA-WE-A8K6,1,0,1,124.2148230173446,67.36634275800945,43.671112747540974,25.71239265917757,24.835439835374377,20.932126124706947,16.189634979306703,12.809520054260132,10.634130268859677,9.194936406955845
TCGA-WE-A8ZM-06,TCGA-WE-A8ZM,0,0,0,68.00396049097391,87.59214475602371,87.44333804055881,84.96957366094836,82.4987960398459,80.6401960383009,79.50184765199013,78.91990872126463,78.56777854866324,78.0623399543074
TCGA-WE-A8ZN-06,TCGA-WE-A8ZN,0,1,1,2.944174480809412,3.47713476306937,3.475159114754005,3.4394605360671027,3.394920004032751,3.347285085390141,3.2985756538540327,3.2496705387025453,3.2010050510306893,3.1528112382456754
TCGA-WE-A8ZO-06,TCGA-WE-A8ZO,0,1,1,323.91305484108165,323.91614800282514,323.91614165998436,323.9160232789743,323.91586481417085,323.91568052606976,323.91547406195326,323.9152457023676,323.9149941925332,323.9147173055682
TCGA-WE-A8ZQ-06,TCGA-WE-A8ZQ,1,0,1,173.3624441316849,137.3472462874558,126.99613704575526,108.39692976657199,104.60894820041118,102.34650649265397,100.52434082646744,99.01935262160558,97.21501511871189,94.9239953162883
TCGA-WE-A8ZT-06,TCGA-WE-A8ZT,1,0,1,174.04261777908826,144.56545304356752,123.50072792755718,117.35452622613127,113.66982632013918,110.69599532281394,108.23791943582073,106.2724563248816,104.66844537232008,103.0730484211315
TCGA-WE-A8ZX-06,TCGA-WE-A8ZX,1,0,1,193.00716435390143,134.07259184084904,140.82011322480997,142.52988832499076,138.60924647527474,130.8651960241602,119.77092378632278,109.90574653464299,106.66666245073236,105.11534080505
TCGA-WE-A8ZY-06,TCGA-WE-A8ZY,0,1,1,393.4840337578644,393.48497499868665,393.4849729593379,393.4849349877222,393.48488442467186,393.4848259990707,393.4847610160738,393.48468971303663,393.4846118611488,393.4845269584841
TCGA-WE-AA9Y-06,TCGA-WE-AA9Y,0,0,0,139.93901519704224,178.97668519349864,178.71099758300417,174.09440158460123,168.85664907949817,163.89318091222424,159.4496774286696,155.56077057515603,152.18507562991803,149.25790927542064
TCGA-WE-AAA0-06,TCGA-WE-AAA0,1,0,1,79.97013613090866,31.455245915126945,23.383777572057575,14.814424460980748,11.329846964585693,9.488889274363608,8.224770086673356,7.231546920488362,6.402682229711939,5.691303874255832
TCGA-WE-AAA3-06,TCGA-WE-AAA3,0,1,1,308.4482781422655,341.2156401079961,341.0621042396167,338.5706799536127,335.916496572912,333.2643498090488,330.5303258940563,327.6746074930667,324.71397826420326,321.6924693719723
TCGA-WE-AAA4-06,TCGA-WE-AAA4,1,0,1,55.23670219285419,21.528674872318533,13.042989963600562,10.075157090670244,8.253495281049576,6.947346801906154,5.938764041176139,5.1244742635146645,4.447249235976273,3.8720281345080947
TCGA-XV-AB01-06,TCGA-XV-AB01,0,0,0,3.0761058802844925,5.028978266409506,5.020152685639761,4.863134406560921,4.673536867411645,4.478101285799107,4.2856531096467325,4.099532328248745,3.920995144185856,3.7504015753496636
TCGA-YD-A89C-06,TCGA-YD-A89C,0,1,1,156.99142552434884,156.99948800741743,156.9994695591858,156.99912684489834,156.99867279126696,156.99815141253936,156.99757564695085,156.99694888452362,156.99627052123523,156.99553779770483
TCGA-YD-A9TA-06,TCGA-YD-A9TA,0,0,0,134.00596445186875,170.73627084062196,170.6725617199255,168.58679808212028,163.02679905239805,158.9843694607849,154.68711061645016,147.84414617300746,142.49742864915493,139.18833376216924
TCGA-YG-AA3O-06,TCGA-YG-AA3O,1,0,1,283.7191061458685,241.44568330671945,179.95064217495502,173.5628017198013,180.09735581054466,188.12473365041606,194.07161426529393,198.2776647734637,201.21466585932805,203.16170183019048
TCGA-YG-AA3P-06,TCGA-YG-AA3P,0,0,0,148.65473463454208,175.29925636613245,175.29870489273398,175.28650479830878,175.26248042752522,175.21557269168713,175.1119125036306,174.83051766007506,173.88846554066885,170.31041852062
TCGA-Z2-A8RT-06,TCGA-Z2-A8RT,1,0,1,242.72130104364638,198.28610875302687,200.00083220829424,199.5667489047701,197.05986773656142,192.9276039022352,187.66714750913982,181.66263401785866,175.1703378066281,168.3178706606247
TCGA-Z2-AA3S-06,TCGA-Z2-AA3S,0,0,0,206.75086667759803,301.9976908748285,301.9031176800053,297.7991452954898,280.65535209073255,266.12287178205025,267.25960886375094,273.1277072975463,270.305911117155,256.45256260319655
TCGA-Z2-AA3V-06,TCGA-Z2-AA3V,1,0,1,32.44937005762738,13.182389173521182,8.618049080729309,6.414043394364221,5.048048070838195,4.086936018603801,3.3591402974665527,2.782420795782032,2.312069350041456,1.9214863415982757
