PATIENT_ID,SAMPLE_ID,COHORT,TMB_NONSYNONYMOUS,mut_BRAF,mut_NRAS,mut_NF1,SNV_NEOANTIGEN,INDEL_NEOANTIGEN,FUSION_NEOANTIGEN,SPLICE_NEOANTIGEN,CTA_SELF_NEOANTIGEN,mut_BRAF,mut_NRAS,mut_NF1
LIU_PATIENT1,LIU_SAMPLE1,Liu 2019,3.133333333,0,0,0,52.0,2.0,4.0,51.0,2.0,0,0,0
LIU_PATIENT10,LIU_SAMPLE10,Liu 2019,3.733333333,1,0,0,63.0,1.0,1.0,43.0,6.0,1,0,0
LIU_PATIENT100,LIU_SAMPLE100,Liu 2019,4.466666667,0,1,0,39.0,1.0,1.0,85.0,5.0,0,1,0
LIU_PATIENT102,LIU_SAMPLE102,Liu 2019,8.7,1,0,0,68.0,1.0,0.0,43.0,18.0,1,0,0
LIU_PATIENT105,LIU_SAMPLE105,Liu 2019,5.166666667,1,0,1,16.0,0.0,0.0,81.0,3.0,1,0,1
LIU_PATIENT106,LIU_SAMPLE106,Liu 2019,8.3,1,1,0,64.0,3.0,3.0,32.0,10.0,1,1,0
LIU_PATIENT107,LIU_SAMPLE107,Liu 2019,5.7,1,0,0,2.0,0.0,0.0,2.0,0.0,1,0,0
LIU_PATIENT108,LIU_SAMPLE108,Liu 2019,7.733333333,0,0,0,4.0,0.0,0.0,45.0,2.0,0,0,0
LIU_PATIENT11,LIU_SAMPLE11,Liu 2019,7.533333333,1,0,0,89.0,7.0,7.0,28.0,11.0,1,0,0
LIU_PATIENT112,LIU_SAMPLE112,Liu 2019,8.366666667,0,0,0,46.0,3.0,0.0,14.0,1.0,0,0,0
LIU_PATIENT116,LIU_SAMPLE116,Liu 2019,8.066666667,0,1,0,58.0,0.0,4.0,47.0,16.0,0,1,0
LIU_PATIENT117,LIU_SAMPLE117,Liu 2019,3.7,0,0,0,24.0,4.0,8.0,41.0,6.0,0,0,0
LIU_PATIENT121,LIU_SAMPLE121,Liu 2019,28.5,0,0,1,261.0,9.0,0.0,48.0,4.0,0,0,1
LIU_PATIENT125,LIU_SAMPLE125,Liu 2019,6.333333333,1,0,0,21.0,5.0,1.0,43.0,4.0,1,0,0
LIU_PATIENT126,LIU_SAMPLE126,Liu 2019,22.23333333,1,0,1,205.0,4.0,4.0,49.0,10.0,1,0,1
LIU_PATIENT127,LIU_SAMPLE127,Liu 2019,17.86666667,1,0,0,92.0,10.0,2.0,21.0,17.0,1,0,0
LIU_PATIENT13,LIU_SAMPLE13,Liu 2019,22.5,0,1,0,198.0,5.0,5.0,44.0,8.0,0,1,0
LIU_PATIENT130,LIU_SAMPLE130,Liu 2019,10.96666667,0,1,0,58.0,0.0,3.0,15.0,3.0,0,1,0
LIU_PATIENT131,LIU_SAMPLE131,Liu 2019,11.8,0,1,0,32.0,3.0,0.0,48.0,2.0,0,1,0
LIU_PATIENT132,LIU_SAMPLE132,Liu 2019,22.43333333,1,0,1,116.0,3.0,1.0,20.0,15.0,1,0,1
LIU_PATIENT133,LIU_SAMPLE133,Liu 2019,11.76666667,1,0,0,84.0,4.0,1.0,88.0,3.0,1,0,0
LIU_PATIENT134,LIU_SAMPLE134,Liu 2019,12.5,1,0,0,92.0,2.0,0.0,50.0,7.0,1,0,0
LIU_PATIENT135,LIU_SAMPLE135,Liu 2019,14.0,0,0,0,105.0,0.0,0.0,48.0,24.0,0,0,0
LIU_PATIENT137,LIU_SAMPLE137,Liu 2019,29.26666667,0,0,0,112.0,0.0,0.0,48.0,1.0,0,0,0
LIU_PATIENT14,LIU_SAMPLE14,Liu 2019,2.633333333,1,0,0,30.0,0.0,3.0,50.0,9.0,1,0,0
LIU_PATIENT140,LIU_SAMPLE140,Liu 2019,71.5,0,0,1,577.0,7.0,3.0,55.0,5.0,0,0,1
LIU_PATIENT141,LIU_SAMPLE141,Liu 2019,2.633333333,1,0,0,23.0,0.0,0.0,40.0,1.0,1,0,0
LIU_PATIENT142,LIU_SAMPLE142,Liu 2019,2.366666667,1,0,0,19.0,0.0,1.0,76.0,4.0,1,0,0
LIU_PATIENT143,LIU_SAMPLE143,Liu 2019,13.06666667,1,0,0,68.0,2.0,0.0,44.0,4.0,1,0,0
LIU_PATIENT144,LIU_SAMPLE144,Liu 2019,30.0,1,0,1,62.0,3.0,0.0,63.0,6.0,1,0,1
LIU_PATIENT145,LIU_SAMPLE145,Liu 2019,10.66666667,0,1,0,58.0,1.0,0.0,34.0,5.0,0,1,0
LIU_PATIENT146,LIU_SAMPLE146,Liu 2019,13.86666667,0,1,0,119.0,5.0,1.0,32.0,12.0,0,1,0
LIU_PATIENT147,LIU_SAMPLE147,Liu 2019,18.6,0,1,0,137.0,1.0,0.0,14.0,5.0,0,1,0
LIU_PATIENT148,LIU_SAMPLE148,Liu 2019,11.36666667,0,0,0,62.0,1.0,3.0,53.0,6.0,0,0,0
LIU_PATIENT149,LIU_SAMPLE149,Liu 2019,8.033333333,0,1,0,52.0,1.0,0.0,66.0,5.0,0,1,0
LIU_PATIENT15,LIU_SAMPLE15,Liu 2019,9.066666667,0,1,0,56.0,0.0,3.0,46.0,6.0,0,1,0
LIU_PATIENT150,LIU_SAMPLE150,Liu 2019,1.666666667,1,0,0,13.0,3.0,5.0,32.0,10.0,1,0,0
LIU_PATIENT154,LIU_SAMPLE154,Liu 2019,1.0,0,0,0,17.0,0.0,0.0,21.0,9.0,0,0,0
LIU_PATIENT155,LIU_SAMPLE155,Liu 2019,9.233333333,1,0,0,60.0,2.0,0.0,9.0,9.0,1,0,0
LIU_PATIENT156,LIU_SAMPLE156,Liu 2019,7.0,1,0,0,72.0,0.0,3.0,69.0,15.0,1,0,0
LIU_PATIENT158,LIU_SAMPLE158,Liu 2019,75.3,1,0,0,680.0,39.0,2.0,33.0,9.0,1,0,0
LIU_PATIENT159,LIU_SAMPLE159,Liu 2019,2.2,0,0,0,24.0,2.0,12.0,89.0,14.0,0,0,0
LIU_PATIENT162,LIU_SAMPLE162,Liu 2019,56.63333333,1,0,1,299.0,3.0,4.0,18.0,6.0,1,0,1
LIU_PATIENT163,LIU_SAMPLE163,Liu 2019,7.733333333,1,0,0,57.0,3.0,1.0,52.0,6.0,1,0,0
LIU_PATIENT165,LIU_SAMPLE165,Liu 2019,24.06666667,0,0,0,226.0,4.0,1.0,109.0,12.0,0,0,0
LIU_PATIENT166,LIU_SAMPLE166,Liu 2019,0.366666667,0,0,0,7.0,0.0,8.0,23.0,9.0,0,0,0
LIU_PATIENT167,LIU_SAMPLE167,Liu 2019,0.966666667,0,0,0,5.0,1.0,6.0,29.0,8.0,0,0,0
LIU_PATIENT168,LIU_SAMPLE168,Liu 2019,0.8,0,0,0,11.0,0.0,2.0,53.0,21.0,0,0,0
LIU_PATIENT169,LIU_SAMPLE169,Liu 2019,48.6,0,1,0,336.0,5.0,2.0,21.0,14.0,0,1,0
LIU_PATIENT17,LIU_SAMPLE17,Liu 2019,15.36666667,1,0,0,97.0,7.0,6.0,51.0,5.0,1,0,0
LIU_PATIENT170,LIU_SAMPLE170,Liu 2019,2.5,0,0,0,22.0,1.0,10.0,3.0,14.0,0,0,0
LIU_PATIENT172,LIU_SAMPLE172,Liu 2019,23.73333333,0,1,0,126.0,5.0,0.0,32.0,7.0,0,1,0
LIU_PATIENT173,LIU_SAMPLE173,Liu 2019,5.8,1,0,0,65.0,2.0,13.0,54.0,14.0,1,0,0
LIU_PATIENT179,LIU_SAMPLE179,Liu 2019,16.3,0,1,0,52.0,0.0,1.0,16.0,2.0,0,1,0
LIU_PATIENT18,LIU_SAMPLE18,Liu 2019,13.93333333,0,0,0,116.0,0.0,4.0,45.0,11.0,0,0,0
LIU_PATIENT181,LIU_SAMPLE181,Liu 2019,10.7,0,1,0,69.0,3.0,1.0,79.0,10.0,0,1,0
LIU_PATIENT183,LIU_SAMPLE183,Liu 2019,12.06666667,0,1,0,19.0,1.0,0.0,41.0,3.0,0,1,0
LIU_PATIENT184,LIU_SAMPLE184,Liu 2019,71.66666667,1,0,0,61.0,1.0,0.0,9.0,1.0,1,0,0
LIU_PATIENT185,LIU_SAMPLE185,Liu 2019,6.133333333,1,0,0,17.0,1.0,0.0,42.0,2.0,1,0,0
LIU_PATIENT187,LIU_SAMPLE187,Liu 2019,4.9,1,0,0,37.0,1.0,0.0,42.0,18.0,1,0,0
LIU_PATIENT188,LIU_SAMPLE188,Liu 2019,1.266666667,0,1,0,13.0,0.0,2.0,19.0,25.0,0,1,0
LIU_PATIENT189,LIU_SAMPLE189,Liu 2019,1.666666667,0,0,0,12.0,0.0,1.0,121.0,5.0,0,0,0
LIU_PATIENT191,LIU_SAMPLE191,Liu 2019,143.1,0,1,0,966.0,2.0,2.0,34.0,8.0,0,1,0
LIU_PATIENT192,LIU_SAMPLE192,Liu 2019,17.3,1,0,0,115.0,4.0,3.0,65.0,6.0,1,0,0
LIU_PATIENT193,LIU_SAMPLE193,Liu 2019,21.76666667,0,1,0,138.0,2.0,1.0,26.0,11.0,0,1,0
LIU_PATIENT195,LIU_SAMPLE195,Liu 2019,66.03333333,0,0,1,436.0,5.0,3.0,43.0,7.0,0,0,1
LIU_PATIENT196,LIU_SAMPLE196,Liu 2019,58.4,1,0,1,388.0,4.0,4.0,50.0,5.0,1,0,1
LIU_PATIENT197,LIU_SAMPLE197,Liu 2019,2.5,0,1,0,14.0,1.0,4.0,40.0,10.0,0,1,0
LIU_PATIENT20,LIU_SAMPLE20,Liu 2019,16.33333333,1,0,0,98.0,1.0,2.0,32.0,6.0,1,0,0
LIU_PATIENT200,LIU_SAMPLE200,Liu 2019,25.76666667,1,1,1,257.0,1.0,0.0,46.0,6.0,1,1,1
LIU_PATIENT201,LIU_SAMPLE201,Liu 2019,2.833333333,1,0,0,6.0,2.0,2.0,2.0,1.0,1,0,0
LIU_PATIENT203,LIU_SAMPLE203,Liu 2019,3.1,1,0,0,44.0,0.0,29.0,32.0,8.0,1,0,0
LIU_PATIENT204,LIU_SAMPLE204,Liu 2019,69.26666667,1,0,1,381.0,2.0,3.0,3.0,10.0,1,0,1
LIU_PATIENT205,LIU_SAMPLE205,Liu 2019,20.5,1,0,1,100.0,2.0,2.0,33.0,15.0,1,0,1
LIU_PATIENT206,LIU_SAMPLE206,Liu 2019,185.4,0,0,1,1259.0,0.0,4.0,32.0,7.0,0,0,1
LIU_PATIENT21,LIU_SAMPLE21,Liu 2019,9.966666667,0,1,0,36.0,14.0,2.0,4.0,8.0,0,1,0
LIU_PATIENT22,LIU_SAMPLE22,Liu 2019,3.166666667,0,0,0,27.0,3.0,7.0,18.0,7.0,0,0,0
LIU_PATIENT23,LIU_SAMPLE23,Liu 2019,7.1,0,1,0,37.0,8.0,5.0,41.0,9.0,0,1,0
LIU_PATIENT24,LIU_SAMPLE24,Liu 2019,10.93333333,0,0,0,45.0,3.0,3.0,16.0,12.0,0,0,0
LIU_PATIENT25,LIU_SAMPLE25,Liu 2019,12.56666667,0,0,0,75.0,2.0,2.0,62.0,6.0,0,0,0
LIU_PATIENT27,LIU_SAMPLE27,Liu 2019,7.966666667,0,1,0,58.0,1.0,0.0,156.0,8.0,0,1,0
LIU_PATIENT30,LIU_SAMPLE30,Liu 2019,22.73333333,1,0,0,78.0,1.0,2.0,50.0,7.0,1,0,0
LIU_PATIENT31,LIU_SAMPLE31,Liu 2019,6.5,0,1,0,106.0,5.0,1.0,23.0,8.0,0,1,0
LIU_PATIENT32,LIU_SAMPLE32,Liu 2019,11.2,1,1,0,44.0,2.0,0.0,108.0,5.0,1,1,0
LIU_PATIENT33,LIU_SAMPLE33,Liu 2019,2.966666667,0,0,0,197.0,0.0,1.0,102.0,2.0,0,0,0
LIU_PATIENT34,LIU_SAMPLE34,Liu 2019,1.133333333,0,0,0,23.0,0.0,0.0,415.0,2.0,0,0,0
LIU_PATIENT35,LIU_SAMPLE35,Liu 2019,3.2,0,0,0,12.0,4.0,3.0,20.0,4.0,0,0,0
LIU_PATIENT36,LIU_SAMPLE36,Liu 2019,6.766666667,0,1,0,50.0,1.0,0.0,58.0,3.0,0,1,0
LIU_PATIENT37,LIU_SAMPLE37,Liu 2019,2.866666667,0,0,1,16.0,0.0,1.0,68.0,4.0,0,0,1
LIU_PATIENT38,LIU_SAMPLE38,Liu 2019,2.6,1,0,0,32.0,3.0,6.0,41.0,2.0,1,0,0
LIU_PATIENT4,LIU_SAMPLE4,Liu 2019,15.26666667,1,0,0,111.0,4.0,0.0,88.0,4.0,1,0,0
LIU_PATIENT40,LIU_SAMPLE40,Liu 2019,250.8333333,0,0,1,2330.0,26.0,2.0,51.0,4.0,0,0,1
LIU_PATIENT42,LIU_SAMPLE42,Liu 2019,17.66666667,0,1,0,115.0,1.0,1.0,25.0,12.0,0,1,0
LIU_PATIENT44,LIU_SAMPLE44,Liu 2019,5.366666667,0,0,0,0.0,0.0,0.0,6.0,2.0,0,0,0
LIU_PATIENT45,LIU_SAMPLE45,Liu 2019,10.83333333,0,1,0,46.0,0.0,5.0,41.0,7.0,0,1,0
LIU_PATIENT47,LIU_SAMPLE47,Liu 2019,27.9,0,1,0,244.0,3.0,5.0,23.0,15.0,0,1,0
LIU_PATIENT48,LIU_SAMPLE48,Liu 2019,2.733333333,0,0,0,22.0,4.0,1.0,34.0,4.0,0,0,0
LIU_PATIENT51,LIU_SAMPLE51,Liu 2019,39.36666667,0,1,0,31.0,1.0,0.0,10.0,2.0,0,1,0
LIU_PATIENT56,LIU_SAMPLE56,Liu 2019,1.966666667,0,0,0,47.0,0.0,5.0,55.0,3.0,0,0,0
LIU_PATIENT58,LIU_SAMPLE58,Liu 2019,3.8,0,0,0,10.0,0.0,0.0,20.0,1.0,0,0,0
LIU_PATIENT6,LIU_SAMPLE6,Liu 2019,39.86666667,0,0,0,423.0,7.0,4.0,21.0,3.0,0,0,0
LIU_PATIENT61,LIU_SAMPLE61,Liu 2019,70.96666667,1,0,1,41.0,2.0,0.0,0.0,5.0,1,0,1
LIU_PATIENT62,LIU_SAMPLE62,Liu 2019,211.9333333,0,0,1,2003.0,14.0,5.0,42.0,16.0,0,0,1
LIU_PATIENT63,LIU_SAMPLE63,Liu 2019,10.86666667,0,0,1,84.0,6.0,3.0,62.0,5.0,0,0,1
LIU_PATIENT67,LIU_SAMPLE67,Liu 2019,11.7,0,0,0,33.0,2.0,0.0,59.0,8.0,0,0,0
LIU_PATIENT7,LIU_SAMPLE7,Liu 2019,7.033333333,0,1,0,207.0,4.0,11.0,44.0,5.0,0,1,0
LIU_PATIENT72,LIU_SAMPLE72,Liu 2019,5.333333333,1,0,0,83.0,2.0,2.0,46.0,9.0,1,0,0
LIU_PATIENT73,LIU_SAMPLE73,Liu 2019,3.733333333,0,0,0,35.0,3.0,0.0,38.0,10.0,0,0,0
LIU_PATIENT75,LIU_SAMPLE75,Liu 2019,24.46666667,0,1,1,87.0,1.0,1.0,13.0,8.0,0,1,1
LIU_PATIENT77,LIU_SAMPLE77,Liu 2019,4.1,1,0,0,61.0,3.0,4.0,43.0,10.0,1,0,0
LIU_PATIENT78,LIU_SAMPLE78,Liu 2019,1.333333333,1,0,0,80.0,2.0,6.0,25.0,19.0,1,0,0
LIU_PATIENT79,LIU_SAMPLE79,Liu 2019,6.6,1,0,0,76.0,0.0,3.0,14.0,14.0,1,0,0
LIU_PATIENT8,LIU_SAMPLE8,Liu 2019,11.43333333,0,1,0,211.0,0.0,1.0,42.0,4.0,0,1,0
LIU_PATIENT82,LIU_SAMPLE82,Liu 2019,61.96666667,1,0,1,559.0,4.0,0.0,42.0,16.0,1,0,1
LIU_PATIENT83,LIU_SAMPLE83,Liu 2019,8.033333333,0,1,0,93.0,1.0,1.0,65.0,17.0,0,1,0
LIU_PATIENT86,LIU_SAMPLE86,Liu 2019,9.7,1,0,0,116.0,3.0,1.0,49.0,4.0,1,0,0
LIU_PATIENT87,LIU_SAMPLE87,Liu 2019,4.3,0,0,1,66.0,5.0,39.0,80.0,7.0,0,0,1
LIU_PATIENT9,LIU_SAMPLE9,Liu 2019,24.66666667,0,1,0,197.0,6.0,1.0,39.0,7.0,0,1,0
LIU_PATIENT94,LIU_SAMPLE94,Liu 2019,8.866666667,1,0,0,143.0,0.0,2.0,47.0,22.0,1,0,0
LIU_PATIENT96,LIU_SAMPLE96,Liu 2019,22.36666667,1,0,0,220.0,8.0,2.0,74.0,9.0,1,0,0
LIU_PATIENT98,LIU_SAMPLE98,Liu 2019,10.3,0,1,0,86.0,1.0,3.0,145.0,7.0,0,1,0
LIU_PATIENT99,LIU_SAMPLE99,Liu 2019,29.76666667,1,0,0,267.0,2.0,3.0,25.0,33.0,1,0,0
HUGO_PT1,HUGO_PT1,Hugo 2016,77.86666667,0,1,0,615.0,9.0,6.0,14.0,21.0,0,1,0
HUGO_PT10,HUGO_PT10,Hugo 2016,8.433333333,0,0,0,63.0,2.0,2.0,9.0,17.0,0,0,0
HUGO_PT12,HUGO_PT12,Hugo 2016,2.7,1,0,0,13.0,0.0,2.0,12.0,10.0,1,0,0
HUGO_PT13,HUGO_PT13,Hugo 2016,15.53333333,1,0,0,160.0,3.0,1.0,19.0,18.0,1,0,0
HUGO_PT14,HUGO_PT14,Hugo 2016,50.53333333,1,0,1,402.0,2.0,2.0,12.0,25.0,1,0,1
HUGO_PT15,HUGO_PT15,Hugo 2016,23.86666667,0,1,1,206.0,2.0,4.0,23.0,27.0,0,1,1
HUGO_PT16,HUGO_PT16,Hugo 2016,18.96666667,1,0,0,132.0,1.0,2.0,13.0,15.0,1,0,0
HUGO_PT19,HUGO_PT19,Hugo 2016,21.1,0,1,0,102.0,2.0,0.0,45.0,10.0,0,1,0
HUGO_PT2,HUGO_PT2,Hugo 2016,65.4,0,0,1,468.0,5.0,4.0,7.0,3.0,0,0,1
HUGO_PT20,HUGO_PT20,Hugo 2016,19.6,0,1,0,173.0,2.0,2.0,38.0,16.0,0,1,0
HUGO_PT22,HUGO_PT22,Hugo 2016,6.5,1,0,0,62.0,0.0,3.0,117.0,13.0,1,0,0
HUGO_PT23,HUGO_PT23,Hugo 2016,9.266666667,1,0,0,93.0,1.0,3.0,5.0,8.0,1,0,0
HUGO_PT25,HUGO_PT25,Hugo 2016,4.566666667,0,0,0,31.0,1.0,2.0,8.0,9.0,0,0,0
HUGO_PT27,HUGO_PT27,Hugo 2016,86.53333333,0,1,1,694.0,5.0,1.0,31.0,9.0,0,1,1
HUGO_PT28,HUGO_PT28,Hugo 2016,29.1,0,0,1,356.0,2.0,1.0,114.0,4.0,0,0,1
HUGO_PT29,HUGO_PT29,Hugo 2016,8.366666667,0,0,0,87.0,8.0,5.0,30.0,13.0,0,0,0
HUGO_PT31,HUGO_PT31,Hugo 2016,21.76666667,1,0,0,144.0,3.0,1.0,22.0,19.0,1,0,0
HUGO_PT32,HUGO_PT32,Hugo 2016,9.866666667,1,0,0,93.0,1.0,0.0,3.0,18.0,1,0,0
HUGO_PT35,HUGO_PT35,Hugo 2016,11.33333333,1,0,0,100.0,2.0,3.0,12.0,10.0,1,0,0
HUGO_PT37,HUGO_PT37,Hugo 2016,19.2,1,0,0,113.0,0.0,0.0,11.0,20.0,1,0,0
HUGO_PT38,HUGO_PT38,Hugo 2016,2.6,1,0,0,41.0,0.0,0.0,19.0,15.0,1,0,0
HUGO_PT4,HUGO_PT4,Hugo 2016,131.1333333,1,0,1,1239.0,13.0,0.0,41.0,12.0,1,0,1
HUGO_PT5,HUGO_PT5,Hugo 2016,11.86666667,1,0,0,104.0,2.0,4.0,14.0,27.0,1,0,0
HUGO_PT6,HUGO_PT6,Hugo 2016,8.0,1,0,0,55.0,0.0,0.0,23.0,15.0,1,0,0
HUGO_PT7,HUGO_PT7,Hugo 2016,40.73333333,0,0,0,236.0,2.0,8.0,5.0,7.0,0,0,0
HUGO_PT8,HUGO_PT8,Hugo 2016,583.6,1,0,1,255.0,5.0,3.0,3.0,22.0,1,0,1
HUGO_PT9,HUGO_PT9,Hugo 2016,17.86666667,1,0,0,171.0,2.0,0.0,17.0,31.0,1,0,0
RIAZ_PT101,RIAZ_PT101_ON,Riaz 2017,0.2,0,0,0,0.0,0.0,0.0,12.0,3.0,0,0,0
RIAZ_PT101,RIAZ_PT101_PRE,Riaz 2017,0.466666667,0,0,0,1.0,0.0,0.0,11.0,6.0,0,0,0
RIAZ_PT103,RIAZ_PT103_ON,Riaz 2017,1.366666667,0,0,0,7.0,4.0,1.0,3.0,3.0,0,0,0
RIAZ_PT103,RIAZ_PT103_PRE,Riaz 2017,0.733333333,0,0,0,3.0,0.0,0.0,12.0,2.0,0,0,0
RIAZ_PT105,RIAZ_PT105_ON,Riaz 2017,,0,0,0,,,,,,0,0,0
RIAZ_PT106,RIAZ_PT106_ON,Riaz 2017,,0,0,0,,,,,,0,0,0
RIAZ_PT106,RIAZ_PT106_PRE,Riaz 2017,24.2,1,0,0,118.0,3.0,1.0,7.0,13.0,1,0,0
RIAZ_PT108,RIAZ_PT108_ON,Riaz 2017,,0,0,0,,,,,,0,0,0
RIAZ_PT10,RIAZ_PT10_ON,Riaz 2017,2.566666667,0,1,0,18.0,1.0,3.0,3.0,7.0,0,1,0
RIAZ_PT10,RIAZ_PT10_PRE,Riaz 2017,3.066666667,0,1,0,9.0,0.0,1.0,0.0,3.0,0,1,0
RIAZ_PT11,RIAZ_PT11_ON,Riaz 2017,4.033333333,1,0,0,18.0,1.0,0.0,5.0,3.0,1,0,0
RIAZ_PT11,RIAZ_PT11_PRE,Riaz 2017,3.6,1,0,0,14.0,0.0,0.0,4.0,8.0,1,0,0
RIAZ_PT13,RIAZ_PT13_ON,Riaz 2017,5.766666667,1,0,0,21.0,2.0,1.0,14.0,3.0,1,0,0
RIAZ_PT16,RIAZ_PT16_ON,Riaz 2017,,0,0,0,,,,,,0,0,0
RIAZ_PT17,RIAZ_PT17_ON,Riaz 2017,1.1,0,0,0,5.0,2.0,0.0,5.0,1.0,0,0,0
RIAZ_PT17,RIAZ_PT17_PRE,Riaz 2017,1.0,0,0,0,4.0,0.0,1.0,5.0,4.0,0,0,0
RIAZ_PT18,RIAZ_PT18_ON,Riaz 2017,0.333333333,0,0,0,0.0,0.0,1.0,8.0,2.0,0,0,0
RIAZ_PT18,RIAZ_PT18_PRE,Riaz 2017,7.833333333,1,0,0,46.0,1.0,2.0,9.0,16.0,1,0,0
RIAZ_PT1,RIAZ_PT1_ON,Riaz 2017,,0,0,0,,,,,,0,0,0
RIAZ_PT1,RIAZ_PT1_PRE,Riaz 2017,,0,0,0,,,,,,0,0,0
RIAZ_PT23,RIAZ_PT23_ON,Riaz 2017,23.9,1,0,0,143.0,2.0,1.0,8.0,9.0,1,0,0
RIAZ_PT23,RIAZ_PT23_PRE,Riaz 2017,21.86666667,1,0,0,123.0,0.0,0.0,6.0,10.0,1,0,0
RIAZ_PT24,RIAZ_PT24_PRE,Riaz 2017,0.866666667,1,0,0,0.0,0.0,1.0,2.0,2.0,1,0,0
RIAZ_PT26,RIAZ_PT26_ON,Riaz 2017,3.866666667,0,1,0,26.0,0.0,0.0,3.0,4.0,0,1,0
RIAZ_PT26,RIAZ_PT26_PRE,Riaz 2017,3.9,0,1,0,23.0,0.0,1.0,4.0,2.0,0,1,0
RIAZ_PT27,RIAZ_PT27_ON,Riaz 2017,6.3,1,0,0,29.0,2.0,1.0,5.0,3.0,1,0,0
RIAZ_PT27,RIAZ_PT27_PRE,Riaz 2017,6.5,1,0,0,12.0,0.0,1.0,4.0,1.0,1,0,0
RIAZ_PT28,RIAZ_PT28_ON,Riaz 2017,2.1,0,0,0,18.0,1.0,4.0,12.0,8.0,0,0,0
RIAZ_PT28,RIAZ_PT28_PRE,Riaz 2017,1.566666667,0,0,0,6.0,2.0,5.0,13.0,6.0,0,0,0
RIAZ_PT29,RIAZ_PT29_PRE,Riaz 2017,13.36666667,0,1,0,89.0,1.0,0.0,8.0,14.0,0,1,0
RIAZ_PT2,RIAZ_PT2_ON,Riaz 2017,,0,0,0,,,,,,0,0,0
RIAZ_PT2,RIAZ_PT2_PRE,Riaz 2017,,0,0,0,,,,,,0,0,0
RIAZ_PT30,RIAZ_PT30_ON,Riaz 2017,0.533333333,0,0,0,3.0,3.0,2.0,6.0,2.0,0,0,0
RIAZ_PT30,RIAZ_PT30_PRE,Riaz 2017,2.2,0,0,0,11.0,1.0,3.0,5.0,27.0,0,0,0
RIAZ_PT31,RIAZ_PT31_ON,Riaz 2017,15.66666667,0,1,0,104.0,2.0,1.0,18.0,19.0,0,1,0
RIAZ_PT31,RIAZ_PT31_PRE,Riaz 2017,15.4,0,1,0,74.0,2.0,0.0,17.0,12.0,0,1,0
RIAZ_PT32,RIAZ_PT32_ON,Riaz 2017,,0,0,0,,,,,,0,0,0
RIAZ_PT34,RIAZ_PT34_ON,Riaz 2017,0.4,0,0,0,0.0,0.0,0.0,4.0,1.0,0,0,0
RIAZ_PT34,RIAZ_PT34_PRE,Riaz 2017,7.733333333,1,0,0,26.0,0.0,0.0,8.0,10.0,1,0,0
RIAZ_PT35,RIAZ_PT35_ON,Riaz 2017,,0,0,0,,,,,,0,0,0
RIAZ_PT36,RIAZ_PT36_ON,Riaz 2017,,0,0,0,,,,,,0,0,0
RIAZ_PT36,RIAZ_PT36_PRE,Riaz 2017,0.2,0,0,0,0.0,0.0,2.0,3.0,2.0,0,0,0
RIAZ_PT37,RIAZ_PT37_ON,Riaz 2017,0.966666667,0,1,0,2.0,0.0,2.0,7.0,5.0,0,1,0
RIAZ_PT37,RIAZ_PT37_PRE,Riaz 2017,1.166666667,0,1,0,4.0,1.0,2.0,5.0,10.0,0,1,0
RIAZ_PT38,RIAZ_PT38_ON,Riaz 2017,,0,0,0,,,,,,0,0,0
RIAZ_PT38,RIAZ_PT38_PRE,Riaz 2017,11.86666667,0,0,1,136.0,3.0,0.0,7.0,2.0,0,0,1
RIAZ_PT39,RIAZ_PT39_PRE,Riaz 2017,,0,0,0,,,,,,0,0,0
RIAZ_PT3,RIAZ_PT3_ON,Riaz 2017,6.1,0,1,1,15.0,2.0,1.0,4.0,7.0,0,1,1
RIAZ_PT3,RIAZ_PT3_PRE,Riaz 2017,6.366666667,0,1,1,30.0,3.0,1.0,3.0,5.0,0,1,1
RIAZ_PT44,RIAZ_PT44_ON,Riaz 2017,0.433333333,0,0,0,0.0,0.0,1.0,5.0,4.0,0,0,0
RIAZ_PT44,RIAZ_PT44_PRE,Riaz 2017,13.23333333,1,0,0,123.0,2.0,3.0,7.0,14.0,1,0,0
RIAZ_PT46,RIAZ_PT46_ON,Riaz 2017,,0,0,0,,,,,,0,0,0
RIAZ_PT46,RIAZ_PT46_PRE,Riaz 2017,7.233333333,1,0,0,3.0,0.0,1.0,10.0,3.0,1,0,0
RIAZ_PT47,RIAZ_PT47_ON,Riaz 2017,34.26666667,1,0,0,214.0,3.0,1.0,4.0,18.0,1,0,0
RIAZ_PT47,RIAZ_PT47_PRE,Riaz 2017,,0,0,0,,,,,,0,0,0
RIAZ_PT48,RIAZ_PT48_ON,Riaz 2017,0.3,0,0,0,2.0,2.0,1.0,11.0,0.0,0,0,0
RIAZ_PT48,RIAZ_PT48_PRE,Riaz 2017,5.633333333,0,0,0,10.0,1.0,1.0,22.0,6.0,0,0,0
RIAZ_PT49,RIAZ_PT49_ON,Riaz 2017,,0,0,0,,,,,,0,0,0
RIAZ_PT49,RIAZ_PT49_PRE,Riaz 2017,28.2,0,1,0,85.0,0.0,3.0,11.0,22.0,0,1,0
RIAZ_PT4,RIAZ_PT4_ON,Riaz 2017,,0,0,0,,,,,,0,0,0
RIAZ_PT4,RIAZ_PT4_PRE,Riaz 2017,9.3,0,1,0,73.0,2.0,0.0,3.0,6.0,0,1,0
RIAZ_PT52,RIAZ_PT52_ON,Riaz 2017,12.93333333,1,0,0,75.0,1.0,0.0,4.0,18.0,1,0,0
RIAZ_PT52,RIAZ_PT52_PRE,Riaz 2017,12.2,1,0,0,41.0,1.0,0.0,4.0,13.0,1,0,0
RIAZ_PT58,RIAZ_PT58_ON,Riaz 2017,44.8,1,0,1,306.0,2.0,0.0,4.0,8.0,1,0,1
RIAZ_PT59,RIAZ_PT59_PRE,Riaz 2017,15.03333333,0,1,0,90.0,1.0,0.0,21.0,12.0,0,1,0
RIAZ_PT5,RIAZ_PT5_ON,Riaz 2017,2.133333333,0,0,0,17.0,2.0,5.0,5.0,10.0,0,0,0
RIAZ_PT5,RIAZ_PT5_PRE,Riaz 2017,1.866666667,0,0,0,12.0,1.0,3.0,34.0,1.0,0,0,0
RIAZ_PT62,RIAZ_PT62_ON,Riaz 2017,,0,0,0,,,,,,0,0,0
RIAZ_PT62,RIAZ_PT62_PRE,Riaz 2017,,0,0,0,,,,,,0,0,0
RIAZ_PT65,RIAZ_PT65_ON,Riaz 2017,,0,0,0,,,,,,0,0,0
RIAZ_PT65,RIAZ_PT65_PRE,Riaz 2017,87.3,0,0,0,723.0,3.0,11.0,13.0,7.0,0,0,0
RIAZ_PT66,RIAZ_PT66_PRE,Riaz 2017,4.8,1,0,0,27.0,2.0,1.0,3.0,23.0,1,0,0
RIAZ_PT67,RIAZ_PT67_ON,Riaz 2017,0.566666667,0,0,0,1.0,0.0,0.0,17.0,0.0,0,0,0
RIAZ_PT67,RIAZ_PT67_PRE,Riaz 2017,0.4,0,0,0,1.0,0.0,1.0,27.0,3.0,0,0,0
RIAZ_PT68,RIAZ_PT68_ON,Riaz 2017,,0,0,0,,,,,,0,0,0
RIAZ_PT69,RIAZ_PT69_ON,Riaz 2017,,0,0,0,,,,,,0,0,0
RIAZ_PT72,RIAZ_PT72_PRE,Riaz 2017,16.83333333,1,0,0,79.0,1.0,1.0,4.0,8.0,1,0,0
RIAZ_PT76,RIAZ_PT76_PRE,Riaz 2017,8.5,0,1,0,35.0,3.0,0.0,5.0,7.0,0,1,0
RIAZ_PT77,RIAZ_PT77_ON,Riaz 2017,,0,0,0,,,,,,0,0,0
RIAZ_PT77,RIAZ_PT77_PRE,Riaz 2017,1.766666667,1,0,0,6.0,0.0,1.0,26.0,4.0,1,0,0
RIAZ_PT78,RIAZ_PT78_ON,Riaz 2017,,0,0,0,,,,,,0,0,0
RIAZ_PT78,RIAZ_PT78_PRE,Riaz 2017,,0,0,0,,,,,,0,0,0
RIAZ_PT79,RIAZ_PT79_ON,Riaz 2017,,0,0,0,,,,,,0,0,0
RIAZ_PT79,RIAZ_PT79_PRE,Riaz 2017,,0,0,0,,,,,,0,0,0
RIAZ_PT80,RIAZ_PT80_ON,Riaz 2017,,0,0,0,,,,,,0,0,0
RIAZ_PT81,RIAZ_PT81_ON,Riaz 2017,,0,0,0,,,,,,0,0,0
RIAZ_PT82,RIAZ_PT82_ON,Riaz 2017,1.4,0,0,0,9.0,2.0,1.0,15.0,4.0,0,0,0
RIAZ_PT82,RIAZ_PT82_PRE,Riaz 2017,1.4,0,0,0,8.0,2.0,2.0,5.0,2.0,0,0,0
RIAZ_PT84,RIAZ_PT84_ON,Riaz 2017,,0,0,0,,,,,,0,0,0
RIAZ_PT84,RIAZ_PT84_PRE,Riaz 2017,0.6,0,0,0,4.0,2.0,0.0,3.0,1.0,0,0,0
RIAZ_PT85,RIAZ_PT85_ON,Riaz 2017,,0,0,0,,,,,,0,0,0
RIAZ_PT85,RIAZ_PT85_PRE,Riaz 2017,4.233333333,0,1,0,43.0,0.0,0.0,7.0,2.0,0,1,0
RIAZ_PT87,RIAZ_PT87_ON,Riaz 2017,,0,0,0,,,,,,0,0,0
RIAZ_PT89,RIAZ_PT89_ON,Riaz 2017,6.9,0,0,0,44.0,0.0,1.0,7.0,14.0,0,0,0
RIAZ_PT89,RIAZ_PT89_PRE,Riaz 2017,7.133333333,0,0,0,49.0,0.0,0.0,7.0,15.0,0,0,0
RIAZ_PT8,RIAZ_PT8_ON,Riaz 2017,3.4,0,0,0,27.0,4.0,0.0,8.0,1.0,0,0,0
RIAZ_PT8,RIAZ_PT8_PRE,Riaz 2017,3.166666667,0,0,0,21.0,0.0,0.0,4.0,1.0,0,0,0
RIAZ_PT90,RIAZ_PT90_PRE,Riaz 2017,23.86666667,0,1,0,129.0,2.0,4.0,27.0,14.0,0,1,0
RIAZ_PT92,RIAZ_PT92_ON,Riaz 2017,21.93333333,1,1,0,80.0,1.0,2.0,5.0,13.0,1,1,0
RIAZ_PT92,RIAZ_PT92_PRE,Riaz 2017,22.0,1,1,0,108.0,0.0,0.0,5.0,11.0,1,1,0
RIAZ_PT93,RIAZ_PT93_ON,Riaz 2017,13.56666667,0,1,0,68.0,2.0,1.0,5.0,10.0,0,1,0
RIAZ_PT94,RIAZ_PT94_ON,Riaz 2017,,0,0,0,,,,,,0,0,0
RIAZ_PT94,RIAZ_PT94_PRE,Riaz 2017,13.43333333,1,0,0,71.0,1.0,2.0,9.0,6.0,1,0,0
RIAZ_PT98,RIAZ_PT98_ON,Riaz 2017,,0,0,0,,,,,,0,0,0
RIAZ_PT98,RIAZ_PT98_PRE,Riaz 2017,0.733333333,0,0,0,10.0,0.0,0.0,14.0,10.0,0,0,0
RIAZ_PT9,RIAZ_PT9_ON,Riaz 2017,13.23333333,1,0,0,99.0,0.0,1.0,7.0,32.0,1,0,0
RIAZ_PT9,RIAZ_PT9_PRE,Riaz 2017,13.16666667,1,0,0,84.0,0.0,1.0,6.0,28.0,1,0,0
TCGA_GDC_TCGA-3N-A9WB,TCGA_GDC_TCGA-3N-A9WB-06A,TCGA GDC 2025,4.466666666666667,1,1,0,,,,,,1,1,0
TCGA_GDC_TCGA-3N-A9WC,TCGA_GDC_TCGA-3N-A9WC-06A,TCGA GDC 2025,47.53333333333333,1,1,0,,,,,,1,1,0
TCGA_GDC_TCGA-3N-A9WD,TCGA_GDC_TCGA-3N-A9WD-06A,TCGA GDC 2025,23.7,0,1,0,,,,,,0,1,0
TCGA_GDC_TCGA-BF-A1PU,TCGA_GDC_TCGA-BF-A1PU-01A,TCGA GDC 2025,2.2,1,0,0,,,,,,1,0,0
TCGA_GDC_TCGA-BF-A1PV,TCGA_GDC_TCGA-BF-A1PV-01A,TCGA GDC 2025,7.566666666666666,0,1,1,,,,,,0,1,1
TCGA_GDC_TCGA-BF-A1PX,TCGA_GDC_TCGA-BF-A1PX-01A,TCGA GDC 2025,7.866666666666666,0,0,0,,,,,,0,0,0
TCGA_GDC_TCGA-BF-A1PZ,TCGA_GDC_TCGA-BF-A1PZ-01A,TCGA GDC 2025,6.266666666666667,0,1,1,,,,,,0,1,1
TCGA_GDC_TCGA-BF-A1Q0,TCGA_GDC_TCGA-BF-A1Q0-01A,TCGA GDC 2025,16.366666666666667,0,0,0,,,,,,0,0,0
TCGA_GDC_TCGA-BF-A3DJ,TCGA_GDC_TCGA-BF-A3DJ-01A,TCGA GDC 2025,3.733333333333333,1,0,0,,,,,,1,0,0
TCGA_GDC_TCGA-BF-A3DL,TCGA_GDC_TCGA-BF-A3DL-01A,TCGA GDC 2025,12.1,1,0,0,,,,,,1,0,0
TCGA_GDC_TCGA-BF-A3DM,TCGA_GDC_TCGA-BF-A3DM-01A,TCGA GDC 2025,11.466666666666669,1,0,0,,,,,,1,0,0
TCGA_GDC_TCGA-BF-A3DN,TCGA_GDC_TCGA-BF-A3DN-01A,TCGA GDC 2025,2.1,1,0,0,,,,,,1,0,0
TCGA_GDC_TCGA-BF-A5EO,TCGA_GDC_TCGA-BF-A5EO-01A,TCGA GDC 2025,16.3,0,1,0,,,,,,0,1,0
TCGA_GDC_TCGA-BF-A5EP,TCGA_GDC_TCGA-BF-A5EP-01A,TCGA GDC 2025,4.466666666666667,0,0,0,,,,,,0,0,0
TCGA_GDC_TCGA-BF-A5EQ,TCGA_GDC_TCGA-BF-A5EQ-01A,TCGA GDC 2025,15.5,1,0,0,,,,,,1,0,0
TCGA_GDC_TCGA-BF-A5ER,TCGA_GDC_TCGA-BF-A5ER-01A,TCGA GDC 2025,4.966666666666667,1,0,0,,,,,,1,0,0
TCGA_GDC_TCGA-BF-A5ES,TCGA_GDC_TCGA-BF-A5ES-01A,TCGA GDC 2025,13.4,0,0,0,,,,,,0,0,0
TCGA_GDC_TCGA-BF-A9VF,TCGA_GDC_TCGA-BF-A9VF-01A,TCGA GDC 2025,2.1333333333333333,1,0,0,,,,,,1,0,0
TCGA_GDC_TCGA-BF-AAOU,TCGA_GDC_TCGA-BF-AAOU-01A,TCGA GDC 2025,8.4,0,0,0,,,,,,0,0,0
TCGA_GDC_TCGA-BF-AAOX,TCGA_GDC_TCGA-BF-AAOX-01A,TCGA GDC 2025,32.36666666666667,0,1,0,,,,,,0,1,0
TCGA_GDC_TCGA-BF-AAP0,TCGA_GDC_TCGA-BF-AAP0-06A,TCGA GDC 2025,10.9,1,0,0,,,,,,1,0,0
TCGA_GDC_TCGA-BF-AAP1,TCGA_GDC_TCGA-BF-AAP1-01A,TCGA GDC 2025,21.566666666666663,1,0,0,,,,,,1,0,0
TCGA_GDC_TCGA-BF-AAP2,TCGA_GDC_TCGA-BF-AAP2-01A,TCGA GDC 2025,34.3,0,1,0,,,,,,0,1,0
TCGA_GDC_TCGA-BF-AAP4,TCGA_GDC_TCGA-BF-AAP4-01A,TCGA GDC 2025,20.566666666666663,0,0,1,,,,,,0,0,1
TCGA_GDC_TCGA-BF-AAP6,TCGA_GDC_TCGA-BF-AAP6-01A,TCGA GDC 2025,1.8,1,0,0,,,,,,1,0,0
TCGA_GDC_TCGA-BF-AAP7,TCGA_GDC_TCGA-BF-AAP7-01A,TCGA GDC 2025,12.0,1,0,0,,,,,,1,0,0
TCGA_GDC_TCGA-BF-AAP8,TCGA_GDC_TCGA-BF-AAP8-01A,TCGA GDC 2025,0.2666666666666666,0,0,0,,,,,,0,0,0
TCGA_GDC_TCGA-D3-A1Q1,TCGA_GDC_TCGA-D3-A1Q1-06A,TCGA GDC 2025,1.3666666666666667,0,1,0,,,,,,0,1,0
TCGA_GDC_TCGA-D3-A1Q3,TCGA_GDC_TCGA-D3-A1Q3-06A,TCGA GDC 2025,0.9666666666666668,0,0,0,,,,,,0,0,0
TCGA_GDC_TCGA-D3-A1Q4,TCGA_GDC_TCGA-D3-A1Q4-06A,TCGA GDC 2025,6.633333333333334,1,0,0,,,,,,1,0,0
TCGA_GDC_TCGA-D3-A1Q5,TCGA_GDC_TCGA-D3-A1Q5-06A,TCGA GDC 2025,9.3,1,0,0,,,,,,1,0,0
TCGA_GDC_TCGA-D3-A1Q6,TCGA_GDC_TCGA-D3-A1Q6-06A,TCGA GDC 2025,20.1,1,0,0,,,,,,1,0,0
TCGA_GDC_TCGA-D3-A1Q7,TCGA_GDC_TCGA-D3-A1Q7-06A,TCGA GDC 2025,2.2666666666666666,1,0,0,,,,,,1,0,0
TCGA_GDC_TCGA-D3-A1Q8,TCGA_GDC_TCGA-D3-A1Q8-06A,TCGA GDC 2025,5.966666666666667,0,1,0,,,,,,0,1,0
TCGA_GDC_TCGA-D3-A1Q9,TCGA_GDC_TCGA-D3-A1Q9-06A,TCGA GDC 2025,0.9666666666666668,1,0,0,,,,,,1,0,0
TCGA_GDC_TCGA-D3-A1QA,TCGA_GDC_TCGA-D3-A1QA-06A,TCGA GDC 2025,10.833333333333334,1,0,0,,,,,,1,0,0
TCGA_GDC_TCGA-D3-A1QA,TCGA_GDC_TCGA-D3-A1QA-07A,TCGA GDC 2025,,0,0,0,,,,,,0,0,0
TCGA_GDC_TCGA-D3-A1QB,TCGA_GDC_TCGA-D3-A1QB-06A,TCGA GDC 2025,9.733333333333333,0,1,0,,,,,,0,1,0
TCGA_GDC_TCGA-D3-A2J6,TCGA_GDC_TCGA-D3-A2J6-06A,TCGA GDC 2025,0.4,0,0,0,,,,,,0,0,0
TCGA_GDC_TCGA-D3-A2J7,TCGA_GDC_TCGA-D3-A2J7-06A,TCGA GDC 2025,9.133333333333333,1,0,0,,,,,,1,0,0
TCGA_GDC_TCGA-D3-A2J8,TCGA_GDC_TCGA-D3-A2J8-06A,TCGA GDC 2025,12.7,0,1,0,,,,,,0,1,0
TCGA_GDC_TCGA-D3-A2J9,TCGA_GDC_TCGA-D3-A2J9-06A,TCGA GDC 2025,1.3,0,0,0,,,,,,0,0,0
TCGA_GDC_TCGA-D3-A2JA,TCGA_GDC_TCGA-D3-A2JA-06A,TCGA GDC 2025,9.166666666666666,0,0,1,,,,,,0,0,1
TCGA_GDC_TCGA-D3-A2JB,TCGA_GDC_TCGA-D3-A2JB-06A,TCGA GDC 2025,0.4,0,0,0,,,,,,0,0,0
TCGA_GDC_TCGA-D3-A2JC,TCGA_GDC_TCGA-D3-A2JC-06A,TCGA GDC 2025,4.766666666666667,0,0,0,,,,,,0,0,0
TCGA_GDC_TCGA-D3-A2JD,TCGA_GDC_TCGA-D3-A2JD-06A,TCGA GDC 2025,9.3,1,0,0,,,,,,1,0,0
TCGA_GDC_TCGA-D3-A2JE,TCGA_GDC_TCGA-D3-A2JE-06A,TCGA GDC 2025,8.166666666666666,1,0,0,,,,,,1,0,0
TCGA_GDC_TCGA-D3-A2JF,TCGA_GDC_TCGA-D3-A2JF-06A,TCGA GDC 2025,37.86666666666667,0,0,1,,,,,,0,0,1
TCGA_GDC_TCGA-D3-A2JG,TCGA_GDC_TCGA-D3-A2JG-06A,TCGA GDC 2025,2.6,1,0,0,,,,,,1,0,0
TCGA_GDC_TCGA-D3-A2JH,TCGA_GDC_TCGA-D3-A2JH-06A,TCGA GDC 2025,15.3,1,0,0,,,,,,1,0,0
TCGA_GDC_TCGA-D3-A2JK,TCGA_GDC_TCGA-D3-A2JK-06A,TCGA GDC 2025,7.566666666666666,1,0,0,,,,,,1,0,0
TCGA_GDC_TCGA-D3-A2JL,TCGA_GDC_TCGA-D3-A2JL-06A,TCGA GDC 2025,7.7,0,1,0,,,,,,0,1,0
TCGA_GDC_TCGA-D3-A2JN,TCGA_GDC_TCGA-D3-A2JN-06A,TCGA GDC 2025,8.733333333333333,1,0,0,,,,,,1,0,0
TCGA_GDC_TCGA-D3-A2JO,TCGA_GDC_TCGA-D3-A2JO-06A,TCGA GDC 2025,15.2,0,1,0,,,,,,0,1,0
TCGA_GDC_TCGA-D3-A2JP,TCGA_GDC_TCGA-D3-A2JP-06A,TCGA GDC 2025,6.6,1,0,0,,,,,,1,0,0
TCGA_GDC_TCGA-D3-A3BZ,TCGA_GDC_TCGA-D3-A3BZ-06A,TCGA GDC 2025,1.6666666666666667,0,0,0,,,,,,0,0,0
TCGA_GDC_TCGA-D3-A3C1,TCGA_GDC_TCGA-D3-A3C1-06A,TCGA GDC 2025,3.7666666666666666,1,0,0,,,,,,1,0,0
TCGA_GDC_TCGA-D3-A3C3,TCGA_GDC_TCGA-D3-A3C3-06A,TCGA GDC 2025,6.9,1,0,0,,,,,,1,0,0
TCGA_GDC_TCGA-D3-A3C6,TCGA_GDC_TCGA-D3-A3C6-06A,TCGA GDC 2025,2.566666666666667,1,0,0,,,,,,1,0,0
TCGA_GDC_TCGA-D3-A3C7,TCGA_GDC_TCGA-D3-A3C7-06A,TCGA GDC 2025,24.766666666666666,1,0,0,,,,,,1,0,0
TCGA_GDC_TCGA-D3-A3C8,TCGA_GDC_TCGA-D3-A3C8-06A,TCGA GDC 2025,10.2,0,0,0,,,,,,0,0,0
TCGA_GDC_TCGA-D3-A3CB,TCGA_GDC_TCGA-D3-A3CB-06A,TCGA GDC 2025,5.7,1,0,0,,,,,,1,0,0
TCGA_GDC_TCGA-D3-A3CC,TCGA_GDC_TCGA-D3-A3CC-06A,TCGA GDC 2025,0.9,0,0,0,,,,,,0,0,0
TCGA_GDC_TCGA-D3-A3CE,TCGA_GDC_TCGA-D3-A3CE-06A,TCGA GDC 2025,0.9,1,0,0,,,,,,1,0,0
TCGA_GDC_TCGA-D3-A3CF,TCGA_GDC_TCGA-D3-A3CF-06A,TCGA GDC 2025,0.8333333333333334,0,0,0,,,,,,0,0,0
TCGA_GDC_TCGA-D3-A3ML,TCGA_GDC_TCGA-D3-A3ML-06A,TCGA GDC 2025,24.0,0,1,0,,,,,,0,1,0
TCGA_GDC_TCGA-D3-A3MO,TCGA_GDC_TCGA-D3-A3MO-06A,TCGA GDC 2025,1.6333333333333333,1,0,0,,,,,,1,0,0
TCGA_GDC_TCGA-D3-A3MR,TCGA_GDC_TCGA-D3-A3MR-06A,TCGA GDC 2025,21.53333333333333,1,0,0,,,,,,1,0,0
TCGA_GDC_TCGA-D3-A3MU,TCGA_GDC_TCGA-D3-A3MU-06A,TCGA GDC 2025,13.333333333333334,1,0,0,,,,,,1,0,0
TCGA_GDC_TCGA-D3-A3MV,TCGA_GDC_TCGA-D3-A3MV-06A,TCGA GDC 2025,13.0,0,1,0,,,,,,0,1,0
TCGA_GDC_TCGA-D3-A51E,TCGA_GDC_TCGA-D3-A51E-06A,TCGA GDC 2025,7.166666666666667,0,1,0,,,,,,0,1,0
TCGA_GDC_TCGA-D3-A51F,TCGA_GDC_TCGA-D3-A51F-06A,TCGA GDC 2025,2.5,0,0,0,,,,,,0,0,0
TCGA_GDC_TCGA-D3-A51G,TCGA_GDC_TCGA-D3-A51G-06A,TCGA GDC 2025,30.666666666666668,0,1,0,,,,,,0,1,0
TCGA_GDC_TCGA-D3-A51H,TCGA_GDC_TCGA-D3-A51H-06A,TCGA GDC 2025,0.4,0,0,0,,,,,,0,0,0
TCGA_GDC_TCGA-D3-A51J,TCGA_GDC_TCGA-D3-A51J-06A,TCGA GDC 2025,11.866666666666667,1,0,0,,,,,,1,0,0
TCGA_GDC_TCGA-D3-A51K,TCGA_GDC_TCGA-D3-A51K-06A,TCGA GDC 2025,0.7,0,0,0,,,,,,0,0,0
TCGA_GDC_TCGA-D3-A51N,TCGA_GDC_TCGA-D3-A51N-06A,TCGA GDC 2025,2.466666666666667,1,0,0,,,,,,1,0,0
TCGA_GDC_TCGA-D3-A51R,TCGA_GDC_TCGA-D3-A51R-06A,TCGA GDC 2025,18.33333333333333,0,1,1,,,,,,0,1,1
TCGA_GDC_TCGA-D3-A51T,TCGA_GDC_TCGA-D3-A51T-06A,TCGA GDC 2025,30.466666666666665,1,0,0,,,,,,1,0,0
TCGA_GDC_TCGA-D3-A5GL,TCGA_GDC_TCGA-D3-A5GL-06A,TCGA GDC 2025,11.266666666666667,0,0,0,,,,,,0,0,0
TCGA_GDC_TCGA-D3-A5GN,TCGA_GDC_TCGA-D3-A5GN-06A,TCGA GDC 2025,12.233333333333333,1,0,0,,,,,,1,0,0
TCGA_GDC_TCGA-D3-A5GO,TCGA_GDC_TCGA-D3-A5GO-06A,TCGA GDC 2025,40.266666666666666,0,1,0,,,,,,0,1,0
TCGA_GDC_TCGA-D3-A5GR,TCGA_GDC_TCGA-D3-A5GR-06A,TCGA GDC 2025,6.6,1,0,0,,,,,,1,0,0
TCGA_GDC_TCGA-D3-A5GS,TCGA_GDC_TCGA-D3-A5GS-06A,TCGA GDC 2025,10.2,1,0,0,,,,,,1,0,0
TCGA_GDC_TCGA-D3-A5GT,TCGA_GDC_TCGA-D3-A5GT-01A,TCGA GDC 2025,0.7,1,0,0,,,,,,1,0,0
TCGA_GDC_TCGA-D3-A5GU,TCGA_GDC_TCGA-D3-A5GU-06A,TCGA GDC 2025,19.766666666666666,1,0,0,,,,,,1,0,0
TCGA_GDC_TCGA-D3-A8GB,TCGA_GDC_TCGA-D3-A8GB-06A,TCGA GDC 2025,26.23333333333333,1,0,0,,,,,,1,0,0
TCGA_GDC_TCGA-D3-A8GC,TCGA_GDC_TCGA-D3-A8GC-06A,TCGA GDC 2025,21.6,0,1,0,,,,,,0,1,0
TCGA_GDC_TCGA-D3-A8GD,TCGA_GDC_TCGA-D3-A8GD-06A,TCGA GDC 2025,2.933333333333333,1,0,0,,,,,,1,0,0
TCGA_GDC_TCGA-D3-A8GE,TCGA_GDC_TCGA-D3-A8GE-06A,TCGA GDC 2025,0.1333333333333333,0,0,0,,,,,,0,0,0
TCGA_GDC_TCGA-D3-A8GI,TCGA_GDC_TCGA-D3-A8GI-06A,TCGA GDC 2025,132.3,0,1,1,,,,,,0,1,1
TCGA_GDC_TCGA-D3-A8GJ,TCGA_GDC_TCGA-D3-A8GJ-06A,TCGA GDC 2025,4.6,1,0,0,,,,,,1,0,0
TCGA_GDC_TCGA-D3-A8GK,TCGA_GDC_TCGA-D3-A8GK-06A,TCGA GDC 2025,14.733333333333333,0,1,0,,,,,,0,1,0
TCGA_GDC_TCGA-D3-A8GL,TCGA_GDC_TCGA-D3-A8GL-06A,TCGA GDC 2025,47.36666666666667,0,1,0,,,,,,0,1,0
TCGA_GDC_TCGA-D3-A8GM,TCGA_GDC_TCGA-D3-A8GM-06A,TCGA GDC 2025,101.1,1,0,0,,,,,,1,0,0
TCGA_GDC_TCGA-D3-A8GN,TCGA_GDC_TCGA-D3-A8GN-06A,TCGA GDC 2025,5.633333333333334,1,0,0,,,,,,1,0,0
TCGA_GDC_TCGA-D3-A8GO,TCGA_GDC_TCGA-D3-A8GO-06A,TCGA GDC 2025,14.233333333333333,1,0,0,,,,,,1,0,0
TCGA_GDC_TCGA-D3-A8GP,TCGA_GDC_TCGA-D3-A8GP-06A,TCGA GDC 2025,15.9,0,0,0,,,,,,0,0,0
TCGA_GDC_TCGA-D3-A8GQ,TCGA_GDC_TCGA-D3-A8GQ-06A,TCGA GDC 2025,36.46666666666667,0,1,1,,,,,,0,1,1
TCGA_GDC_TCGA-D3-A8GR,TCGA_GDC_TCGA-D3-A8GR-06A,TCGA GDC 2025,10.0,0,1,0,,,,,,0,1,0
TCGA_GDC_TCGA-D3-A8GS,TCGA_GDC_TCGA-D3-A8GS-06A,TCGA GDC 2025,5.366666666666666,1,0,0,,,,,,1,0,0
TCGA_GDC_TCGA-D3-A8GV,TCGA_GDC_TCGA-D3-A8GV-06A,TCGA GDC 2025,10.5,1,0,0,,,,,,1,0,0
TCGA_GDC_TCGA-D9-A148,TCGA_GDC_TCGA-D9-A148-06A,TCGA GDC 2025,7.033333333333333,1,0,0,,,,,,1,0,0
TCGA_GDC_TCGA-D9-A149,TCGA_GDC_TCGA-D9-A149-06A,TCGA GDC 2025,6.2,0,0,0,,,,,,0,0,0
TCGA_GDC_TCGA-D9-A1JW,TCGA_GDC_TCGA-D9-A1JW-06A,TCGA GDC 2025,23.0,1,0,0,,,,,,1,0,0
TCGA_GDC_TCGA-D9-A1JX,TCGA_GDC_TCGA-D9-A1JX-06A,TCGA GDC 2025,4.566666666666666,1,0,0,,,,,,1,0,0
TCGA_GDC_TCGA-D9-A1X3,TCGA_GDC_TCGA-D9-A1X3-06A,TCGA GDC 2025,0.8666666666666667,0,0,0,,,,,,0,0,0
TCGA_GDC_TCGA-D9-A3Z1,TCGA_GDC_TCGA-D9-A3Z1-06A,TCGA GDC 2025,12.666666666666666,0,1,0,,,,,,0,1,0
TCGA_GDC_TCGA-D9-A3Z3,TCGA_GDC_TCGA-D9-A3Z3-06A,TCGA GDC 2025,3.533333333333333,1,0,0,,,,,,1,0,0
TCGA_GDC_TCGA-D9-A3Z4,TCGA_GDC_TCGA-D9-A3Z4-01A,TCGA GDC 2025,3.866666666666666,0,1,0,,,,,,0,1,0
TCGA_GDC_TCGA-D9-A4Z2,TCGA_GDC_TCGA-D9-A4Z2-01A,TCGA GDC 2025,0.6333333333333333,1,0,0,,,,,,1,0,0
TCGA_GDC_TCGA-D9-A4Z3,TCGA_GDC_TCGA-D9-A4Z3-01A,TCGA GDC 2025,21.566666666666663,0,1,0,,,,,,0,1,0
TCGA_GDC_TCGA-D9-A4Z5,TCGA_GDC_TCGA-D9-A4Z5-01A,TCGA GDC 2025,1.8,1,0,0,,,,,,1,0,0
TCGA_GDC_TCGA-D9-A4Z6,TCGA_GDC_TCGA-D9-A4Z6-06A,TCGA GDC 2025,7.533333333333333,1,0,0,,,,,,1,0,0
TCGA_GDC_TCGA-D9-A6E9,TCGA_GDC_TCGA-D9-A6E9-06A,TCGA GDC 2025,4.8,1,0,0,,,,,,1,0,0
TCGA_GDC_TCGA-D9-A6EA,TCGA_GDC_TCGA-D9-A6EA-06A,TCGA GDC 2025,17.066666666666666,0,1,0,,,,,,0,1,0
TCGA_GDC_TCGA-D9-A6EC,TCGA_GDC_TCGA-D9-A6EC-06A,TCGA GDC 2025,114.3,1,0,1,,,,,,1,0,1
TCGA_GDC_TCGA-D9-A6EG,TCGA_GDC_TCGA-D9-A6EG-06A,TCGA GDC 2025,1.8666666666666667,1,0,0,,,,,,1,0,0
TCGA_GDC_TCGA-DA-A1HV,TCGA_GDC_TCGA-DA-A1HV-06A,TCGA GDC 2025,35.4,0,1,0,,,,,,0,1,0
TCGA_GDC_TCGA-DA-A1HW,TCGA_GDC_TCGA-DA-A1HW-06A,TCGA GDC 2025,8.5,1,0,0,,,,,,1,0,0
TCGA_GDC_TCGA-DA-A1HY,TCGA_GDC_TCGA-DA-A1HY-06A,TCGA GDC 2025,19.166666666666668,1,0,0,,,,,,1,0,0
TCGA_GDC_TCGA-DA-A1I0,TCGA_GDC_TCGA-DA-A1I0-06A,TCGA GDC 2025,12.966666666666669,1,0,1,,,,,,1,0,1
TCGA_GDC_TCGA-DA-A1I1,TCGA_GDC_TCGA-DA-A1I1-06A,TCGA GDC 2025,10.033333333333331,0,1,0,,,,,,0,1,0
TCGA_GDC_TCGA-DA-A1I2,TCGA_GDC_TCGA-DA-A1I2-06A,TCGA GDC 2025,2.966666666666667,1,0,0,,,,,,1,0,0
TCGA_GDC_TCGA-DA-A1I4,TCGA_GDC_TCGA-DA-A1I4-06A,TCGA GDC 2025,7.066666666666666,1,0,0,,,,,,1,0,0
TCGA_GDC_TCGA-DA-A1I5,TCGA_GDC_TCGA-DA-A1I5-06A,TCGA GDC 2025,11.666666666666666,1,0,0,,,,,,1,0,0
TCGA_GDC_TCGA-DA-A1I7,TCGA_GDC_TCGA-DA-A1I7-06A,TCGA GDC 2025,10.766666666666667,1,0,0,,,,,,1,0,0
TCGA_GDC_TCGA-DA-A1I8,TCGA_GDC_TCGA-DA-A1I8-06A,TCGA GDC 2025,4.233333333333333,1,0,0,,,,,,1,0,0
TCGA_GDC_TCGA-DA-A1IA,TCGA_GDC_TCGA-DA-A1IA-06A,TCGA GDC 2025,9.066666666666666,0,0,0,,,,,,0,0,0
TCGA_GDC_TCGA-DA-A1IB,TCGA_GDC_TCGA-DA-A1IB-06A,TCGA GDC 2025,0.0666666666666666,0,0,0,,,,,,0,0,0
TCGA_GDC_TCGA-DA-A1IC,TCGA_GDC_TCGA-DA-A1IC-06A,TCGA GDC 2025,25.633333333333333,0,0,1,,,,,,0,0,1
TCGA_GDC_TCGA-DA-A3F2,TCGA_GDC_TCGA-DA-A3F2-06A,TCGA GDC 2025,,0,0,0,,,,,,0,0,0
TCGA_GDC_TCGA-DA-A3F3,TCGA_GDC_TCGA-DA-A3F3-06A,TCGA GDC 2025,8.166666666666666,0,1,0,,,,,,0,1,0
TCGA_GDC_TCGA-DA-A3F5,TCGA_GDC_TCGA-DA-A3F5-06A,TCGA GDC 2025,8.766666666666667,1,0,0,,,,,,1,0,0
TCGA_GDC_TCGA-DA-A3F8,TCGA_GDC_TCGA-DA-A3F8-06A,TCGA GDC 2025,30.3,1,0,0,,,,,,1,0,0
TCGA_GDC_TCGA-DA-A95V,TCGA_GDC_TCGA-DA-A95V-06A,TCGA GDC 2025,7.0,0,0,1,,,,,,0,0,1
TCGA_GDC_TCGA-DA-A95W,TCGA_GDC_TCGA-DA-A95W-06A,TCGA GDC 2025,4.166666666666667,1,0,0,,,,,,1,0,0
TCGA_GDC_TCGA-DA-A95X,TCGA_GDC_TCGA-DA-A95X-06A,TCGA GDC 2025,14.1,0,1,1,,,,,,0,1,1
TCGA_GDC_TCGA-DA-A95Y,TCGA_GDC_TCGA-DA-A95Y-06A,TCGA GDC 2025,11.233333333333333,1,0,0,,,,,,1,0,0
TCGA_GDC_TCGA-DA-A95Z,TCGA_GDC_TCGA-DA-A95Z-06A,TCGA GDC 2025,50.766666666666666,1,1,1,,,,,,1,1,1
TCGA_GDC_TCGA-DA-A960,TCGA_GDC_TCGA-DA-A960-01A,TCGA GDC 2025,22.3,0,1,0,,,,,,0,1,0
TCGA_GDC_TCGA-EB-A1NK,TCGA_GDC_TCGA-EB-A1NK-01A,TCGA GDC 2025,3.6666666666666665,0,1,0,,,,,,0,1,0
TCGA_GDC_TCGA-EB-A24C,TCGA_GDC_TCGA-EB-A24C-01A,TCGA GDC 2025,0.7666666666666667,1,0,0,,,,,,1,0,0
TCGA_GDC_TCGA-EB-A24D,TCGA_GDC_TCGA-EB-A24D-01A,TCGA GDC 2025,14.533333333333331,1,0,0,,,,,,1,0,0
TCGA_GDC_TCGA-EB-A299,TCGA_GDC_TCGA-EB-A299-01A,TCGA GDC 2025,3.7666666666666666,1,0,0,,,,,,1,0,0
TCGA_GDC_TCGA-EB-A3HV,TCGA_GDC_TCGA-EB-A3HV-01A,TCGA GDC 2025,1.1666666666666667,1,0,0,,,,,,1,0,0
TCGA_GDC_TCGA-EB-A3XB,TCGA_GDC_TCGA-EB-A3XB-01A,TCGA GDC 2025,13.466666666666669,1,0,0,,,,,,1,0,0
TCGA_GDC_TCGA-EB-A3XC,TCGA_GDC_TCGA-EB-A3XC-01A,TCGA GDC 2025,10.6,1,0,0,,,,,,1,0,0
TCGA_GDC_TCGA-EB-A3XD,TCGA_GDC_TCGA-EB-A3XD-01A,TCGA GDC 2025,8.3,1,0,0,,,,,,1,0,0
TCGA_GDC_TCGA-EB-A3XE,TCGA_GDC_TCGA-EB-A3XE-01A,TCGA GDC 2025,0.5666666666666667,1,0,0,,,,,,1,0,0
TCGA_GDC_TCGA-EB-A3XF,TCGA_GDC_TCGA-EB-A3XF-01A,TCGA GDC 2025,10.033333333333331,1,0,0,,,,,,1,0,0
TCGA_GDC_TCGA-EB-A3Y6,TCGA_GDC_TCGA-EB-A3Y6-01A,TCGA GDC 2025,15.766666666666667,1,0,0,,,,,,1,0,0
TCGA_GDC_TCGA-EB-A3Y7,TCGA_GDC_TCGA-EB-A3Y7-01A,TCGA GDC 2025,28.866666666666667,0,0,1,,,,,,0,0,1
TCGA_GDC_TCGA-EB-A41A,TCGA_GDC_TCGA-EB-A41A-01A,TCGA GDC 2025,48.43333333333333,0,0,1,,,,,,0,0,1
TCGA_GDC_TCGA-EB-A41B,TCGA_GDC_TCGA-EB-A41B-01A,TCGA GDC 2025,10.233333333333333,0,0,0,,,,,,0,0,0
TCGA_GDC_TCGA-EB-A42Y,TCGA_GDC_TCGA-EB-A42Y-01A,TCGA GDC 2025,1.8333333333333333,0,0,0,,,,,,0,0,0
TCGA_GDC_TCGA-EB-A42Z,TCGA_GDC_TCGA-EB-A42Z-01A,TCGA GDC 2025,2.7,1,0,0,,,,,,1,0,0
TCGA_GDC_TCGA-EB-A430,TCGA_GDC_TCGA-EB-A430-01A,TCGA GDC 2025,10.8,1,0,0,,,,,,1,0,0
TCGA_GDC_TCGA-EB-A431,TCGA_GDC_TCGA-EB-A431-01A,TCGA GDC 2025,43.9,1,0,0,,,,,,1,0,0
TCGA_GDC_TCGA-EB-A44N,TCGA_GDC_TCGA-EB-A44N-01A,TCGA GDC 2025,3.866666666666666,1,0,0,,,,,,1,0,0
TCGA_GDC_TCGA-EB-A44O,TCGA_GDC_TCGA-EB-A44O-01A,TCGA GDC 2025,12.8,0,1,0,,,,,,0,1,0
TCGA_GDC_TCGA-EB-A44P,TCGA_GDC_TCGA-EB-A44P-01A,TCGA GDC 2025,8.266666666666667,1,0,0,,,,,,1,0,0
TCGA_GDC_TCGA-EB-A44Q,TCGA_GDC_TCGA-EB-A44Q-06A,TCGA GDC 2025,1.2333333333333334,0,1,0,,,,,,0,1,0
TCGA_GDC_TCGA-EB-A44R,TCGA_GDC_TCGA-EB-A44R-06A,TCGA GDC 2025,1.3,0,1,0,,,,,,0,1,0
TCGA_GDC_TCGA-EB-A4IQ,TCGA_GDC_TCGA-EB-A4IQ-01A,TCGA GDC 2025,0.3,0,0,0,,,,,,0,0,0
TCGA_GDC_TCGA-EB-A4IS,TCGA_GDC_TCGA-EB-A4IS-01A,TCGA GDC 2025,13.666666666666666,1,0,1,,,,,,1,0,1
TCGA_GDC_TCGA-EB-A4OY,TCGA_GDC_TCGA-EB-A4OY-01A,TCGA GDC 2025,1.5,0,0,0,,,,,,0,0,0
TCGA_GDC_TCGA-EB-A4OZ,TCGA_GDC_TCGA-EB-A4OZ-01A,TCGA GDC 2025,0.2666666666666666,0,0,0,,,,,,0,0,0
TCGA_GDC_TCGA-EB-A4P0,TCGA_GDC_TCGA-EB-A4P0-01A,TCGA GDC 2025,4.8,1,0,0,,,,,,1,0,0
TCGA_GDC_TCGA-EB-A4XL,TCGA_GDC_TCGA-EB-A4XL-01A,TCGA GDC 2025,12.0,0,0,0,,,,,,0,0,0
TCGA_GDC_TCGA-EB-A51B,TCGA_GDC_TCGA-EB-A51B-01A,TCGA GDC 2025,10.5,0,0,0,,,,,,0,0,0
TCGA_GDC_TCGA-EB-A550,TCGA_GDC_TCGA-EB-A550-01A,TCGA GDC 2025,4.266666666666667,1,0,0,,,,,,1,0,0
TCGA_GDC_TCGA-EB-A551,TCGA_GDC_TCGA-EB-A551-01A,TCGA GDC 2025,8.666666666666666,0,1,0,,,,,,0,1,0
TCGA_GDC_TCGA-EB-A553,TCGA_GDC_TCGA-EB-A553-01A,TCGA GDC 2025,8.8,1,0,0,,,,,,1,0,0
TCGA_GDC_TCGA-EB-A57M,TCGA_GDC_TCGA-EB-A57M-01A,TCGA GDC 2025,1.2666666666666666,0,0,0,,,,,,0,0,0
TCGA_GDC_TCGA-EB-A5FP,TCGA_GDC_TCGA-EB-A5FP-01A,TCGA GDC 2025,10.3,1,0,0,,,,,,1,0,0
TCGA_GDC_TCGA-EB-A5KH,TCGA_GDC_TCGA-EB-A5KH-06A,TCGA GDC 2025,1.0,0,0,0,,,,,,0,0,0
TCGA_GDC_TCGA-EB-A5SE,TCGA_GDC_TCGA-EB-A5SE-01A,TCGA GDC 2025,7.3,1,0,0,,,,,,1,0,0
TCGA_GDC_TCGA-EB-A5SF,TCGA_GDC_TCGA-EB-A5SF-01A,TCGA GDC 2025,0.7666666666666667,0,0,0,,,,,,0,0,0
TCGA_GDC_TCGA-EB-A5SG,TCGA_GDC_TCGA-EB-A5SG-06A,TCGA GDC 2025,6.466666666666667,0,1,0,,,,,,0,1,0
TCGA_GDC_TCGA-EB-A5SH,TCGA_GDC_TCGA-EB-A5SH-06A,TCGA GDC 2025,2.6,0,0,0,,,,,,0,0,0
TCGA_GDC_TCGA-EB-A5UL,TCGA_GDC_TCGA-EB-A5UL-06A,TCGA GDC 2025,11.7,0,1,0,,,,,,0,1,0
TCGA_GDC_TCGA-EB-A5UM,TCGA_GDC_TCGA-EB-A5UM-01A,TCGA GDC 2025,14.7,0,0,0,,,,,,0,0,0
TCGA_GDC_TCGA-EB-A5UN,TCGA_GDC_TCGA-EB-A5UN-06A,TCGA GDC 2025,18.933333333333334,1,0,0,,,,,,1,0,0
TCGA_GDC_TCGA-EB-A5VU,TCGA_GDC_TCGA-EB-A5VU-01A,TCGA GDC 2025,1.1,0,1,0,,,,,,0,1,0
TCGA_GDC_TCGA-EB-A5VV,TCGA_GDC_TCGA-EB-A5VV-06A,TCGA GDC 2025,,0,0,0,,,,,,0,0,0
TCGA_GDC_TCGA-EB-A6L9,TCGA_GDC_TCGA-EB-A6L9-06A,TCGA GDC 2025,0.4666666666666667,0,0,0,,,,,,0,0,0
TCGA_GDC_TCGA-EB-A6QY,TCGA_GDC_TCGA-EB-A6QY-01A,TCGA GDC 2025,15.833333333333334,1,0,0,,,,,,1,0,0
TCGA_GDC_TCGA-EB-A6QZ,TCGA_GDC_TCGA-EB-A6QZ-01A,TCGA GDC 2025,7.1,1,0,0,,,,,,1,0,0
TCGA_GDC_TCGA-EB-A6R0,TCGA_GDC_TCGA-EB-A6R0-01A,TCGA GDC 2025,9.933333333333334,1,0,0,,,,,,1,0,0
TCGA_GDC_TCGA-EB-A82B,TCGA_GDC_TCGA-EB-A82B-01A,TCGA GDC 2025,1.1,0,0,1,,,,,,0,0,1
TCGA_GDC_TCGA-EB-A82C,TCGA_GDC_TCGA-EB-A82C-01A,TCGA GDC 2025,0.8333333333333334,0,0,1,,,,,,0,0,1
TCGA_GDC_TCGA-EB-A85I,TCGA_GDC_TCGA-EB-A85I-01A,TCGA GDC 2025,5.333333333333333,1,0,0,,,,,,1,0,0
TCGA_GDC_TCGA-EB-A85J,TCGA_GDC_TCGA-EB-A85J-01A,TCGA GDC 2025,10.233333333333333,0,1,0,,,,,,0,1,0
TCGA_GDC_TCGA-EB-A97M,TCGA_GDC_TCGA-EB-A97M-01A,TCGA GDC 2025,7.9,0,0,0,,,,,,0,0,0
TCGA_GDC_TCGA-EE-A17X,TCGA_GDC_TCGA-EE-A17X-06A,TCGA GDC 2025,21.166666666666668,0,1,1,,,,,,0,1,1
TCGA_GDC_TCGA-EE-A17Y,TCGA_GDC_TCGA-EE-A17Y-06A,TCGA GDC 2025,4.233333333333333,1,0,0,,,,,,1,0,0
TCGA_GDC_TCGA-EE-A17Z,TCGA_GDC_TCGA-EE-A17Z-06A,TCGA GDC 2025,0.6333333333333333,0,0,0,,,,,,0,0,0
TCGA_GDC_TCGA-EE-A180,TCGA_GDC_TCGA-EE-A180-06A,TCGA GDC 2025,13.9,0,0,1,,,,,,0,0,1
TCGA_GDC_TCGA-EE-A181,TCGA_GDC_TCGA-EE-A181-06A,TCGA GDC 2025,68.73333333333333,1,0,1,,,,,,1,0,1
TCGA_GDC_TCGA-EE-A182,TCGA_GDC_TCGA-EE-A182-06A,TCGA GDC 2025,37.766666666666666,0,0,1,,,,,,0,0,1
TCGA_GDC_TCGA-EE-A183,TCGA_GDC_TCGA-EE-A183-06A,TCGA GDC 2025,17.7,1,0,0,,,,,,1,0,0
TCGA_GDC_TCGA-EE-A184,TCGA_GDC_TCGA-EE-A184-06A,TCGA GDC 2025,7.266666666666667,0,1,0,,,,,,0,1,0
TCGA_GDC_TCGA-EE-A185,TCGA_GDC_TCGA-EE-A185-06A,TCGA GDC 2025,5.0,0,1,0,,,,,,0,1,0
TCGA_GDC_TCGA-EE-A20B,TCGA_GDC_TCGA-EE-A20B-06A,TCGA GDC 2025,5.033333333333333,1,0,0,,,,,,1,0,0
TCGA_GDC_TCGA-EE-A20C,TCGA_GDC_TCGA-EE-A20C-06A,TCGA GDC 2025,53.73333333333333,0,1,1,,,,,,0,1,1
TCGA_GDC_TCGA-EE-A20F,TCGA_GDC_TCGA-EE-A20F-06A,TCGA GDC 2025,11.733333333333333,1,0,0,,,,,,1,0,0
TCGA_GDC_TCGA-EE-A20H,TCGA_GDC_TCGA-EE-A20H-06A,TCGA GDC 2025,15.933333333333334,1,0,0,,,,,,1,0,0
TCGA_GDC_TCGA-EE-A20I,TCGA_GDC_TCGA-EE-A20I-06A,TCGA GDC 2025,0.4333333333333333,0,0,0,,,,,,0,0,0
TCGA_GDC_TCGA-EE-A29A,TCGA_GDC_TCGA-EE-A29A-06A,TCGA GDC 2025,6.633333333333334,1,0,0,,,,,,1,0,0
TCGA_GDC_TCGA-EE-A29B,TCGA_GDC_TCGA-EE-A29B-06A,TCGA GDC 2025,14.633333333333333,0,0,0,,,,,,0,0,0
TCGA_GDC_TCGA-EE-A29C,TCGA_GDC_TCGA-EE-A29C-06A,TCGA GDC 2025,10.866666666666667,1,0,0,,,,,,1,0,0
TCGA_GDC_TCGA-EE-A29D,TCGA_GDC_TCGA-EE-A29D-06A,TCGA GDC 2025,95.53333333333332,0,0,0,,,,,,0,0,0
TCGA_GDC_TCGA-EE-A29E,TCGA_GDC_TCGA-EE-A29E-06A,TCGA GDC 2025,88.43333333333334,1,0,0,,,,,,1,0,0
TCGA_GDC_TCGA-EE-A29G,TCGA_GDC_TCGA-EE-A29G-06A,TCGA GDC 2025,8.366666666666667,0,1,0,,,,,,0,1,0
TCGA_GDC_TCGA-EE-A29H,TCGA_GDC_TCGA-EE-A29H-06A,TCGA GDC 2025,8.0,1,0,0,,,,,,1,0,0
TCGA_GDC_TCGA-EE-A29L,TCGA_GDC_TCGA-EE-A29L-06A,TCGA GDC 2025,49.7,0,1,1,,,,,,0,1,1
TCGA_GDC_TCGA-EE-A29M,TCGA_GDC_TCGA-EE-A29M-06A,TCGA GDC 2025,60.86666666666667,1,0,0,,,,,,1,0,0
TCGA_GDC_TCGA-EE-A29N,TCGA_GDC_TCGA-EE-A29N-06A,TCGA GDC 2025,16.0,1,0,1,,,,,,1,0,1
TCGA_GDC_TCGA-EE-A29P,TCGA_GDC_TCGA-EE-A29P-06A,TCGA GDC 2025,7.766666666666667,1,0,0,,,,,,1,0,0
TCGA_GDC_TCGA-EE-A29Q,TCGA_GDC_TCGA-EE-A29Q-06A,TCGA GDC 2025,7.6,0,1,0,,,,,,0,1,0
TCGA_GDC_TCGA-EE-A29R,TCGA_GDC_TCGA-EE-A29R-06A,TCGA GDC 2025,16.766666666666666,0,1,0,,,,,,0,1,0
TCGA_GDC_TCGA-EE-A29S,TCGA_GDC_TCGA-EE-A29S-06A,TCGA GDC 2025,26.766666666666666,0,1,0,,,,,,0,1,0
TCGA_GDC_TCGA-EE-A29T,TCGA_GDC_TCGA-EE-A29T-06A,TCGA GDC 2025,10.033333333333331,1,0,0,,,,,,1,0,0
TCGA_GDC_TCGA-EE-A29V,TCGA_GDC_TCGA-EE-A29V-06A,TCGA GDC 2025,26.666666666666668,0,1,0,,,,,,0,1,0
TCGA_GDC_TCGA-EE-A29W,TCGA_GDC_TCGA-EE-A29W-06A,TCGA GDC 2025,2.066666666666667,1,0,0,,,,,,1,0,0
TCGA_GDC_TCGA-EE-A29X,TCGA_GDC_TCGA-EE-A29X-06A,TCGA GDC 2025,3.533333333333333,0,1,0,,,,,,0,1,0
TCGA_GDC_TCGA-EE-A2A0,TCGA_GDC_TCGA-EE-A2A0-06A,TCGA GDC 2025,10.9,1,0,0,,,,,,1,0,0
TCGA_GDC_TCGA-EE-A2A1,TCGA_GDC_TCGA-EE-A2A1-06A,TCGA GDC 2025,9.833333333333334,0,1,0,,,,,,0,1,0
TCGA_GDC_TCGA-EE-A2A2,TCGA_GDC_TCGA-EE-A2A2-06A,TCGA GDC 2025,39.53333333333333,0,1,1,,,,,,0,1,1
TCGA_GDC_TCGA-EE-A2A5,TCGA_GDC_TCGA-EE-A2A5-06A,TCGA GDC 2025,8.633333333333333,0,1,0,,,,,,0,1,0
TCGA_GDC_TCGA-EE-A2A6,TCGA_GDC_TCGA-EE-A2A6-06A,TCGA GDC 2025,7.566666666666666,1,0,0,,,,,,1,0,0
TCGA_GDC_TCGA-EE-A2GB,TCGA_GDC_TCGA-EE-A2GB-06A,TCGA GDC 2025,17.2,1,0,0,,,,,,1,0,0
TCGA_GDC_TCGA-EE-A2GC,TCGA_GDC_TCGA-EE-A2GC-06A,TCGA GDC 2025,60.13333333333333,1,0,1,,,,,,1,0,1
TCGA_GDC_TCGA-EE-A2GD,TCGA_GDC_TCGA-EE-A2GD-06A,TCGA GDC 2025,14.133333333333333,0,1,0,,,,,,0,1,0
TCGA_GDC_TCGA-EE-A2GE,TCGA_GDC_TCGA-EE-A2GE-06A,TCGA GDC 2025,5.833333333333333,1,0,0,,,,,,1,0,0
TCGA_GDC_TCGA-EE-A2GH,TCGA_GDC_TCGA-EE-A2GH-06A,TCGA GDC 2025,8.233333333333333,1,0,0,,,,,,1,0,0
TCGA_GDC_TCGA-EE-A2GI,TCGA_GDC_TCGA-EE-A2GI-06A,TCGA GDC 2025,39.03333333333333,0,0,1,,,,,,0,0,1
TCGA_GDC_TCGA-EE-A2GJ,TCGA_GDC_TCGA-EE-A2GJ-06A,TCGA GDC 2025,29.866666666666667,1,1,0,,,,,,1,1,0
TCGA_GDC_TCGA-EE-A2GK,TCGA_GDC_TCGA-EE-A2GK-06A,TCGA GDC 2025,,0,0,0,,,,,,0,0,0
TCGA_GDC_TCGA-EE-A2GL,TCGA_GDC_TCGA-EE-A2GL-06A,TCGA GDC 2025,8.466666666666667,0,1,0,,,,,,0,1,0
TCGA_GDC_TCGA-EE-A2GM,TCGA_GDC_TCGA-EE-A2GM-06B,TCGA GDC 2025,18.73333333333333,1,1,0,,,,,,1,1,0
TCGA_GDC_TCGA-EE-A2GN,TCGA_GDC_TCGA-EE-A2GN-06A,TCGA GDC 2025,11.5,0,1,0,,,,,,0,1,0
TCGA_GDC_TCGA-EE-A2GO,TCGA_GDC_TCGA-EE-A2GO-06A,TCGA GDC 2025,49.8,1,0,1,,,,,,1,0,1
TCGA_GDC_TCGA-EE-A2GP,TCGA_GDC_TCGA-EE-A2GP-06A,TCGA GDC 2025,16.1,0,1,0,,,,,,0,1,0
TCGA_GDC_TCGA-EE-A2GR,TCGA_GDC_TCGA-EE-A2GR-06A,TCGA GDC 2025,40.3,0,0,1,,,,,,0,0,1
TCGA_GDC_TCGA-EE-A2GS,TCGA_GDC_TCGA-EE-A2GS-06A,TCGA GDC 2025,9.1,1,0,0,,,,,,1,0,0
TCGA_GDC_TCGA-EE-A2GT,TCGA_GDC_TCGA-EE-A2GT-06A,TCGA GDC 2025,8.2,1,0,0,,,,,,1,0,0
TCGA_GDC_TCGA-EE-A2GU,TCGA_GDC_TCGA-EE-A2GU-06A,TCGA GDC 2025,14.833333333333334,0,1,0,,,,,,0,1,0
TCGA_GDC_TCGA-EE-A2M5,TCGA_GDC_TCGA-EE-A2M5-06A,TCGA GDC 2025,51.63333333333333,1,0,0,,,,,,1,0,0
TCGA_GDC_TCGA-EE-A2M6,TCGA_GDC_TCGA-EE-A2M6-06A,TCGA GDC 2025,14.366666666666667,1,0,0,,,,,,1,0,0
TCGA_GDC_TCGA-EE-A2M7,TCGA_GDC_TCGA-EE-A2M7-06A,TCGA GDC 2025,1.3666666666666667,1,0,0,,,,,,1,0,0
TCGA_GDC_TCGA-EE-A2M8,TCGA_GDC_TCGA-EE-A2M8-06A,TCGA GDC 2025,2.4,1,0,0,,,,,,1,0,0
TCGA_GDC_TCGA-EE-A2MC,TCGA_GDC_TCGA-EE-A2MC-06A,TCGA GDC 2025,19.633333333333333,0,1,0,,,,,,0,1,0
TCGA_GDC_TCGA-EE-A2MD,TCGA_GDC_TCGA-EE-A2MD-06A,TCGA GDC 2025,42.766666666666666,0,1,0,,,,,,0,1,0
TCGA_GDC_TCGA-EE-A2ME,TCGA_GDC_TCGA-EE-A2ME-06A,TCGA GDC 2025,0.5666666666666667,1,0,0,,,,,,1,0,0
TCGA_GDC_TCGA-EE-A2MF,TCGA_GDC_TCGA-EE-A2MF-06A,TCGA GDC 2025,19.7,0,1,0,,,,,,0,1,0
TCGA_GDC_TCGA-EE-A2MG,TCGA_GDC_TCGA-EE-A2MG-06A,TCGA GDC 2025,5.166666666666667,1,0,0,,,,,,1,0,0
TCGA_GDC_TCGA-EE-A2MH,TCGA_GDC_TCGA-EE-A2MH-06A,TCGA GDC 2025,3.333333333333333,1,0,0,,,,,,1,0,0
TCGA_GDC_TCGA-EE-A2MI,TCGA_GDC_TCGA-EE-A2MI-06A,TCGA GDC 2025,27.7,0,0,1,,,,,,0,0,1
TCGA_GDC_TCGA-EE-A2MJ,TCGA_GDC_TCGA-EE-A2MJ-06A,TCGA GDC 2025,45.3,0,0,1,,,,,,0,0,1
TCGA_GDC_TCGA-EE-A2MK,TCGA_GDC_TCGA-EE-A2MK-06A,TCGA GDC 2025,7.533333333333333,1,0,0,,,,,,1,0,0
TCGA_GDC_TCGA-EE-A2ML,TCGA_GDC_TCGA-EE-A2ML-06A,TCGA GDC 2025,14.466666666666669,0,1,0,,,,,,0,1,0
TCGA_GDC_TCGA-EE-A2MM,TCGA_GDC_TCGA-EE-A2MM-06A,TCGA GDC 2025,13.8,0,1,0,,,,,,0,1,0
TCGA_GDC_TCGA-EE-A2MN,TCGA_GDC_TCGA-EE-A2MN-06A,TCGA GDC 2025,3.933333333333333,0,1,0,,,,,,0,1,0
TCGA_GDC_TCGA-EE-A2MP,TCGA_GDC_TCGA-EE-A2MP-06A,TCGA GDC 2025,7.966666666666667,1,0,0,,,,,,1,0,0
TCGA_GDC_TCGA-EE-A2MQ,TCGA_GDC_TCGA-EE-A2MQ-06A,TCGA GDC 2025,6.566666666666666,1,0,0,,,,,,1,0,0
TCGA_GDC_TCGA-EE-A2MR,TCGA_GDC_TCGA-EE-A2MR-06A,TCGA GDC 2025,75.76666666666667,0,0,0,,,,,,0,0,0
TCGA_GDC_TCGA-EE-A2MS,TCGA_GDC_TCGA-EE-A2MS-06A,TCGA GDC 2025,72.4,0,0,1,,,,,,0,0,1
TCGA_GDC_TCGA-EE-A2MT,TCGA_GDC_TCGA-EE-A2MT-06A,TCGA GDC 2025,24.23333333333333,0,0,1,,,,,,0,0,1
TCGA_GDC_TCGA-EE-A2MU,TCGA_GDC_TCGA-EE-A2MU-06A,TCGA GDC 2025,16.533333333333335,0,1,0,,,,,,0,1,0
TCGA_GDC_TCGA-EE-A3AA,TCGA_GDC_TCGA-EE-A3AA-06A,TCGA GDC 2025,30.33333333333333,1,0,0,,,,,,1,0,0
TCGA_GDC_TCGA-EE-A3AB,TCGA_GDC_TCGA-EE-A3AB-06A,TCGA GDC 2025,17.5,1,0,0,,,,,,1,0,0
TCGA_GDC_TCGA-EE-A3AC,TCGA_GDC_TCGA-EE-A3AC-06A,TCGA GDC 2025,25.2,0,1,0,,,,,,0,1,0
TCGA_GDC_TCGA-EE-A3AD,TCGA_GDC_TCGA-EE-A3AD-06A,TCGA GDC 2025,10.7,1,0,0,,,,,,1,0,0
TCGA_GDC_TCGA-EE-A3AE,TCGA_GDC_TCGA-EE-A3AE-06A,TCGA GDC 2025,37.4,0,0,1,,,,,,0,0,1
TCGA_GDC_TCGA-EE-A3AF,TCGA_GDC_TCGA-EE-A3AF-06A,TCGA GDC 2025,27.1,1,0,0,,,,,,1,0,0
TCGA_GDC_TCGA-EE-A3AG,TCGA_GDC_TCGA-EE-A3AG-06A,TCGA GDC 2025,41.9,1,0,0,,,,,,1,0,0
TCGA_GDC_TCGA-EE-A3AH,TCGA_GDC_TCGA-EE-A3AH-06A,TCGA GDC 2025,10.733333333333333,1,0,0,,,,,,1,0,0
TCGA_GDC_TCGA-EE-A3J3,TCGA_GDC_TCGA-EE-A3J3-06A,TCGA GDC 2025,4.233333333333333,1,0,0,,,,,,1,0,0
TCGA_GDC_TCGA-EE-A3J4,TCGA_GDC_TCGA-EE-A3J4-06A,TCGA GDC 2025,8.266666666666667,1,0,0,,,,,,1,0,0
TCGA_GDC_TCGA-EE-A3J5,TCGA_GDC_TCGA-EE-A3J5-06A,TCGA GDC 2025,56.766666666666666,0,0,1,,,,,,0,0,1
TCGA_GDC_TCGA-EE-A3J7,TCGA_GDC_TCGA-EE-A3J7-06A,TCGA GDC 2025,25.666666666666668,0,1,0,,,,,,0,1,0
TCGA_GDC_TCGA-EE-A3J8,TCGA_GDC_TCGA-EE-A3J8-06A,TCGA GDC 2025,7.033333333333333,0,1,0,,,,,,0,1,0
TCGA_GDC_TCGA-EE-A3JA,TCGA_GDC_TCGA-EE-A3JA-06A,TCGA GDC 2025,25.966666666666665,0,1,0,,,,,,0,1,0
TCGA_GDC_TCGA-EE-A3JB,TCGA_GDC_TCGA-EE-A3JB-06A,TCGA GDC 2025,16.366666666666667,1,0,0,,,,,,1,0,0
TCGA_GDC_TCGA-EE-A3JD,TCGA_GDC_TCGA-EE-A3JD-06A,TCGA GDC 2025,46.8,1,0,1,,,,,,1,0,1
TCGA_GDC_TCGA-EE-A3JE,TCGA_GDC_TCGA-EE-A3JE-06A,TCGA GDC 2025,6.433333333333334,1,0,0,,,,,,1,0,0
TCGA_GDC_TCGA-EE-A3JH,TCGA_GDC_TCGA-EE-A3JH-06A,TCGA GDC 2025,4.233333333333333,1,0,0,,,,,,1,0,0
TCGA_GDC_TCGA-EE-A3JI,TCGA_GDC_TCGA-EE-A3JI-06A,TCGA GDC 2025,30.666666666666668,0,1,0,,,,,,0,1,0
TCGA_GDC_TCGA-ER-A193,TCGA_GDC_TCGA-ER-A193-06A,TCGA GDC 2025,51.03333333333333,1,0,0,,,,,,1,0,0
TCGA_GDC_TCGA-ER-A194,TCGA_GDC_TCGA-ER-A194-01A,TCGA GDC 2025,35.5,0,0,1,,,,,,0,0,1
TCGA_GDC_TCGA-ER-A195,TCGA_GDC_TCGA-ER-A195-06A,TCGA GDC 2025,6.433333333333334,0,1,0,,,,,,0,1,0
TCGA_GDC_TCGA-ER-A196,TCGA_GDC_TCGA-ER-A196-01A,TCGA GDC 2025,0.5333333333333333,0,0,0,,,,,,0,0,0
TCGA_GDC_TCGA-ER-A197,TCGA_GDC_TCGA-ER-A197-06A,TCGA GDC 2025,1.1,0,0,0,,,,,,0,0,0
TCGA_GDC_TCGA-ER-A198,TCGA_GDC_TCGA-ER-A198-06A,TCGA GDC 2025,12.866666666666667,1,0,0,,,,,,1,0,0
TCGA_GDC_TCGA-ER-A199,TCGA_GDC_TCGA-ER-A199-06A,TCGA GDC 2025,7.033333333333333,0,1,0,,,,,,0,1,0
TCGA_GDC_TCGA-ER-A19A,TCGA_GDC_TCGA-ER-A19A-06A,TCGA GDC 2025,4.0,0,0,1,,,,,,0,0,1
TCGA_GDC_TCGA-ER-A19B,TCGA_GDC_TCGA-ER-A19B-06A,TCGA GDC 2025,2.833333333333333,1,0,0,,,,,,1,0,0
TCGA_GDC_TCGA-ER-A19C,TCGA_GDC_TCGA-ER-A19C-06A,TCGA GDC 2025,1.8,1,0,0,,,,,,1,0,0
TCGA_GDC_TCGA-ER-A19D,TCGA_GDC_TCGA-ER-A19D-06A,TCGA GDC 2025,11.4,0,1,0,,,,,,0,1,0
TCGA_GDC_TCGA-ER-A19E,TCGA_GDC_TCGA-ER-A19E-06A,TCGA GDC 2025,12.033333333333331,1,0,0,,,,,,1,0,0
TCGA_GDC_TCGA-ER-A19F,TCGA_GDC_TCGA-ER-A19F-06A,TCGA GDC 2025,25.0,1,0,1,,,,,,1,0,1
TCGA_GDC_TCGA-ER-A19G,TCGA_GDC_TCGA-ER-A19G-06A,TCGA GDC 2025,13.333333333333334,1,0,0,,,,,,1,0,0
TCGA_GDC_TCGA-ER-A19H,TCGA_GDC_TCGA-ER-A19H-06A,TCGA GDC 2025,6.533333333333333,1,0,0,,,,,,1,0,0
TCGA_GDC_TCGA-ER-A19J,TCGA_GDC_TCGA-ER-A19J-06A,TCGA GDC 2025,5.5,1,0,0,,,,,,1,0,0
TCGA_GDC_TCGA-ER-A19K,TCGA_GDC_TCGA-ER-A19K-01A,TCGA GDC 2025,9.533333333333331,1,0,0,,,,,,1,0,0
TCGA_GDC_TCGA-ER-A19L,TCGA_GDC_TCGA-ER-A19L-06A,TCGA GDC 2025,1.4333333333333331,0,0,0,,,,,,0,0,0
TCGA_GDC_TCGA-ER-A19M,TCGA_GDC_TCGA-ER-A19M-06A,TCGA GDC 2025,12.366666666666667,1,0,0,,,,,,1,0,0
TCGA_GDC_TCGA-ER-A19N,TCGA_GDC_TCGA-ER-A19N-06A,TCGA GDC 2025,11.266666666666667,0,1,0,,,,,,0,1,0
TCGA_GDC_TCGA-ER-A19O,TCGA_GDC_TCGA-ER-A19O-06A,TCGA GDC 2025,4.633333333333334,1,0,0,,,,,,1,0,0
TCGA_GDC_TCGA-ER-A19P,TCGA_GDC_TCGA-ER-A19P-06A,TCGA GDC 2025,4.466666666666667,0,0,0,,,,,,0,0,0
TCGA_GDC_TCGA-ER-A19Q,TCGA_GDC_TCGA-ER-A19Q-06A,TCGA GDC 2025,3.4,1,0,0,,,,,,1,0,0
TCGA_GDC_TCGA-ER-A19S,TCGA_GDC_TCGA-ER-A19S-06A,TCGA GDC 2025,4.833333333333333,1,0,0,,,,,,1,0,0
TCGA_GDC_TCGA-ER-A19T,TCGA_GDC_TCGA-ER-A19T-01A,TCGA GDC 2025,1.4333333333333331,0,0,0,,,,,,0,0,0
TCGA_GDC_TCGA-ER-A19T,TCGA_GDC_TCGA-ER-A19T-06A,TCGA GDC 2025,1.2666666666666666,0,0,1,,,,,,0,0,1
TCGA_GDC_TCGA-ER-A19W,TCGA_GDC_TCGA-ER-A19W-06A,TCGA GDC 2025,8.133333333333333,0,1,0,,,,,,0,1,0
TCGA_GDC_TCGA-ER-A1A1,TCGA_GDC_TCGA-ER-A1A1-06A,TCGA GDC 2025,1.4,0,0,0,,,,,,0,0,0
TCGA_GDC_TCGA-ER-A2NB,TCGA_GDC_TCGA-ER-A2NB-01A,TCGA GDC 2025,1.7333333333333334,0,1,0,,,,,,0,1,0
TCGA_GDC_TCGA-ER-A2NC,TCGA_GDC_TCGA-ER-A2NC-06A,TCGA GDC 2025,9.9,1,1,0,,,,,,1,1,0
TCGA_GDC_TCGA-ER-A2ND,TCGA_GDC_TCGA-ER-A2ND-06A,TCGA GDC 2025,2.933333333333333,1,0,0,,,,,,1,0,0
TCGA_GDC_TCGA-ER-A2NE,TCGA_GDC_TCGA-ER-A2NE-06A,TCGA GDC 2025,3.4,0,1,0,,,,,,0,1,0
TCGA_GDC_TCGA-ER-A2NF,TCGA_GDC_TCGA-ER-A2NF-01A,TCGA GDC 2025,0.9333333333333332,0,0,0,,,,,,0,0,0
TCGA_GDC_TCGA-ER-A2NF,TCGA_GDC_TCGA-ER-A2NF-06A,TCGA GDC 2025,0.8333333333333334,0,0,0,,,,,,0,0,0
TCGA_GDC_TCGA-ER-A2NG,TCGA_GDC_TCGA-ER-A2NG-06A,TCGA GDC 2025,6.6,1,0,0,,,,,,1,0,0
TCGA_GDC_TCGA-ER-A2NH,TCGA_GDC_TCGA-ER-A2NH-06A,TCGA GDC 2025,7.666666666666667,0,1,0,,,,,,0,1,0
TCGA_GDC_TCGA-ER-A3ES,TCGA_GDC_TCGA-ER-A3ES-06A,TCGA GDC 2025,0.6333333333333333,0,0,0,,,,,,0,0,0
TCGA_GDC_TCGA-ER-A3ET,TCGA_GDC_TCGA-ER-A3ET-06A,TCGA GDC 2025,2.7,0,0,0,,,,,,0,0,0
TCGA_GDC_TCGA-ER-A3EV,TCGA_GDC_TCGA-ER-A3EV-06A,TCGA GDC 2025,2.2,0,0,0,,,,,,0,0,0
TCGA_GDC_TCGA-ER-A3PL,TCGA_GDC_TCGA-ER-A3PL-06A,TCGA GDC 2025,9.066666666666666,1,0,0,,,,,,1,0,0
TCGA_GDC_TCGA-ER-A42H,TCGA_GDC_TCGA-ER-A42H-01A,TCGA GDC 2025,1.5,0,0,0,,,,,,0,0,0
TCGA_GDC_TCGA-ER-A42K,TCGA_GDC_TCGA-ER-A42K-06A,TCGA GDC 2025,5.366666666666666,1,0,0,,,,,,1,0,0
TCGA_GDC_TCGA-ER-A42L,TCGA_GDC_TCGA-ER-A42L-06A,TCGA GDC 2025,22.0,0,0,0,,,,,,0,0,0
TCGA_GDC_TCGA-FR-A2OS,TCGA_GDC_TCGA-FR-A2OS-01A,TCGA GDC 2025,0.4,0,0,0,,,,,,0,0,0
TCGA_GDC_TCGA-FR-A3R1,TCGA_GDC_TCGA-FR-A3R1-01A,TCGA GDC 2025,10.566666666666666,0,0,1,,,,,,0,0,1
TCGA_GDC_TCGA-FR-A3YN,TCGA_GDC_TCGA-FR-A3YN-06A,TCGA GDC 2025,14.366666666666667,0,1,0,,,,,,0,1,0
TCGA_GDC_TCGA-FR-A3YO,TCGA_GDC_TCGA-FR-A3YO-06A,TCGA GDC 2025,21.73333333333333,1,0,0,,,,,,1,0,0
TCGA_GDC_TCGA-FR-A44A,TCGA_GDC_TCGA-FR-A44A-06A,TCGA GDC 2025,7.466666666666667,1,0,0,,,,,,1,0,0
TCGA_GDC_TCGA-FR-A69P,TCGA_GDC_TCGA-FR-A69P-06A,TCGA GDC 2025,5.8,0,1,0,,,,,,0,1,0
TCGA_GDC_TCGA-FR-A726,TCGA_GDC_TCGA-FR-A726-01A,TCGA GDC 2025,180.06666666666666,0,0,1,,,,,,0,0,1
TCGA_GDC_TCGA-FR-A728,TCGA_GDC_TCGA-FR-A728-01A,TCGA GDC 2025,9.866666666666667,1,0,0,,,,,,1,0,0
TCGA_GDC_TCGA-FR-A729,TCGA_GDC_TCGA-FR-A729-06A,TCGA GDC 2025,22.633333333333333,1,0,0,,,,,,1,0,0
TCGA_GDC_TCGA-FR-A7U8,TCGA_GDC_TCGA-FR-A7U8-06A,TCGA GDC 2025,0.9,0,1,0,,,,,,0,1,0
TCGA_GDC_TCGA-FR-A7U9,TCGA_GDC_TCGA-FR-A7U9-06A,TCGA GDC 2025,46.36666666666667,0,0,1,,,,,,0,0,1
TCGA_GDC_TCGA-FR-A7UA,TCGA_GDC_TCGA-FR-A7UA-06A,TCGA GDC 2025,4.233333333333333,1,0,0,,,,,,1,0,0
TCGA_GDC_TCGA-FR-A8YC,TCGA_GDC_TCGA-FR-A8YC-06A,TCGA GDC 2025,77.3,0,0,1,,,,,,0,0,1
TCGA_GDC_TCGA-FR-A8YD,TCGA_GDC_TCGA-FR-A8YD-06A,TCGA GDC 2025,3.1333333333333333,0,0,1,,,,,,0,0,1
TCGA_GDC_TCGA-FR-A8YE,TCGA_GDC_TCGA-FR-A8YE-06A,TCGA GDC 2025,8.033333333333333,1,0,0,,,,,,1,0,0
TCGA_GDC_TCGA-FS-A1YW,TCGA_GDC_TCGA-FS-A1YW-06A,TCGA GDC 2025,4.0,0,1,0,,,,,,0,1,0
TCGA_GDC_TCGA-FS-A1YX,TCGA_GDC_TCGA-FS-A1YX-06A,TCGA GDC 2025,0.7666666666666667,1,0,0,,,,,,1,0,0
TCGA_GDC_TCGA-FS-A1YY,TCGA_GDC_TCGA-FS-A1YY-06A,TCGA GDC 2025,5.3,1,0,0,,,,,,1,0,0
TCGA_GDC_TCGA-FS-A1Z0,TCGA_GDC_TCGA-FS-A1Z0-06A,TCGA GDC 2025,6.9,0,1,0,,,,,,0,1,0
TCGA_GDC_TCGA-FS-A1Z3,TCGA_GDC_TCGA-FS-A1Z3-06A,TCGA GDC 2025,27.266666666666666,0,1,1,,,,,,0,1,1
TCGA_GDC_TCGA-FS-A1Z4,TCGA_GDC_TCGA-FS-A1Z4-06A,TCGA GDC 2025,0.9666666666666668,0,0,0,,,,,,0,0,0
TCGA_GDC_TCGA-FS-A1Z7,TCGA_GDC_TCGA-FS-A1Z7-06A,TCGA GDC 2025,4.633333333333334,1,0,0,,,,,,1,0,0
TCGA_GDC_TCGA-FS-A1ZA,TCGA_GDC_TCGA-FS-A1ZA-06A,TCGA GDC 2025,31.7,0,0,1,,,,,,0,0,1
TCGA_GDC_TCGA-FS-A1ZB,TCGA_GDC_TCGA-FS-A1ZB-06A,TCGA GDC 2025,5.666666666666667,0,1,0,,,,,,0,1,0
TCGA_GDC_TCGA-FS-A1ZC,TCGA_GDC_TCGA-FS-A1ZC-06A,TCGA GDC 2025,17.833333333333332,1,0,0,,,,,,1,0,0
TCGA_GDC_TCGA-FS-A1ZD,TCGA_GDC_TCGA-FS-A1ZD-06A,TCGA GDC 2025,6.633333333333334,1,0,0,,,,,,1,0,0
TCGA_GDC_TCGA-FS-A1ZE,TCGA_GDC_TCGA-FS-A1ZE-06A,TCGA GDC 2025,3.8,0,1,0,,,,,,0,1,0
TCGA_GDC_TCGA-FS-A1ZF,TCGA_GDC_TCGA-FS-A1ZF-06A,TCGA GDC 2025,5.2,1,0,0,,,,,,1,0,0
TCGA_GDC_TCGA-FS-A1ZG,TCGA_GDC_TCGA-FS-A1ZG-06A,TCGA GDC 2025,0.8,0,0,0,,,,,,0,0,0
TCGA_GDC_TCGA-FS-A1ZH,TCGA_GDC_TCGA-FS-A1ZH-06A,TCGA GDC 2025,0.8,1,0,0,,,,,,1,0,0
TCGA_GDC_TCGA-FS-A1ZJ,TCGA_GDC_TCGA-FS-A1ZJ-06A,TCGA GDC 2025,1.6,0,0,0,,,,,,0,0,0
TCGA_GDC_TCGA-FS-A1ZK,TCGA_GDC_TCGA-FS-A1ZK-06A,TCGA GDC 2025,39.4,0,0,0,,,,,,0,0,0
TCGA_GDC_TCGA-FS-A1ZM,TCGA_GDC_TCGA-FS-A1ZM-06A,TCGA GDC 2025,6.3,1,0,0,,,,,,1,0,0
TCGA_GDC_TCGA-FS-A1ZN,TCGA_GDC_TCGA-FS-A1ZN-01A,TCGA GDC 2025,2.566666666666667,1,0,0,,,,,,1,0,0
TCGA_GDC_TCGA-FS-A1ZP,TCGA_GDC_TCGA-FS-A1ZP-06A,TCGA GDC 2025,10.3,0,1,1,,,,,,0,1,1
TCGA_GDC_TCGA-FS-A1ZQ,TCGA_GDC_TCGA-FS-A1ZQ-06A,TCGA GDC 2025,11.866666666666667,0,1,0,,,,,,0,1,0
TCGA_GDC_TCGA-FS-A1ZR,TCGA_GDC_TCGA-FS-A1ZR-06A,TCGA GDC 2025,3.5,1,0,0,,,,,,1,0,0
TCGA_GDC_TCGA-FS-A1ZS,TCGA_GDC_TCGA-FS-A1ZS-06A,TCGA GDC 2025,6.433333333333334,1,0,0,,,,,,1,0,0
TCGA_GDC_TCGA-FS-A1ZT,TCGA_GDC_TCGA-FS-A1ZT-06A,TCGA GDC 2025,4.433333333333334,0,1,0,,,,,,0,1,0
TCGA_GDC_TCGA-FS-A1ZU,TCGA_GDC_TCGA-FS-A1ZU-06A,TCGA GDC 2025,1.1666666666666667,0,0,0,,,,,,0,0,0
TCGA_GDC_TCGA-FS-A1ZW,TCGA_GDC_TCGA-FS-A1ZW-06A,TCGA GDC 2025,17.533333333333335,0,1,0,,,,,,0,1,0
TCGA_GDC_TCGA-FS-A1ZY,TCGA_GDC_TCGA-FS-A1ZY-06A,TCGA GDC 2025,0.7,0,1,0,,,,,,0,1,0
TCGA_GDC_TCGA-FS-A1ZZ,TCGA_GDC_TCGA-FS-A1ZZ-06A,TCGA GDC 2025,38.16666666666666,1,1,1,,,,,,1,1,1
TCGA_GDC_TCGA-FS-A4F0,TCGA_GDC_TCGA-FS-A4F0-06A,TCGA GDC 2025,14.533333333333331,0,0,0,,,,,,0,0,0
TCGA_GDC_TCGA-FS-A4F2,TCGA_GDC_TCGA-FS-A4F2-06A,TCGA GDC 2025,18.33333333333333,0,1,0,,,,,,0,1,0
TCGA_GDC_TCGA-FS-A4F4,TCGA_GDC_TCGA-FS-A4F4-06A,TCGA GDC 2025,1.1,0,0,1,,,,,,0,0,1
TCGA_GDC_TCGA-FS-A4F5,TCGA_GDC_TCGA-FS-A4F5-06A,TCGA GDC 2025,20.433333333333334,0,1,0,,,,,,0,1,0
TCGA_GDC_TCGA-FS-A4F8,TCGA_GDC_TCGA-FS-A4F8-06A,TCGA GDC 2025,4.433333333333334,1,0,0,,,,,,1,0,0
TCGA_GDC_TCGA-FS-A4F9,TCGA_GDC_TCGA-FS-A4F9-06A,TCGA GDC 2025,11.833333333333334,0,1,0,,,,,,0,1,0
TCGA_GDC_TCGA-FS-A4FB,TCGA_GDC_TCGA-FS-A4FB-06A,TCGA GDC 2025,5.0,1,0,0,,,,,,1,0,0
TCGA_GDC_TCGA-FS-A4FC,TCGA_GDC_TCGA-FS-A4FC-06A,TCGA GDC 2025,19.166666666666668,0,1,0,,,,,,0,1,0
TCGA_GDC_TCGA-FS-A4FD,TCGA_GDC_TCGA-FS-A4FD-06A,TCGA GDC 2025,11.866666666666667,0,1,0,,,,,,0,1,0
TCGA_GDC_TCGA-FW-A3I3,TCGA_GDC_TCGA-FW-A3I3-06A,TCGA GDC 2025,1.3666666666666667,0,0,1,,,,,,0,0,1
TCGA_GDC_TCGA-FW-A3R5,TCGA_GDC_TCGA-FW-A3R5-06A,TCGA GDC 2025,463.26666666666665,1,0,1,,,,,,1,0,1
TCGA_GDC_TCGA-FW-A3TU,TCGA_GDC_TCGA-FW-A3TU-06A,TCGA GDC 2025,20.1,0,0,0,,,,,,0,0,0
TCGA_GDC_TCGA-FW-A3TV,TCGA_GDC_TCGA-FW-A3TV-06A,TCGA GDC 2025,8.533333333333333,1,0,0,,,,,,1,0,0
TCGA_GDC_TCGA-FW-A5DX,TCGA_GDC_TCGA-FW-A5DX-01A,TCGA GDC 2025,4.966666666666667,1,0,0,,,,,,1,0,0
TCGA_GDC_TCGA-FW-A5DY,TCGA_GDC_TCGA-FW-A5DY-06A,TCGA GDC 2025,3.433333333333333,0,0,0,,,,,,0,0,0
TCGA_GDC_TCGA-GF-A2C7,TCGA_GDC_TCGA-GF-A2C7-01A,TCGA GDC 2025,1.9666666666666663,1,0,0,,,,,,1,0,0
TCGA_GDC_TCGA-GF-A3OT,TCGA_GDC_TCGA-GF-A3OT-06A,TCGA GDC 2025,13.966666666666669,0,1,0,,,,,,0,1,0
TCGA_GDC_TCGA-GF-A4EO,TCGA_GDC_TCGA-GF-A4EO-06A,TCGA GDC 2025,6.233333333333333,1,0,0,,,,,,1,0,0
TCGA_GDC_TCGA-GF-A6C8,TCGA_GDC_TCGA-GF-A6C8-06A,TCGA GDC 2025,9.9,1,0,0,,,,,,1,0,0
TCGA_GDC_TCGA-GF-A6C9,TCGA_GDC_TCGA-GF-A6C9-06A,TCGA GDC 2025,67.76666666666667,1,1,0,,,,,,1,1,0
TCGA_GDC_TCGA-GF-A769,TCGA_GDC_TCGA-GF-A769-01A,TCGA GDC 2025,3.633333333333333,1,0,0,,,,,,1,0,0
TCGA_GDC_TCGA-GN-A262,TCGA_GDC_TCGA-GN-A262-06A,TCGA GDC 2025,8.933333333333334,1,0,0,,,,,,1,0,0
TCGA_GDC_TCGA-GN-A263,TCGA_GDC_TCGA-GN-A263-01A,TCGA GDC 2025,11.6,1,0,0,,,,,,1,0,0
TCGA_GDC_TCGA-GN-A264,TCGA_GDC_TCGA-GN-A264-06A,TCGA GDC 2025,1.2,0,0,0,,,,,,0,0,0
TCGA_GDC_TCGA-GN-A265,TCGA_GDC_TCGA-GN-A265-06A,TCGA GDC 2025,5.466666666666667,1,0,0,,,,,,1,0,0
TCGA_GDC_TCGA-GN-A266,TCGA_GDC_TCGA-GN-A266-06A,TCGA GDC 2025,97.4,0,0,0,,,,,,0,0,0
TCGA_GDC_TCGA-GN-A267,TCGA_GDC_TCGA-GN-A267-06A,TCGA GDC 2025,11.0,0,1,0,,,,,,0,1,0
TCGA_GDC_TCGA-GN-A268,TCGA_GDC_TCGA-GN-A268-06A,TCGA GDC 2025,9.033333333333331,0,1,0,,,,,,0,1,0
TCGA_GDC_TCGA-GN-A26A,TCGA_GDC_TCGA-GN-A26A-06A,TCGA GDC 2025,8.466666666666667,1,0,0,,,,,,1,0,0
TCGA_GDC_TCGA-GN-A26C,TCGA_GDC_TCGA-GN-A26C-01A,TCGA GDC 2025,43.5,0,0,1,,,,,,0,0,1
TCGA_GDC_TCGA-GN-A26D,TCGA_GDC_TCGA-GN-A26D-06A,TCGA GDC 2025,1.2333333333333334,0,0,0,,,,,,0,0,0
TCGA_GDC_TCGA-GN-A4U3,TCGA_GDC_TCGA-GN-A4U3-06A,TCGA GDC 2025,7.9,0,1,0,,,,,,0,1,0
TCGA_GDC_TCGA-GN-A4U4,TCGA_GDC_TCGA-GN-A4U4-06A,TCGA GDC 2025,18.0,0,1,0,,,,,,0,1,0
TCGA_GDC_TCGA-GN-A4U5,TCGA_GDC_TCGA-GN-A4U5-01A,TCGA GDC 2025,8.433333333333334,1,0,0,,,,,,1,0,0
TCGA_GDC_TCGA-GN-A4U7,TCGA_GDC_TCGA-GN-A4U7-06A,TCGA GDC 2025,6.2,1,0,0,,,,,,1,0,0
TCGA_GDC_TCGA-GN-A4U8,TCGA_GDC_TCGA-GN-A4U8-06A,TCGA GDC 2025,10.4,1,0,0,,,,,,1,0,0
TCGA_GDC_TCGA-GN-A4U9,TCGA_GDC_TCGA-GN-A4U9-06A,TCGA GDC 2025,1.7666666666666666,0,1,0,,,,,,0,1,0
TCGA_GDC_TCGA-GN-A8LK,TCGA_GDC_TCGA-GN-A8LK-06A,TCGA GDC 2025,51.93333333333333,0,0,1,,,,,,0,0,1
TCGA_GDC_TCGA-GN-A8LL,TCGA_GDC_TCGA-GN-A8LL-06A,TCGA GDC 2025,1.3333333333333333,0,0,0,,,,,,0,0,0
TCGA_GDC_TCGA-GN-A8LN,TCGA_GDC_TCGA-GN-A8LN-01A,TCGA GDC 2025,6.966666666666667,0,1,0,,,,,,0,1,0
TCGA_GDC_TCGA-GN-A9SD,TCGA_GDC_TCGA-GN-A9SD-06A,TCGA GDC 2025,3.5,1,0,0,,,,,,1,0,0
TCGA_GDC_TCGA-HR-A2OG,TCGA_GDC_TCGA-HR-A2OG-06A,TCGA GDC 2025,4.966666666666667,0,1,0,,,,,,0,1,0
TCGA_GDC_TCGA-HR-A2OH,TCGA_GDC_TCGA-HR-A2OH-06A,TCGA GDC 2025,2.9,1,0,0,,,,,,1,0,0
TCGA_GDC_TCGA-HR-A5NC,TCGA_GDC_TCGA-HR-A5NC-01A,TCGA GDC 2025,1.5666666666666669,1,0,0,,,,,,1,0,0
TCGA_GDC_TCGA-IH-A3EA,TCGA_GDC_TCGA-IH-A3EA-01A,TCGA GDC 2025,39.6,1,0,0,,,,,,1,0,0
TCGA_GDC_TCGA-LH-A9QB,TCGA_GDC_TCGA-LH-A9QB-06A,TCGA GDC 2025,6.5,1,0,0,,,,,,1,0,0
TCGA_GDC_TCGA-OD-A75X,TCGA_GDC_TCGA-OD-A75X-06A,TCGA GDC 2025,27.23333333333333,1,0,0,,,,,,1,0,0
TCGA_GDC_TCGA-QB-A6FS,TCGA_GDC_TCGA-QB-A6FS-06A,TCGA GDC 2025,30.166666666666668,1,0,0,,,,,,1,0,0
TCGA_GDC_TCGA-QB-AA9O,TCGA_GDC_TCGA-QB-AA9O-06A,TCGA GDC 2025,38.9,0,1,0,,,,,,0,1,0
TCGA_GDC_TCGA-RP-A690,TCGA_GDC_TCGA-RP-A690-06A,TCGA GDC 2025,0.4666666666666667,0,0,0,,,,,,0,0,0
TCGA_GDC_TCGA-RP-A693,TCGA_GDC_TCGA-RP-A693-06A,TCGA GDC 2025,20.666666666666668,0,0,0,,,,,,0,0,0
TCGA_GDC_TCGA-RP-A694,TCGA_GDC_TCGA-RP-A694-06A,TCGA GDC 2025,18.433333333333334,0,0,0,,,,,,0,0,0
TCGA_GDC_TCGA-RP-A695,TCGA_GDC_TCGA-RP-A695-06A,TCGA GDC 2025,22.933333333333334,0,1,0,,,,,,0,1,0
TCGA_GDC_TCGA-RP-A6K9,TCGA_GDC_TCGA-RP-A6K9-06A,TCGA GDC 2025,1.4333333333333331,0,0,0,,,,,,0,0,0
TCGA_GDC_TCGA-W3-A824,TCGA_GDC_TCGA-W3-A824-06A,TCGA GDC 2025,38.66666666666666,0,1,0,,,,,,0,1,0
TCGA_GDC_TCGA-W3-A825,TCGA_GDC_TCGA-W3-A825-06A,TCGA GDC 2025,28.933333333333334,1,1,0,,,,,,1,1,0
TCGA_GDC_TCGA-W3-A828,TCGA_GDC_TCGA-W3-A828-06A,TCGA GDC 2025,36.8,0,0,1,,,,,,0,0,1
TCGA_GDC_TCGA-W3-AA1O,TCGA_GDC_TCGA-W3-AA1O-06A,TCGA GDC 2025,19.666666666666668,1,0,0,,,,,,1,0,0
TCGA_GDC_TCGA-W3-AA1Q,TCGA_GDC_TCGA-W3-AA1Q-06A,TCGA GDC 2025,24.03333333333333,1,0,0,,,,,,1,0,0
TCGA_GDC_TCGA-W3-AA1R,TCGA_GDC_TCGA-W3-AA1R-06A,TCGA GDC 2025,45.43333333333333,1,0,0,,,,,,1,0,0
TCGA_GDC_TCGA-W3-AA1V,TCGA_GDC_TCGA-W3-AA1V-06B,TCGA GDC 2025,141.0,1,0,1,,,,,,1,0,1
TCGA_GDC_TCGA-W3-AA1W,TCGA_GDC_TCGA-W3-AA1W-06A,TCGA GDC 2025,17.766666666666666,1,0,0,,,,,,1,0,0
TCGA_GDC_TCGA-W3-AA21,TCGA_GDC_TCGA-W3-AA21-06A,TCGA GDC 2025,13.2,1,0,0,,,,,,1,0,0
TCGA_GDC_TCGA-WE-A8JZ,TCGA_GDC_TCGA-WE-A8JZ-06A,TCGA GDC 2025,5.266666666666667,0,1,0,,,,,,0,1,0
TCGA_GDC_TCGA-WE-A8K1,TCGA_GDC_TCGA-WE-A8K1-06A,TCGA GDC 2025,8.733333333333333,0,1,0,,,,,,0,1,0
TCGA_GDC_TCGA-WE-A8K4,TCGA_GDC_TCGA-WE-A8K4-01A,TCGA GDC 2025,21.73333333333333,0,0,0,,,,,,0,0,0
TCGA_GDC_TCGA-WE-A8K5,TCGA_GDC_TCGA-WE-A8K5-06A,TCGA GDC 2025,29.166666666666668,1,0,0,,,,,,1,0,0
TCGA_GDC_TCGA-WE-A8K6,TCGA_GDC_TCGA-WE-A8K6-06A,TCGA GDC 2025,6.6,1,0,1,,,,,,1,0,1
TCGA_GDC_TCGA-WE-A8ZM,TCGA_GDC_TCGA-WE-A8ZM-06A,TCGA GDC 2025,2.2,0,0,1,,,,,,0,0,1
TCGA_GDC_TCGA-WE-A8ZN,TCGA_GDC_TCGA-WE-A8ZN-06A,TCGA GDC 2025,4.4,0,1,0,,,,,,0,1,0
TCGA_GDC_TCGA-WE-A8ZO,TCGA_GDC_TCGA-WE-A8ZO-06A,TCGA GDC 2025,9.233333333333333,0,1,0,,,,,,0,1,0
TCGA_GDC_TCGA-WE-A8ZQ,TCGA_GDC_TCGA-WE-A8ZQ-06A,TCGA GDC 2025,4.366666666666666,1,0,0,,,,,,1,0,0
TCGA_GDC_TCGA-WE-A8ZR,TCGA_GDC_TCGA-WE-A8ZR-06A,TCGA GDC 2025,0.7333333333333333,1,0,0,,,,,,1,0,0
TCGA_GDC_TCGA-WE-A8ZT,TCGA_GDC_TCGA-WE-A8ZT-06A,TCGA GDC 2025,11.8,1,0,0,,,,,,1,0,0
TCGA_GDC_TCGA-WE-A8ZX,TCGA_GDC_TCGA-WE-A8ZX-06A,TCGA GDC 2025,14.566666666666666,1,0,0,,,,,,1,0,0
TCGA_GDC_TCGA-WE-A8ZY,TCGA_GDC_TCGA-WE-A8ZY-06A,TCGA GDC 2025,6.033333333333333,0,1,0,,,,,,0,1,0
TCGA_GDC_TCGA-WE-AA9Y,TCGA_GDC_TCGA-WE-AA9Y-06A,TCGA GDC 2025,1.6666666666666667,0,0,0,,,,,,0,0,0
TCGA_GDC_TCGA-WE-AAA0,TCGA_GDC_TCGA-WE-AAA0-06A,TCGA GDC 2025,38.1,1,0,0,,,,,,1,0,0
TCGA_GDC_TCGA-WE-AAA3,TCGA_GDC_TCGA-WE-AAA3-06A,TCGA GDC 2025,9.233333333333333,0,1,0,,,,,,0,1,0
TCGA_GDC_TCGA-WE-AAA4,TCGA_GDC_TCGA-WE-AAA4-06A,TCGA GDC 2025,6.066666666666666,1,0,0,,,,,,1,0,0
TCGA_GDC_TCGA-XV-A9VZ,TCGA_GDC_TCGA-XV-A9VZ-01A,TCGA GDC 2025,0.4,0,0,0,,,,,,0,0,0
TCGA_GDC_TCGA-XV-A9W2,TCGA_GDC_TCGA-XV-A9W2-01A,TCGA GDC 2025,1.0333333333333334,0,0,1,,,,,,0,0,1
TCGA_GDC_TCGA-XV-A9W5,TCGA_GDC_TCGA-XV-A9W5-01A,TCGA GDC 2025,2.2666666666666666,1,0,0,,,,,,1,0,0
TCGA_GDC_TCGA-XV-AAZV,TCGA_GDC_TCGA-XV-AAZV-01A,TCGA GDC 2025,2.7,1,0,0,,,,,,1,0,0
TCGA_GDC_TCGA-XV-AAZW,TCGA_GDC_TCGA-XV-AAZW-01A,TCGA GDC 2025,3.866666666666666,1,0,0,,,,,,1,0,0
TCGA_GDC_TCGA-XV-AAZY,TCGA_GDC_TCGA-XV-AAZY-01A,TCGA GDC 2025,4.333333333333333,0,1,0,,,,,,0,1,0
TCGA_GDC_TCGA-XV-AB01,TCGA_GDC_TCGA-XV-AB01-06A,TCGA GDC 2025,5.433333333333334,1,0,0,,,,,,1,0,0
TCGA_GDC_TCGA-YD-A89C,TCGA_GDC_TCGA-YD-A89C-06A,TCGA GDC 2025,44.1,0,1,0,,,,,,0,1,0
TCGA_GDC_TCGA-YD-A9TA,TCGA_GDC_TCGA-YD-A9TA-06A,TCGA GDC 2025,85.16666666666667,0,0,1,,,,,,0,0,1
TCGA_GDC_TCGA-YD-A9TB,TCGA_GDC_TCGA-YD-A9TB-06A,TCGA GDC 2025,8.5,1,0,0,,,,,,1,0,0
TCGA_GDC_TCGA-YG-AA3N,TCGA_GDC_TCGA-YG-AA3N-01A,TCGA GDC 2025,51.9,1,0,1,,,,,,1,0,1
TCGA_GDC_TCGA-YG-AA3O,TCGA_GDC_TCGA-YG-AA3O-06A,TCGA GDC 2025,29.766666666666666,1,0,0,,,,,,1,0,0
TCGA_GDC_TCGA-YG-AA3P,TCGA_GDC_TCGA-YG-AA3P-06A,TCGA GDC 2025,1.8333333333333333,0,0,0,,,,,,0,0,0
TCGA_GDC_TCGA-Z2-A8RT,TCGA_GDC_TCGA-Z2-A8RT-06A,TCGA GDC 2025,75.83333333333333,0,0,0,,,,,,0,0,0
TCGA_GDC_TCGA-Z2-AA3S,TCGA_GDC_TCGA-Z2-AA3S-06A,TCGA GDC 2025,5.466666666666667,0,0,0,,,,,,0,0,0
TCGA_GDC_TCGA-Z2-AA3V,TCGA_GDC_TCGA-Z2-AA3V-06A,TCGA GDC 2025,11.033333333333331,1,0,0,,,,,,1,0,0
GIDE_PD02,GIDE_PD02_PRE,Gide 2019,,0,0,0,,,4.0,55.0,13.0,0,0,0
GIDE_PD03,GIDE_PD03_PRE,Gide 2019,,0,0,0,,,13.0,50.0,2.0,0,0,0
GIDE_PD04,GIDE_PD04_PRE,Gide 2019,,0,0,0,,,0.0,187.0,5.0,0,0,0
GIDE_PD05,GIDE_PD05_PRE,Gide 2019,,0,0,0,,,26.0,84.0,10.0,0,0,0
GIDE_PD06,GIDE_PD06_PRE,Gide 2019,,0,0,0,,,0.0,76.0,6.0,0,0,0
GIDE_PD07,GIDE_PD07_PRE,Gide 2019,,0,0,0,,,2.0,53.0,7.0,0,0,0
GIDE_PD08,GIDE_PD08_ON,Gide 2019,,0,0,0,,,4.0,99.0,8.0,0,0,0
GIDE_PD08,GIDE_PD08_PRE,Gide 2019,,0,0,0,,,4.0,103.0,13.0,0,0,0
GIDE_PD09,GIDE_PD09_PRE,Gide 2019,,0,0,0,,,1.0,72.0,5.0,0,0,0
GIDE_PD10,GIDE_PD10_ON,Gide 2019,,0,0,0,,,1.0,50.0,15.0,0,0,0
GIDE_PD10,GIDE_PD10_PRE,Gide 2019,,0,0,0,,,2.0,42.0,19.0,0,0,0
GIDE_PD11,GIDE_PD11_PRE,Gide 2019,,0,0,0,,,1.0,77.0,3.0,0,0,0
GIDE_PD12,GIDE_PD12_PRE,Gide 2019,,0,0,0,,,5.0,66.0,20.0,0,0,0
GIDE_PD13,GIDE_PD13_ON,Gide 2019,,0,0,0,,,4.0,110.0,11.0,0,0,0
GIDE_PD13,GIDE_PD13_PRE,Gide 2019,,0,0,0,,,1.0,113.0,10.0,0,0,0
GIDE_PD14,GIDE_PD14_PRE,Gide 2019,,0,0,0,,,1.0,82.0,26.0,0,0,0
GIDE_PD15,GIDE_PD15_PRE,Gide 2019,,0,0,0,,,3.0,96.0,7.0,0,0,0
GIDE_PD16,GIDE_PD16_PRE,Gide 2019,,0,0,0,,,1.0,46.0,13.0,0,0,0
GIDE_PD17,GIDE_PD17_ON,Gide 2019,,0,0,0,,,3.0,99.0,22.0,0,0,0
GIDE_PD17,GIDE_PD17_PRE,Gide 2019,,0,0,0,,,3.0,27.0,19.0,0,0,0
GIDE_PD18,GIDE_PD18_PRE,Gide 2019,,0,0,0,,,1.0,25.0,4.0,0,0,0
GIDE_PD19,GIDE_PD19_PRE,Gide 2019,,0,0,0,,,9.0,59.0,16.0,0,0,0
GIDE_PD21,GIDE_PD21_PRE,Gide 2019,,0,0,0,,,1.0,54.0,3.0,0,0,0
GIDE_PD23,GIDE_PD23_PRE,Gide 2019,,0,0,0,,,4.0,71.0,16.0,0,0,0
GIDE_PD25,GIDE_PD25_ON,Gide 2019,,0,0,0,,,2.0,64.0,10.0,0,0,0
GIDE_PD25,GIDE_PD25_PRE,Gide 2019,,0,0,0,,,5.0,59.0,16.0,0,0,0
GIDE_PD27,GIDE_PD27_PRE,Gide 2019,,0,0,0,,,10.0,91.0,13.0,0,0,0
GIDE_PD29,GIDE_PD29_ON,Gide 2019,,0,0,0,,,0.0,111.0,5.0,0,0,0
GIDE_PD29,GIDE_PD29_PRE,Gide 2019,,0,0,0,,,2.0,109.0,7.0,0,0,0
GIDE_PD30,GIDE_PD30_PRE,Gide 2019,,0,0,0,,,0.0,138.0,13.0,0,0,0
GIDE_PD34,GIDE_PD34_PRE,Gide 2019,,0,0,0,,,2.0,143.0,15.0,0,0,0
GIDE_PD35,GIDE_PD35_PRE,Gide 2019,,0,0,0,,,1.0,118.0,4.0,0,0,0
GIDE_PD36,GIDE_PD36_PRE,Gide 2019,,0,0,0,,,0.0,87.0,14.0,0,0,0
GIDE_PD38,GIDE_PD38_PRE,Gide 2019,,0,0,0,,,2.0,27.0,8.0,0,0,0
GIDE_PD40,GIDE_PD40_PRE,Gide 2019,,0,0,0,,,0.0,111.0,2.0,0,0,0
GIDE_PD41,GIDE_PD41_ON,Gide 2019,,0,0,0,,,3.0,61.0,7.0,0,0,0
GIDE_PD41,GIDE_PD41_PRE,Gide 2019,,0,0,0,,,3.0,52.0,10.0,0,0,0
GIDE_PD42,GIDE_PD42_PRE,Gide 2019,,0,0,0,,,5.0,144.0,12.0,0,0,0
GIDE_PD44,GIDE_PD44_PRE,Gide 2019,,0,0,0,,,0.0,76.0,16.0,0,0,0
GIDE_PD45,GIDE_PD45_PRE,Gide 2019,,0,0,0,,,3.0,99.0,4.0,0,0,0
GIDE_PD46,GIDE_PD46_PRE,Gide 2019,,0,0,0,,,1.0,53.0,5.0,0,0,0
GIDE_PD47,GIDE_PD47_ON,Gide 2019,,0,0,0,,,0.0,28.0,4.0,0,0,0
GIDE_PD47,GIDE_PD47_PRE,Gide 2019,,0,0,0,,,2.0,45.0,5.0,0,0,0
GIDE_PD48,GIDE_PD48_ON,Gide 2019,,0,0,0,,,1.0,134.0,7.0,0,0,0
GIDE_PD48,GIDE_PD48_PRE,Gide 2019,,0,0,0,,,0.0,100.0,6.0,0,0,0
GIDE_PD49,GIDE_PD49_PRE,Gide 2019,,0,0,0,,,4.0,73.0,6.0,0,0,0
GIDE_PD50,GIDE_PD50_PRE,Gide 2019,,0,0,0,,,4.0,116.0,3.0,0,0,0
GIDE_PD52,GIDE_PD52_PRE,Gide 2019,,0,0,0,,,4.0,72.0,10.0,0,0,0
GIDE_PD53,GIDE_PD53_PRE,Gide 2019,,0,0,0,,,0.0,67.0,4.0,0,0,0
GIDE_PD54,GIDE_PD54_PRE,Gide 2019,,0,0,0,,,4.0,92.0,9.0,0,0,0
GIDE_IP01,GIDE_IP01_ON,Gide 2019,,0,0,0,,,0.0,238.0,11.0,0,0,0
GIDE_IP01,GIDE_IP01_PRE,Gide 2019,,0,0,0,,,0.0,201.0,6.0,0,0,0
GIDE_IP02,GIDE_IP02_PRE,Gide 2019,,0,0,0,,,0.0,33.0,10.0,0,0,0
GIDE_IP04,GIDE_IP04_ON,Gide 2019,,0,0,0,,,3.0,139.0,7.0,0,0,0
GIDE_IP06,GIDE_IP06_PRE,Gide 2019,,0,0,0,,,0.0,84.0,6.0,0,0,0
GIDE_IP07,GIDE_IP07_PRE,Gide 2019,,0,0,0,,,1.0,46.0,6.0,0,0,0
GIDE_IP08,GIDE_IP08_PRE,Gide 2019,,0,0,0,,,2.0,120.0,20.0,0,0,0
GIDE_IP09,GIDE_IP09_ON,Gide 2019,,0,0,0,,,10.0,60.0,5.0,0,0,0
GIDE_IP10,GIDE_IP10_PRE,Gide 2019,,0,0,0,,,0.0,51.0,2.0,0,0,0
GIDE_IP12,GIDE_IP12_PRE,Gide 2019,,0,0,0,,,,,,0,0,0
GIDE_IP13,GIDE_IP13_ON,Gide 2019,,0,0,0,,,6.0,131.0,8.0,0,0,0
GIDE_IP13,GIDE_IP13_PRE,Gide 2019,,0,0,0,,,3.0,98.0,12.0,0,0,0
GIDE_IP14,GIDE_IP14_PRE,Gide 2019,,0,0,0,,,8.0,55.0,3.0,0,0,0
GIDE_IP15,GIDE_IP15_PRE,Gide 2019,,0,0,0,,,6.0,85.0,4.0,0,0,0
GIDE_IP17,GIDE_IP17_PRE,Gide 2019,,0,0,0,,,0.0,108.0,22.0,0,0,0
GIDE_IP19,GIDE_IP19_ON,Gide 2019,,0,0,0,,,3.0,104.0,6.0,0,0,0
GIDE_IP19,GIDE_IP19_PRE,Gide 2019,,0,0,0,,,2.0,88.0,4.0,0,0,0
GIDE_IP20,GIDE_IP20_PRE,Gide 2019,,0,0,0,,,0.0,201.0,3.0,0,0,0
GIDE_IP21,GIDE_IP21_PRE,Gide 2019,,0,0,0,,,0.0,7.0,8.0,0,0,0
GIDE_IP23,GIDE_IP23_PRE,Gide 2019,,0,0,0,,,1.0,127.0,4.0,0,0,0
GIDE_IP24,GIDE_IP24_PRE,Gide 2019,,0,0,0,,,0.0,70.0,7.0,0,0,0
GIDE_IP25,GIDE_IP25_PRE,Gide 2019,,0,0,0,,,2.0,178.0,6.0,0,0,0
GIDE_IP26,GIDE_IP26_PRE,Gide 2019,,0,0,0,,,1.0,263.0,20.0,0,0,0
GIDE_IP27,GIDE_IP27_ON,Gide 2019,,0,0,0,,,4.0,60.0,17.0,0,0,0
GIDE_IP27,GIDE_IP27_PRE,Gide 2019,,0,0,0,,,4.0,44.0,13.0,0,0,0
GIDE_IP32,GIDE_IP32_PRE,Gide 2019,,0,0,0,,,1.0,283.0,14.0,0,0,0
GIDE_IP33,GIDE_IP33_ON,Gide 2019,,0,0,0,,,1.0,40.0,9.0,0,0,0
GIDE_IP33,GIDE_IP33_PRE,Gide 2019,,0,0,0,,,0.0,34.0,15.0,0,0,0
GIDE_IP34,GIDE_IP34_PRE,Gide 2019,,0,0,0,,,0.0,39.0,10.0,0,0,0
GIDE_IP35,GIDE_IP35_ON,Gide 2019,,0,0,0,,,1.0,63.0,10.0,0,0,0
GIDE_IP35,GIDE_IP35_PRE,Gide 2019,,0,0,0,,,0.0,51.0,7.0,0,0,0
GIDE_IP36,GIDE_IP36_ON,Gide 2019,,0,0,0,,,2.0,65.0,15.0,0,0,0
GIDE_IP36,GIDE_IP36_PRE,Gide 2019,,0,0,0,,,1.0,44.0,7.0,0,0,0
GIDE_IP37,GIDE_IP37_PRE,Gide 2019,,0,0,0,,,2.0,90.0,7.0,0,0,0
GIDE_IP38,GIDE_IP38_PRE,Gide 2019,,0,0,0,,,0.0,133.0,15.0,0,0,0
GIDE_IP44,GIDE_IP44_PRE,Gide 2019,,0,0,0,,,0.0,125.0,3.0,0,0,0
GIDE_IP45,GIDE_IP45_PRE,Gide 2019,,0,0,0,,,2.0,192.0,13.0,0,0,0
GIDE_IP46,GIDE_IP46_PRE,Gide 2019,,0,0,0,,,0.0,57.0,3.0,0,0,0
GIDE_IP47,GIDE_IP47_PRE,Gide 2019,,0,0,0,,,1.0,116.0,3.0,0,0,0
GIDE_IP49,GIDE_IP49_PRE,Gide 2019,,0,0,0,,,0.0,131.0,9.0,0,0,0
GIDE_IP50,GIDE_IP50_PRE,Gide 2019,,0,0,0,,,1.0,67.0,7.0,0,0,0
VAN_ALLEN_PAT02,VAN_ALLEN_PAT02,Van Allen 2015,7.56666666667,0,0,0,,,,,,0,0,0
VAN_ALLEN_PAT03,VAN_ALLEN_PAT03,Van Allen 2015,12.3,1,0,0,,,,,,1,0,0
VAN_ALLEN_PAT04,VAN_ALLEN_PAT04,Van Allen 2015,10.9333333333,0,1,0,,,,,,0,1,0
VAN_ALLEN_PAT06,VAN_ALLEN_PAT06,Van Allen 2015,5.7,0,0,0,,,,,,0,0,0
VAN_ALLEN_PAT08,VAN_ALLEN_PAT08,Van Allen 2015,8.5,1,0,0,,,,,,1,0,0
VAN_ALLEN_PAT118,VAN_ALLEN_PAT118,Van Allen 2015,3.66666666667,1,0,0,,,,,,1,0,0
VAN_ALLEN_PAT119,VAN_ALLEN_PAT119,Van Allen 2015,9.6,0,1,0,,,,,,0,1,0
VAN_ALLEN_PAT123,VAN_ALLEN_PAT123,Van Allen 2015,15.7,0,1,1,,,,,,0,1,1
VAN_ALLEN_PAT126,VAN_ALLEN_PAT126,Van Allen 2015,12.8666666667,0,1,0,,,,,,0,1,0
VAN_ALLEN_PAT14,VAN_ALLEN_PAT14,Van Allen 2015,1.43333333333,1,0,0,,,,,,1,0,0
VAN_ALLEN_PAT15,VAN_ALLEN_PAT15,Van Allen 2015,7.96666666667,1,0,0,,,,,,1,0,0
VAN_ALLEN_PAT16,VAN_ALLEN_PAT16,Van Allen 2015,61.6,0,0,0,,,,,,0,0,0
VAN_ALLEN_PAT19,VAN_ALLEN_PAT19,Van Allen 2015,15.2333333333,0,1,0,,,,,,0,1,0
VAN_ALLEN_PAT25,VAN_ALLEN_PAT25,Van Allen 2015,1.63333333333,0,0,0,,,,,,0,0,0
VAN_ALLEN_PAT27,VAN_ALLEN_PAT27,Van Allen 2015,1.0,1,0,0,,,,,,1,0,0
VAN_ALLEN_PAT28,VAN_ALLEN_PAT28,Van Allen 2015,24.6666666667,0,0,0,,,,,,0,0,0
VAN_ALLEN_PAT29,VAN_ALLEN_PAT29,Van Allen 2015,1.16666666667,0,0,0,,,,,,0,0,0
VAN_ALLEN_PAT33,VAN_ALLEN_PAT33,Van Allen 2015,0.433333333333,0,0,0,,,,,,0,0,0
VAN_ALLEN_PAT36,VAN_ALLEN_PAT36,Van Allen 2015,0.366666666667,0,0,0,,,,,,0,0,0
VAN_ALLEN_PAT37,VAN_ALLEN_PAT37,Van Allen 2015,3.4,0,0,0,,,,,,0,0,0
VAN_ALLEN_PAT38,VAN_ALLEN_PAT38,Van Allen 2015,78.4666666667,1,0,1,,,,,,1,0,1
VAN_ALLEN_PAT39,VAN_ALLEN_PAT39,Van Allen 2015,2.43333333333,1,0,0,,,,,,1,0,0
VAN_ALLEN_PAT40,VAN_ALLEN_PAT40,Van Allen 2015,3.5,0,0,0,,,,,,0,0,0
VAN_ALLEN_PAT41,VAN_ALLEN_PAT41,Van Allen 2015,11.3,0,1,0,,,,,,0,1,0
VAN_ALLEN_PAT43,VAN_ALLEN_PAT43,Van Allen 2015,5.46666666667,1,0,0,,,,,,1,0,0
VAN_ALLEN_PAT44,VAN_ALLEN_PAT44,Van Allen 2015,1.03333333333,0,0,0,,,,,,0,0,0
VAN_ALLEN_PAT45,VAN_ALLEN_PAT45,Van Allen 2015,30.2333333333,0,0,0,,,,,,0,0,0
VAN_ALLEN_PAT46,VAN_ALLEN_PAT46,Van Allen 2015,7.83333333333,0,1,0,,,,,,0,1,0
VAN_ALLEN_PAT47,VAN_ALLEN_PAT47,Van Allen 2015,4.5,0,1,0,,,,,,0,1,0
VAN_ALLEN_PAT49,VAN_ALLEN_PAT49,Van Allen 2015,21.8333333333,1,0,0,,,,,,1,0,0
VAN_ALLEN_PAT50,VAN_ALLEN_PAT50,Van Allen 2015,14.5,1,0,1,,,,,,1,0,1
VAN_ALLEN_PAT79,VAN_ALLEN_PAT79,Van Allen 2015,10.5,0,0,0,,,,,,0,0,0
VAN_ALLEN_PAT80,VAN_ALLEN_PAT80,Van Allen 2015,6.3,1,1,0,,,,,,1,1,0
VAN_ALLEN_PAT81,VAN_ALLEN_PAT81,Van Allen 2015,3.66666666667,0,1,0,,,,,,0,1,0
VAN_ALLEN_PAT83,VAN_ALLEN_PAT83,Van Allen 2015,1.23333333333,0,0,0,,,,,,0,0,0
VAN_ALLEN_PAT85,VAN_ALLEN_PAT85,Van Allen 2015,13.4333333333,0,0,1,,,,,,0,0,1
VAN_ALLEN_PAT86,VAN_ALLEN_PAT86,Van Allen 2015,2.0,1,1,0,,,,,,1,1,0
VAN_ALLEN_PAT88,VAN_ALLEN_PAT88,Van Allen 2015,51.9333333333,1,0,1,,,,,,1,0,1
VAN_ALLEN_PAT90,VAN_ALLEN_PAT90,Van Allen 2015,6.73333333333,1,0,0,,,,,,1,0,0
VAN_ALLEN_PAT98,VAN_ALLEN_PAT98,Van Allen 2015,1.1,0,1,0,,,,,,0,1,0
