Threshold,Strategy,Net_Benefit,TP,FP,TN,FN,PPV,NNT,Unnecessary_Treatments_Avoided
0.01,Treat None,0.0,0,0,113,82,,,113
0.01,Treat All,0.41465941465941464,82,113,0,0,0.4205128205128205,2.3780487804878048,0
0.01,Phenotype-Stratified (Q5),0.41465941465941464,82,113,0,0,0.4205128205128205,2.3780487804878048,0
0.01,Global Predictor (Q1),0.41465941465941464,82,113,0,0,0.4205128205128205,2.3780487804878048,0
0.01,CD274 (PD-L1+),0.41465941465941464,82,113,0,0,0.4205128205128205,2.3780487804878048,0
0.01,High TMB,0.41465941465941464,82,113,0,0,0.4205128205128205,2.3780487804878048,0
0.02,Treat None,0.0,0,0,113,82,,,113
0.02,Treat All,0.4086865515436944,82,113,0,0,0.4205128205128205,2.3780487804878048,0
0.02,Phenotype-Stratified (Q5),0.4086865515436944,82,113,0,0,0.4205128205128205,2.3780487804878048,0
0.02,Global Predictor (Q1),0.4086865515436944,82,113,0,0,0.4205128205128205,2.3780487804878048,0
0.02,CD274 (PD-L1+),0.4086865515436944,82,113,0,0,0.4205128205128205,2.3780487804878048,0
0.02,High TMB,0.4086865515436944,82,113,0,0,0.4205128205128205,2.3780487804878048,0
0.03,Treat None,0.0,0,0,113,82,,,113
0.03,Treat All,0.4025905366111552,82,113,0,0,0.4205128205128205,2.3780487804878048,0
0.03,Phenotype-Stratified (Q5),0.4025905366111552,82,113,0,0,0.4205128205128205,2.3780487804878048,0
0.03,Global Predictor (Q1),0.4025905366111552,82,113,0,0,0.4205128205128205,2.3780487804878048,0
0.03,CD274 (PD-L1+),0.4025905366111552,82,113,0,0,0.4205128205128205,2.3780487804878048,0
0.03,High TMB,0.4025905366111552,82,113,0,0,0.4205128205128205,2.3780487804878048,0
0.04,Treat None,0.0,0,0,113,82,,,113
0.04,Treat All,0.39636752136752135,82,113,0,0,0.4205128205128205,2.3780487804878048,0
0.04,Phenotype-Stratified (Q5),0.39636752136752135,82,113,0,0,0.4205128205128205,2.3780487804878048,0
0.04,Global Predictor (Q1),0.39636752136752135,82,113,0,0,0.4205128205128205,2.3780487804878048,0
0.04,CD274 (PD-L1+),0.39636752136752135,82,113,0,0,0.4205128205128205,2.3780487804878048,0
0.04,High TMB,0.39636752136752135,82,113,0,0,0.4205128205128205,2.3780487804878048,0
0.05,Treat None,0.0,0,0,113,82,,,113
0.05,Treat All,0.3900134952766532,82,113,0,0,0.4205128205128205,2.3780487804878048,0
0.05,Phenotype-Stratified (Q5),0.3900134952766532,82,113,0,0,0.4205128205128205,2.3780487804878048,0
0.05,Global Predictor (Q1),0.3900134952766532,82,113,0,0,0.4205128205128205,2.3780487804878048,0
0.05,CD274 (PD-L1+),0.3900134952766532,82,113,0,0,0.4205128205128205,2.3780487804878048,0
0.05,High TMB,0.3900134952766532,82,113,0,0,0.4205128205128205,2.3780487804878048,0
0.060000000000000005,Treat None,0.0,0,0,113,82,,,113
0.060000000000000005,Treat All,0.38352427714129844,82,113,0,0,0.4205128205128205,2.3780487804878048,0
0.060000000000000005,Phenotype-Stratified (Q5),0.38352427714129844,82,113,0,0,0.4205128205128205,2.3780487804878048,0
0.060000000000000005,Global Predictor (Q1),0.38352427714129844,82,113,0,0,0.4205128205128205,2.3780487804878048,0
0.060000000000000005,CD274 (PD-L1+),0.38352427714129844,82,113,0,0,0.4205128205128205,2.3780487804878048,0
0.060000000000000005,High TMB,0.38352427714129844,82,113,0,0,0.4205128205128205,2.3780487804878048,0
0.06999999999999999,Treat None,0.0,0,0,113,82,,,113
0.06999999999999999,Treat All,0.376895505927764,82,113,0,0,0.4205128205128205,2.3780487804878048,0
0.06999999999999999,Phenotype-Stratified (Q5),0.376895505927764,82,113,0,0,0.4205128205128205,2.3780487804878048,0
0.06999999999999999,Global Predictor (Q1),0.376895505927764,82,113,0,0,0.4205128205128205,2.3780487804878048,0
0.06999999999999999,CD274 (PD-L1+),0.376895505927764,82,113,0,0,0.4205128205128205,2.3780487804878048,0
0.06999999999999999,High TMB,0.376895505927764,82,113,0,0,0.4205128205128205,2.3780487804878048,0
0.08,Treat None,0.0,0,0,113,82,,,113
0.08,Treat All,0.3701226309921962,82,113,0,0,0.4205128205128205,2.3780487804878048,0
0.08,Phenotype-Stratified (Q5),0.3701226309921962,82,113,0,0,0.4205128205128205,2.3780487804878048,0
0.08,Global Predictor (Q1),0.3701226309921962,82,113,0,0,0.4205128205128205,2.3780487804878048,0
0.08,CD274 (PD-L1+),0.3701226309921962,82,113,0,0,0.4205128205128205,2.3780487804878048,0
0.08,High TMB,0.3701226309921962,82,113,0,0,0.4205128205128205,2.3780487804878048,0
0.09,Treat None,0.0,0,0,113,82,,,113
0.09,Treat All,0.3632009016624401,82,113,0,0,0.4205128205128205,2.3780487804878048,0
0.09,Phenotype-Stratified (Q5),0.3632009016624401,82,113,0,0,0.4205128205128205,2.3780487804878048,0
0.09,Global Predictor (Q1),0.3632009016624401,82,113,0,0,0.4205128205128205,2.3780487804878048,0
0.09,CD274 (PD-L1+),0.3632009016624401,82,113,0,0,0.4205128205128205,2.3780487804878048,0
0.09,High TMB,0.3632009016624401,82,113,0,0,0.4205128205128205,2.3780487804878048,0
0.09999999999999999,Treat None,0.0,0,0,113,82,,,113
0.09999999999999999,Treat All,0.3561253561253561,82,113,0,0,0.4205128205128205,2.3780487804878048,0
0.09999999999999999,Phenotype-Stratified (Q5),0.3561253561253561,82,113,0,0,0.4205128205128205,2.3780487804878048,0
0.09999999999999999,Global Predictor (Q1),0.3561253561253561,82,113,0,0,0.4205128205128205,2.3780487804878048,0
0.09999999999999999,CD274 (PD-L1+),0.3561253561253561,82,113,0,0,0.4205128205128205,2.3780487804878048,0
0.09999999999999999,High TMB,0.3561253561253561,82,113,0,0,0.4205128205128205,2.3780487804878048,0
0.11,Treat None,0.0,0,0,113,82,,,113
0.11,Treat All,0.3488908095649669,82,113,0,0,0.4205128205128205,2.3780487804878048,0
0.11,Phenotype-Stratified (Q5),0.3488908095649669,82,113,0,0,0.4205128205128205,2.3780487804878048,0
0.11,Global Predictor (Q1),0.3488908095649669,82,113,0,0,0.4205128205128205,2.3780487804878048,0
0.11,CD274 (PD-L1+),0.3488908095649669,82,113,0,0,0.4205128205128205,2.3780487804878048,0
0.11,High TMB,0.3488908095649669,82,113,0,0,0.4205128205128205,2.3780487804878048,0
0.12,Treat None,0.0,0,0,113,82,,,113
0.12,Treat All,0.34149184149184153,82,113,0,0,0.4205128205128205,2.3780487804878048,0
0.12,Phenotype-Stratified (Q5),0.34149184149184153,82,113,0,0,0.4205128205128205,2.3780487804878048,0
0.12,Global Predictor (Q1),0.34149184149184153,82,113,0,0,0.4205128205128205,2.3780487804878048,0
0.12,CD274 (PD-L1+),0.34149184149184153,82,113,0,0,0.4205128205128205,2.3780487804878048,0
0.12,High TMB,0.34149184149184153,82,113,0,0,0.4205128205128205,2.3780487804878048,0
0.13,Treat None,0.0,0,0,113,82,,,113
0.13,Treat All,0.33392278219864424,82,113,0,0,0.4205128205128205,2.3780487804878048,0
0.13,Phenotype-Stratified (Q5),0.33392278219864424,82,113,0,0,0.4205128205128205,2.3780487804878048,0
0.13,Global Predictor (Q1),0.33392278219864424,82,113,0,0,0.4205128205128205,2.3780487804878048,0
0.13,CD274 (PD-L1+),0.33392278219864424,82,113,0,0,0.4205128205128205,2.3780487804878048,0
0.13,High TMB,0.33392278219864424,82,113,0,0,0.4205128205128205,2.3780487804878048,0
0.14,Treat None,0.0,0,0,113,82,,,113
0.14,Treat All,0.3261776982707215,82,113,0,0,0.4205128205128205,2.3780487804878048,0
0.14,Phenotype-Stratified (Q5),0.3261776982707215,82,113,0,0,0.4205128205128205,2.3780487804878048,0
0.14,Global Predictor (Q1),0.3261776982707215,82,113,0,0,0.4205128205128205,2.3780487804878048,0
0.14,CD274 (PD-L1+),0.3261776982707215,82,113,0,0,0.4205128205128205,2.3780487804878048,0
0.14,High TMB,0.3261776982707215,82,113,0,0,0.4205128205128205,2.3780487804878048,0
0.15000000000000002,Treat None,0.0,0,0,113,82,,,113
0.15000000000000002,Treat All,0.31825037707390647,82,113,0,0,0.4205128205128205,2.3780487804878048,0
0.15000000000000002,Phenotype-Stratified (Q5),0.31825037707390647,82,113,0,0,0.4205128205128205,2.3780487804878048,0
0.15000000000000002,Global Predictor (Q1),0.31825037707390647,82,113,0,0,0.4205128205128205,2.3780487804878048,0
0.15000000000000002,CD274 (PD-L1+),0.31825037707390647,82,113,0,0,0.4205128205128205,2.3780487804878048,0
0.15000000000000002,High TMB,0.31825037707390647,82,113,0,0,0.4205128205128205,2.3780487804878048,0
0.16,Treat None,0.0,0,0,113,82,,,113
0.16,Treat All,0.31013431013431014,82,113,0,0,0.4205128205128205,2.3780487804878048,0
0.16,Phenotype-Stratified (Q5),0.31013431013431014,82,113,0,0,0.4205128205128205,2.3780487804878048,0
0.16,Global Predictor (Q1),0.31013431013431014,82,113,0,0,0.4205128205128205,2.3780487804878048,0
0.16,CD274 (PD-L1+),0.31013431013431014,82,113,0,0,0.4205128205128205,2.3780487804878048,0
0.16,High TMB,0.31013431013431014,82,113,0,0,0.4205128205128205,2.3780487804878048,0
0.17,Treat None,0.0,0,0,113,82,,,113
0.17,Treat All,0.3018226753166512,82,113,0,0,0.4205128205128205,2.3780487804878048,0
0.17,Phenotype-Stratified (Q5),0.3018226753166512,82,113,0,0,0.4205128205128205,2.3780487804878048,0
0.17,Global Predictor (Q1),0.3018226753166512,82,113,0,0,0.4205128205128205,2.3780487804878048,0
0.17,CD274 (PD-L1+),0.3018226753166512,82,113,0,0,0.4205128205128205,2.3780487804878048,0
0.17,High TMB,0.3018226753166512,82,113,0,0,0.4205128205128205,2.3780487804878048,0
0.18000000000000002,Treat None,0.0,0,0,113,82,,,113
0.18000000000000002,Treat All,0.2933083176985616,82,113,0,0,0.4205128205128205,2.3780487804878048,0
0.18000000000000002,Phenotype-Stratified (Q5),0.2933083176985616,82,113,0,0,0.4205128205128205,2.3780487804878048,0
0.18000000000000002,Global Predictor (Q1),0.2933083176985616,82,113,0,0,0.4205128205128205,2.3780487804878048,0
0.18000000000000002,CD274 (PD-L1+),0.2933083176985616,82,113,0,0,0.4205128205128205,2.3780487804878048,0
0.18000000000000002,High TMB,0.2933083176985616,82,113,0,0,0.4205128205128205,2.3780487804878048,0
0.19,Treat None,0.0,0,0,113,82,,,113
0.19,Treat All,0.28458372902817347,82,113,0,0,0.4205128205128205,2.3780487804878048,0
0.19,Phenotype-Stratified (Q5),0.28458372902817347,82,113,0,0,0.4205128205128205,2.3780487804878048,0
0.19,Global Predictor (Q1),0.28458372902817347,82,113,0,0,0.4205128205128205,2.3780487804878048,0
0.19,CD274 (PD-L1+),0.28458372902817347,82,113,0,0,0.4205128205128205,2.3780487804878048,0
0.19,High TMB,0.28458372902817347,82,113,0,0,0.4205128205128205,2.3780487804878048,0
0.2,Treat None,0.0,0,0,113,82,,,113
0.2,Treat All,0.27564102564102566,82,113,0,0,0.4205128205128205,2.3780487804878048,0
0.2,Phenotype-Stratified (Q5),0.27564102564102566,82,113,0,0,0.4205128205128205,2.3780487804878048,0
0.2,Global Predictor (Q1),0.27564102564102566,82,113,0,0,0.4205128205128205,2.3780487804878048,0
0.2,CD274 (PD-L1+),0.27564102564102566,82,113,0,0,0.4205128205128205,2.3780487804878048,0
0.2,High TMB,0.27564102564102566,82,113,0,0,0.4205128205128205,2.3780487804878048,0
0.21000000000000002,Treat None,0.0,0,0,113,82,,,113
0.21000000000000002,Treat All,0.26647192469977277,82,113,0,0,0.4205128205128205,2.3780487804878048,0
0.21000000000000002,Phenotype-Stratified (Q5),0.26647192469977277,82,113,0,0,0.4205128205128205,2.3780487804878048,0
0.21000000000000002,Global Predictor (Q1),0.26647192469977277,82,113,0,0,0.4205128205128205,2.3780487804878048,0
0.21000000000000002,CD274 (PD-L1+),0.26647192469977277,82,113,0,0,0.4205128205128205,2.3780487804878048,0
0.21000000000000002,High TMB,0.26647192469977277,82,113,0,0,0.4205128205128205,2.3780487804878048,0
0.22,Treat None,0.0,0,0,113,82,,,113
0.22,Treat All,0.25706771860618016,82,113,0,0,0.4205128205128205,2.3780487804878048,0
0.22,Phenotype-Stratified (Q5),0.25851413543721236,82,112,1,0,0.422680412371134,2.3658536585365852,1
0.22,Global Predictor (Q1),0.25851413543721236,82,112,1,0,0.422680412371134,2.3658536585365852,1
0.22,CD274 (PD-L1+),0.25706771860618016,82,113,0,0,0.4205128205128205,2.3780487804878048,0
0.22,High TMB,0.25706771860618016,82,113,0,0,0.4205128205128205,2.3780487804878048,0
0.23,Treat None,0.0,0,0,113,82,,,113
0.23,Treat All,0.24741924741924742,82,113,0,0,0.4205128205128205,2.3780487804878048,0
0.23,Phenotype-Stratified (Q5),0.25354645354645355,82,109,4,0,0.4293193717277487,2.3292682926829267,4
0.23,Global Predictor (Q1),0.252014652014652,82,110,3,0,0.4270833333333333,2.3414634146341466,3
0.23,CD274 (PD-L1+),0.24741924741924742,82,113,0,0,0.4205128205128205,2.3780487804878048,0
0.23,High TMB,0.24741924741924742,82,113,0,0,0.4205128205128205,2.3780487804878048,0
0.24000000000000002,Treat None,0.0,0,0,113,82,,,113
0.24000000000000002,Treat All,0.23751686909581643,82,113,0,0,0.4205128205128205,2.3780487804878048,0
0.24000000000000002,Phenotype-Stratified (Q5),0.25209176788124155,82,104,9,0,0.44086021505376344,2.268292682926829,9
0.24000000000000002,Global Predictor (Q1),0.25209176788124155,82,104,9,0,0.44086021505376344,2.268292682926829,9
0.24000000000000002,CD274 (PD-L1+),0.23751686909581643,82,113,0,0,0.4205128205128205,2.3780487804878048,0
0.24000000000000002,High TMB,0.23751686909581643,82,113,0,0,0.4205128205128205,2.3780487804878048,0
0.25,Treat None,0.0,0,0,113,82,,,113
0.25,Treat All,0.22735042735042735,82,113,0,0,0.4205128205128205,2.3780487804878048,0
0.25,Phenotype-Stratified (Q5),0.2495726495726496,82,100,13,0,0.45054945054945056,2.219512195121951,13
0.25,Global Predictor (Q1),0.2512820512820513,82,99,14,0,0.4530386740331492,2.2073170731707314,14
0.25,CD274 (PD-L1+),0.22735042735042735,82,113,0,0,0.4205128205128205,2.3780487804878048,0
0.25,High TMB,0.22735042735042735,82,113,0,0,0.4205128205128205,2.3780487804878048,0
0.26,Treat None,0.0,0,0,113,82,,,113
0.26,Treat All,0.21690921690921688,82,113,0,0,0.4205128205128205,2.3780487804878048,0
0.26,Phenotype-Stratified (Q5),0.25294525294525294,82,93,20,0,0.4685714285714286,2.1341463414634148,20
0.26,Global Predictor (Q1),0.2565488565488565,82,91,22,0,0.47398843930635837,2.1097560975609757,22
0.26,CD274 (PD-L1+),0.21690921690921688,82,113,0,0,0.4205128205128205,2.3780487804878048,0
0.26,High TMB,0.21690921690921688,82,113,0,0,0.4205128205128205,2.3780487804878048,0
0.27,Treat None,0.0,0,0,113,82,,,113
0.27,Treat All,0.20618194590797326,82,113,0,0,0.4205128205128205,2.3780487804878048,0
0.27,Phenotype-Stratified (Q5),0.25549701440112393,82,87,26,0,0.48520710059171596,2.0609756097560976,26
0.27,Global Predictor (Q1),0.27256761503336846,82,78,35,0,0.5125,1.9512195121951221,35
0.27,CD274 (PD-L1+),0.20618194590797326,82,113,0,0,0.4205128205128205,2.3780487804878048,0
0.27,High TMB,0.20618194590797326,82,113,0,0,0.4205128205128205,2.3780487804878048,0
0.28,Treat None,0.0,0,0,113,82,,,113
0.28,Treat All,0.1951566951566951,82,113,0,0,0.4205128205128205,2.3780487804878048,0
0.28,Phenotype-Stratified (Q5),0.26296296296296295,82,79,34,0,0.5093167701863354,1.9634146341463417,34
0.28,Global Predictor (Q1),0.28888888888888886,82,66,47,0,0.5540540540540541,1.8048780487804879,47
0.28,CD274 (PD-L1+),0.1951566951566951,82,113,0,0,0.4205128205128205,2.3780487804878048,0
0.28,High TMB,0.1951566951566951,82,113,0,0,0.4205128205128205,2.3780487804878048,0
0.29000000000000004,Treat None,0.0,0,0,113,82,,,113
0.29000000000000004,Treat All,0.18382087396171898,82,113,0,0,0.4205128205128205,2.3780487804878048,0
0.29000000000000004,Phenotype-Stratified (Q5),0.28017334777898156,82,67,46,0,0.5503355704697986,1.8170731707317074,46
0.29000000000000004,Global Predictor (Q1),0.2906464427591188,82,62,51,0,0.5694444444444444,1.7560975609756098,51
0.29000000000000004,CD274 (PD-L1+),0.17168652943300827,78,109,4,4,0.41711229946524064,2.3974358974358974,4
0.29000000000000004,High TMB,0.18382087396171898,82,113,0,0,0.4205128205128205,2.3780487804878048,0
0.3,Treat None,0.0,0,0,113,82,,,113
0.3,Treat All,0.17216117216117213,82,113,0,0,0.4205128205128205,2.3780487804878048,0
0.3,Phenotype-Stratified (Q5),0.28205128205128205,82,63,50,0,0.5655172413793104,1.7682926829268293,50
0.3,Global Predictor (Q1),0.3018315018315018,82,54,59,0,0.6029411764705882,1.6585365853658538,59
0.3,CD274 (PD-L1+),0.16483516483516483,78,107,6,4,0.42162162162162165,2.371794871794872,6
0.3,High TMB,0.17216117216117213,82,113,0,0,0.4205128205128205,2.3780487804878048,0
0.31,Treat None,0.0,0,0,113,82,,,113
0.31,Treat All,0.1601635079895949,82,113,0,0,0.4205128205128205,2.3780487804878048,0
0.31,Phenotype-Stratified (Q5),0.28918617614269787,82,57,56,0,0.5899280575539568,1.6951219512195121,56
0.31,Global Predictor (Q1),0.3122259383128948,82,47,66,0,0.6356589147286822,1.573170731707317,66
0.31,CD274 (PD-L1+),0.15347454477889258,78,107,6,4,0.42162162162162165,2.371794871794872,6
0.31,High TMB,0.1601635079895949,82,113,0,0,0.4205128205128205,2.3780487804878048,0
0.32,Treat None,0.0,0,0,113,82,,,113
0.32,Treat All,0.14781297134238308,82,113,0,0,0.4205128205128205,2.3780487804878048,0
0.32,Phenotype-Stratified (Q5),0.3095022624434389,82,46,67,0,0.640625,1.5609756097560976,67
0.32,Global Predictor (Q1),0.3288084464555053,82,38,75,0,0.6833333333333333,1.4634146341463414,75
0.32,CD274 (PD-L1+),0.1441930618401207,78,106,7,4,0.42391304347826086,2.358974358974359,7
0.32,High TMB,0.14781297134238308,82,113,0,0,0.4205128205128205,2.3780487804878048,0
0.33,Treat None,0.0,0,0,113,82,,,113
0.33,Treat All,0.1350937619594335,82,113,0,0,0.4205128205128205,2.3780487804878048,0
0.33,Phenotype-Stratified (Q5),0.3371603520857252,82,33,80,0,0.7130434782608696,1.4024390243902438,80
0.33,Global Predictor (Q1),0.34221201683888247,82,31,82,0,0.7256637168141593,1.3780487804878048,82
0.33,CD274 (PD-L1+),0.13478760045924226,78,105,8,4,0.4262295081967213,2.3461538461538463,8
0.33,High TMB,0.1350937619594335,82,113,0,0,0.4205128205128205,2.3780487804878048,0
0.34,Treat None,0.0,0,0,113,82,,,113
0.34,Treat All,0.12198912198912193,82,113,0,0,0.4205128205128205,2.3780487804878048,0
0.34,Phenotype-Stratified (Q5),0.3439005439005439,82,29,84,0,0.7387387387387387,1.353658536585366,84
0.34,Global Predictor (Q1),0.3491841491841492,82,27,86,0,0.7522935779816514,1.3292682926829267,86
0.34,CD274 (PD-L1+),0.12261072261072259,78,105,8,4,0.4262295081967213,2.3461538461538463,8
0.34,High TMB,0.12198912198912193,82,113,0,0,0.4205128205128205,2.3780487804878048,0
0.35000000000000003,Treat None,0.0,0,0,113,82,,,113
0.35000000000000003,Treat All,0.10848126232741612,82,113,0,0,0.4205128205128205,2.3780487804878048,0
0.35000000000000003,Phenotype-Stratified (Q5),0.3542406311637081,82,24,89,0,0.7735849056603774,1.292682926829268,89
0.35000000000000003,Global Predictor (Q1),0.3708086785009862,82,18,95,0,0.82,1.2195121951219512,95
0.35000000000000003,CD274 (PD-L1+),0.11282051282051281,78,104,9,4,0.42857142857142855,2.3333333333333335,9
0.35000000000000003,High TMB,0.10848126232741612,82,113,0,0,0.4205128205128205,2.3780487804878048,0
0.36000000000000004,Treat None,0.0,0,0,113,82,,,113
0.36000000000000004,Treat All,0.09455128205128194,82,113,0,0,0.4205128205128205,2.3780487804878048,0
0.36000000000000004,Phenotype-Stratified (Q5),0.3685897435897436,82,18,95,0,0.82,1.2195121951219512,95
0.36000000000000004,Global Predictor (Q1),0.375,81,14,99,1,0.8526315789473684,1.1728395061728396,99
0.36000000000000004,CD274 (PD-L1+),0.10576923076923073,78,102,11,4,0.43333333333333335,2.3076923076923075,11
0.36000000000000004,High TMB,0.09455128205128194,82,113,0,0,0.4205128205128205,2.3780487804878048,0
0.37,Treat None,0.0,0,0,113,82,,,113
0.37,Treat All,0.08017908017908015,82,113,0,0,0.4205128205128205,2.3780487804878048,0
0.37,Phenotype-Stratified (Q5),0.37533577533577533,82,15,98,0,0.845360824742268,1.1829268292682926,98
0.37,Global Predictor (Q1),0.3852665852665853,81,10,103,1,0.8901098901098901,1.123456790123457,103
0.37,CD274 (PD-L1+),0.10272690272690271,77,97,16,5,0.4425287356321839,2.25974025974026,16
0.37,High TMB,0.08017908017908015,82,113,0,0,0.4205128205128205,2.3780487804878048,0
0.38,Treat None,0.0,0,0,113,82,,,113
0.38,Treat All,0.06534325889164594,82,113,0,0,0.4205128205128205,2.3780487804878048,0
0.38,Phenotype-Stratified (Q5),0.3859387923904053,82,11,102,0,0.8817204301075269,1.1341463414634145,102
0.38,Global Predictor (Q1),0.3842845326716295,78,5,108,4,0.9397590361445783,1.064102564102564,108
0.38,CD274 (PD-L1+),0.0777502067824648,74,96,17,8,0.43529411764705883,2.2972972972972974,17
0.38,High TMB,0.06534325889164594,82,113,0,0,0.4205128205128205,2.3780487804878048,0
0.39,Treat None,0.0,0,0,113,82,,,113
0.39,Treat All,0.05002101723413194,82,113,0,0,0.4205128205128205,2.3780487804878048,0
0.39,Phenotype-Stratified (Q5),0.3975620008406894,82,7,106,0,0.9213483146067416,1.0853658536585364,106
0.39,Global Predictor (Q1),0.38688524590163936,78,4,109,4,0.9512195121951219,1.0512820512820513,109
0.39,CD274 (PD-L1+),0.06246321984026898,71,92,21,11,0.43558282208588955,2.295774647887324,21
0.39,High TMB,0.015552753257671248,74,111,2,8,0.4,2.5,2
0.4,Treat None,0.0,0,0,113,82,,,113
0.4,Treat All,0.03418803418803412,82,113,0,0,0.4205128205128205,2.3780487804878048,0
0.4,Phenotype-Stratified (Q5),0.3811965811965812,79,7,106,3,0.9186046511627907,1.0886075949367089,106
0.4,Global Predictor (Q1),0.38632478632478634,78,4,109,4,0.9512195121951219,1.0512820512820513,109
0.4,CD274 (PD-L1+),0.04957264957264956,69,89,24,13,0.43670886075949367,2.289855072463768,24
0.4,High TMB,0.04957264957264956,55,68,45,27,0.44715447154471544,2.2363636363636363,45
0.41000000000000003,Treat None,0.0,0,0,113,82,,,113
0.41000000000000003,Treat All,0.01781833985223813,82,113,0,0,0.4205128205128205,2.3780487804878048,0
0.41000000000000003,Phenotype-Stratified (Q5),0.37348978704910907,77,6,107,5,0.927710843373494,1.077922077922078,107
0.41000000000000003,Global Predictor (Q1),0.3790525858322468,76,3,110,6,0.9620253164556962,1.0394736842105263,110
0.41000000000000003,CD274 (PD-L1+),0.027292481529769652,63,83,30,19,0.4315068493150685,2.317460317460317,30
0.41000000000000003,High TMB,0.09552368535419384,36,25,88,46,0.5901639344262295,1.6944444444444444,88
0.42000000000000004,Treat None,0.0,0,0,113,82,,,113
0.42000000000000004,Treat All,0.0008841732979663064,82,113,0,0,0.4205128205128205,2.3780487804878048,0
0.42000000000000004,Phenotype-Stratified (Q5),0.3725906277630415,77,6,107,5,0.927710843373494,1.077922077922078,107
0.42000000000000004,Global Predictor (Q1),0.38231653404067195,76,2,111,6,0.9743589743589743,1.0263157894736843,111
0.42000000000000004,CD274 (PD-L1+),0.03748894783377538,58,70,43,24,0.453125,2.206896551724138,43
0.42000000000000004,High TMB,0.05251989389920424,24,19,94,58,0.5581395348837209,1.7916666666666667,94
0.43,Treat None,0.0,0,0,113,82,,,113
0.43,Treat All,-0.01664417453891137,82,113,0,0,0.4205128205128205,2.3780487804878048,0
0.43,Phenotype-Stratified (Q5),0.37040035987404407,76,5,108,6,0.9382716049382716,1.0657894736842106,108
0.43,Global Predictor (Q1),0.3807467386414755,75,1,112,7,0.9868421052631579,1.0133333333333334,112
0.43,CD274 (PD-L1+),0.04237516869095817,49,54,59,33,0.47572815533980584,2.1020408163265305,59
0.43,High TMB,0.04975258659469187,18,11,102,64,0.6206896551724138,1.6111111111111112,102
0.44,Treat None,0.0,0,0,113,82,,,113
0.44,Treat All,-0.03479853479853484,82,113,0,0,0.4205128205128205,2.3780487804878048,0
0.44,Phenotype-Stratified (Q5),0.3684981684981685,75,4,109,7,0.9493670886075949,1.0533333333333335,109
0.44,Global Predictor (Q1),0.36520146520146524,72,1,112,10,0.9863013698630136,1.0138888888888888,112
0.44,CD274 (PD-L1+),0.05238095238095239,33,29,84,49,0.532258064516129,1.878787878787879,84
0.44,High TMB,0.021245421245421253,12,10,103,70,0.5454545454545454,1.8333333333333335,103
0.45,Treat None,0.0,0,0,113,82,,,113
0.45,Treat All,-0.05361305361305363,82,113,0,0,0.4205128205128205,2.3780487804878048,0
0.45,Phenotype-Stratified (Q5),0.3678321678321679,75,4,109,7,0.9493670886075949,1.0533333333333335,109
0.45,Global Predictor (Q1),0.358974358974359,70,0,113,12,1.0,1.0,113
0.45,CD274 (PD-L1+),0.019114219114219122,16,15,98,66,0.5161290322580645,1.9375,98
0.45,High TMB,0.02377622377622378,12,9,104,70,0.5714285714285714,1.75,104
0.46,Treat None,0.0,0,0,113,82,,,113
0.46,Treat All,-0.07312440645773982,82,113,0,0,0.4205128205128205,2.3780487804878048,0
0.46,Phenotype-Stratified (Q5),0.36714150047483385,75,4,109,7,0.9493670886075949,1.0533333333333335,109
0.46,Global Predictor (Q1),0.35384615384615387,69,0,113,13,1.0,1.0,113
0.46,CD274 (PD-L1+),-0.00417853751187084,6,8,105,76,0.42857142857142855,2.3333333333333335,105
0.46,High TMB,0.0214624881291548,11,8,105,71,0.5789473684210527,1.7272727272727273,105
0.47000000000000003,Treat None,0.0,0,0,113,82,,,113
0.47000000000000003,Treat All,-0.09337203676826328,82,113,0,0,0.4205128205128205,2.3780487804878048,0
0.47000000000000003,Phenotype-Stratified (Q5),0.35104015481373974,72,4,109,10,0.9473684210526315,1.0555555555555556,109
0.47000000000000003,Global Predictor (Q1),0.3435897435897436,67,0,113,15,1.0,1.0,113
0.47000000000000003,CD274 (PD-L1+),0.0023222060957910004,4,4,109,78,0.5,2.0,109
0.47000000000000003,High TMB,0.019448476052249634,10,7,106,72,0.5882352941176471,1.7,106
0.48000000000000004,Treat None,0.0,0,0,113,82,,,113
0.48000000000000004,Treat All,-0.11439842209072987,82,113,0,0,0.4205128205128205,2.3780487804878048,0
0.48000000000000004,Phenotype-Stratified (Q5),0.32978303747534515,68,4,109,14,0.9444444444444444,1.0588235294117647,109
0.48000000000000004,Global Predictor (Q1),0.3384615384615385,66,0,113,16,1.0,1.0,113
0.48000000000000004,CD274 (PD-L1+),-0.009467455621301775,0,2,111,82,0.0,,111
0.48000000000000004,High TMB,0.022879684418145953,10,6,107,72,0.625,1.6,107
0.49,Treat None,0.0,0,0,113,82,,,113
0.49,Treat All,-0.1362493715434892,82,113,0,0,0.4205128205128205,2.3780487804878048,0
0.49,Phenotype-Stratified (Q5),0.3084967320261438,64,4,109,18,0.9411764705882353,1.0625,109
0.49,Global Predictor (Q1),0.3282051282051282,64,0,113,18,1.0,1.0,113
0.49,CD274 (PD-L1+),-0.009854198089492207,0,2,111,82,0.0,,111
0.49,High TMB,0.03157365510306687,10,4,109,72,0.7142857142857143,1.4,109
0.5,Treat None,0.0,0,0,113,82,,,113
0.5,Treat All,-0.15897435897435902,82,113,0,0,0.4205128205128205,2.3780487804878048,0
0.5,Phenotype-Stratified (Q5),0.3076923076923077,64,4,109,18,0.9411764705882353,1.0625,109
0.5,Global Predictor (Q1),0.3230769230769231,63,0,113,19,1.0,1.0,113
0.5,CD274 (PD-L1+),-0.010256410256410256,0,2,111,82,0.0,,111
0.5,High TMB,0.015384615384615382,7,4,109,75,0.6363636363636364,1.5714285714285714,109
0.51,Treat None,0.0,0,0,113,82,,,113
0.51,Treat All,-0.1826268969126113,82,113,0,0,0.4205128205128205,2.3780487804878048,0
0.51,Phenotype-Stratified (Q5),0.3121925693354265,64,3,110,18,0.9552238805970149,1.046875,110
0.51,Global Predictor (Q1),0.3128205128205128,61,0,113,21,1.0,1.0,113
0.51,CD274 (PD-L1+),-0.0053375196232339096,0,1,112,82,0.0,,112
0.51,High TMB,0.009628466771323913,5,3,110,77,0.625,1.6,110
0.52,Treat None,0.0,0,0,113,82,,,113
0.52,Treat All,-0.20726495726495736,82,113,0,0,0.4205128205128205,2.3780487804878048,0
0.52,Phenotype-Stratified (Q5),0.2858974358974359,59,3,110,23,0.9516129032258065,1.0508474576271185,110
0.52,Global Predictor (Q1),0.29743589743589743,58,0,113,24,1.0,1.0,113
0.52,CD274 (PD-L1+),-0.005555555555555557,0,1,112,82,0.0,,112
0.52,High TMB,0.014529914529914527,5,2,111,77,0.7142857142857143,1.4,111
0.53,Treat None,0.0,0,0,113,82,,,113
0.53,Treat All,-0.23295144571740328,82,113,0,0,0.4205128205128205,2.3780487804878048,0
0.53,Phenotype-Stratified (Q5),0.2698308783415166,56,3,110,26,0.9491525423728814,1.0535714285714286,110
0.53,Global Predictor (Q1),0.28717948717948716,56,0,113,26,1.0,1.0,113
0.53,CD274 (PD-L1+),-0.0057828696126568475,0,1,112,82,0.0,,112
0.53,High TMB,0.008947081287506818,4,2,111,78,0.6666666666666666,1.5,111
0.54,Treat None,0.0,0,0,113,82,,,113
0.54,Treat All,-0.2597547380156077,82,113,0,0,0.4205128205128205,2.3780487804878048,0
0.54,Phenotype-Stratified (Q5),0.25886287625418064,54,3,110,28,0.9473684210526315,1.0555555555555556,110
0.54,Global Predictor (Q1),0.28717948717948716,56,0,113,26,1.0,1.0,113
0.54,CD274 (PD-L1+),0.0,0,0,113,82,0.0,,113
0.54,High TMB,0.008472686733556297,4,2,111,78,0.6666666666666666,1.5,111
0.55,Treat None,0.0,0,0,113,82,,,113
0.55,Treat All,-0.28774928774928804,82,113,0,0,0.4205128205128205,2.3780487804878048,0
0.55,Phenotype-Stratified (Q5),0.24786324786324784,52,3,110,30,0.9454545454545454,1.0576923076923077,110
0.55,Global Predictor (Q1),0.26153846153846155,51,0,113,31,1.0,1.0,113
0.55,CD274 (PD-L1+),0.0,0,0,113,82,0.0,,113
0.55,High TMB,0.007977207977207974,4,2,111,78,0.6666666666666666,1.5,111
0.56,Treat None,0.0,0,0,113,82,,,113
0.56,Treat All,-0.3170163170163172,82,113,0,0,0.4205128205128205,2.3780487804878048,0
0.56,Phenotype-Stratified (Q5),0.2163170163170163,46,3,110,36,0.9387755102040817,1.0652173913043477,110
0.56,Global Predictor (Q1),0.2358974358974359,46,0,113,36,1.0,1.0,113
0.56,CD274 (PD-L1+),0.0,0,0,113,82,0.0,,113
0.56,High TMB,0.0074592074592074575,4,2,111,78,0.6666666666666666,1.5,111
0.5700000000000001,Treat None,0.0,0,0,113,82,,,113
0.5700000000000001,Treat All,-0.34764460345855724,82,113,0,0,0.4205128205128205,2.3780487804878048,0
0.5700000000000001,Phenotype-Stratified (Q5),0.19499105545617174,42,3,110,40,0.9333333333333333,1.0714285714285714,110
0.5700000000000001,Global Predictor (Q1),0.23076923076923078,45,0,113,37,1.0,1.0,113
0.5700000000000001,CD274 (PD-L1+),0.0,0,0,113,82,0.0,,113
0.5700000000000001,High TMB,0.006917113893858077,4,2,111,78,0.6666666666666666,1.5,111
0.5800000000000001,Treat None,0.0,0,0,113,82,,,113
0.5800000000000001,Treat All,-0.37973137973138,82,113,0,0,0.4205128205128205,2.3780487804878048,0
0.5800000000000001,Phenotype-Stratified (Q5),0.15824175824175823,35,3,110,47,0.9210526315789473,1.0857142857142856,110
0.5800000000000001,Global Predictor (Q1),0.22564102564102564,44,0,113,38,1.0,1.0,113
0.5800000000000001,CD274 (PD-L1+),0.0,0,0,113,82,0.0,,113
0.5800000000000001,High TMB,0.006349206349206344,4,2,111,78,0.6666666666666666,1.5,111
0.59,Treat None,0.0,0,0,113,82,,,113
0.59,Treat All,-0.41338336460287667,82,113,0,0,0.4205128205128205,2.3780487804878048,0
0.59,Phenotype-Stratified (Q5),0.14196372732958099,32,3,110,50,0.9142857142857143,1.09375,110
0.59,Global Predictor (Q1),0.2153846153846154,42,0,113,40,1.0,1.0,113
0.59,CD274 (PD-L1+),0.0,0,0,113,82,0.0,,113
0.59,High TMB,0.00575359599749844,4,2,111,78,0.6666666666666666,1.5,111
0.6,Treat None,0.0,0,0,113,82,,,113
0.6,Treat All,-0.4487179487179486,82,113,0,0,0.4205128205128205,2.3780487804878048,0
0.6,Phenotype-Stratified (Q5),0.10512820512820512,25,3,110,57,0.8928571428571429,1.1199999999999999,110
0.6,Global Predictor (Q1),0.20512820512820512,40,0,113,42,1.0,1.0,113
0.6,CD274 (PD-L1+),0.0,0,0,113,82,0.0,,113
0.6,High TMB,3.469446951953614e-18,3,2,111,79,0.6,1.6666666666666667,111
0.61,Treat None,0.0,0,0,113,82,,,113
0.61,Treat All,-0.48586456278763973,82,113,0,0,0.4205128205128205,2.3780487804878048,0
0.61,Phenotype-Stratified (Q5),0.0967784352399737,22,2,111,60,0.9166666666666666,1.090909090909091,111
0.61,Global Predictor (Q1),0.2,39,0,113,43,1.0,1.0,113
0.61,CD274 (PD-L1+),0.0,0,0,113,82,0.0,,113
0.61,High TMB,-0.0006574621959237331,3,2,111,79,0.6,1.6666666666666667,111
0.62,Treat None,0.0,0,0,113,82,,,113
0.62,Treat All,-0.524966261808367,82,113,0,0,0.4205128205128205,2.3780487804878048,0
0.62,Phenotype-Stratified (Q5),0.09932523616734143,21,1,112,61,0.9545454545454546,1.0476190476190477,112
0.62,Global Predictor (Q1),0.19487179487179487,38,0,113,44,1.0,1.0,113
0.62,CD274 (PD-L1+),0.0,0,0,113,82,0.0,,113
0.62,High TMB,-0.006477732793522267,2,2,111,80,0.5,2.0,111
0.63,Treat None,0.0,0,0,113,82,,,113
0.63,Treat All,-0.5661815661815661,82,113,0,0,0.4205128205128205,2.3780487804878048,0
0.63,Phenotype-Stratified (Q5),0.09743589743589744,19,0,113,63,1.0,1.0,113
0.63,Global Predictor (Q1),0.18974358974358974,37,0,113,45,1.0,1.0,113
0.63,CD274 (PD-L1+),0.0,0,0,113,82,0.0,,113
0.63,High TMB,-0.007207207207207208,2,2,111,80,0.5,2.0,111
0.64,Treat None,0.0,0,0,113,82,,,113
0.64,Treat All,-0.6096866096866098,82,113,0,0,0.4205128205128205,2.3780487804878048,0
0.64,Phenotype-Stratified (Q5),0.09230769230769231,18,0,113,64,1.0,1.0,113
0.64,Global Predictor (Q1),0.16923076923076924,33,0,113,49,1.0,1.0,113
0.64,CD274 (PD-L1+),0.0,0,0,113,82,0.0,,113
0.64,High TMB,-0.00797720797720798,2,2,111,80,0.5,2.0,111
0.65,Treat None,0.0,0,0,113,82,,,113
0.65,Treat All,-0.6556776556776558,82,113,0,0,0.4205128205128205,2.3780487804878048,0
0.65,Phenotype-Stratified (Q5),0.08717948717948718,17,0,113,65,1.0,1.0,113
0.65,Global Predictor (Q1),0.15897435897435896,31,0,113,51,1.0,1.0,113
0.65,CD274 (PD-L1+),0.0,0,0,113,82,0.0,,113
0.65,High TMB,-0.008791208791208793,2,2,111,80,0.5,2.0,111
0.66,Treat None,0.0,0,0,113,82,,,113
0.66,Treat All,-0.704374057315234,82,113,0,0,0.4205128205128205,2.3780487804878048,0
0.66,Phenotype-Stratified (Q5),0.07692307692307693,15,0,113,67,1.0,1.0,113
0.66,Global Predictor (Q1),0.14871794871794872,29,0,113,53,1.0,1.0,113
0.66,CD274 (PD-L1+),0.0,0,0,113,82,0.0,,113
0.66,High TMB,-0.009653092006033185,2,2,111,80,0.5,2.0,111
0.67,Treat None,0.0,0,0,113,82,,,113
0.67,Treat All,-0.7560217560217564,82,113,0,0,0.4205128205128205,2.3780487804878048,0
0.67,Phenotype-Stratified (Q5),0.041025641025641026,8,0,113,74,1.0,1.0,113
0.67,Global Predictor (Q1),0.12307692307692308,24,0,113,58,1.0,1.0,113
0.67,CD274 (PD-L1+),0.0,0,0,113,82,0.0,,113
0.67,High TMB,-0.010567210567210572,2,2,111,80,0.5,2.0,111
0.68,Treat None,0.0,0,0,113,82,,,113
0.68,Treat All,-0.8108974358974361,82,113,0,0,0.4205128205128205,2.3780487804878048,0
0.68,Phenotype-Stratified (Q5),0.035897435897435895,7,0,113,75,1.0,1.0,113
0.68,Global Predictor (Q1),0.11794871794871795,23,0,113,59,1.0,1.0,113
0.68,CD274 (PD-L1+),0.0,0,0,113,82,0.0,,113
0.68,High TMB,-0.000641025641025644,2,1,112,80,0.6666666666666666,1.5,112
0.6900000000000001,Treat None,0.0,0,0,113,82,,,113
0.6900000000000001,Treat All,-0.8693134822167086,82,113,0,0,0.4205128205128205,2.3780487804878048,0
0.6900000000000001,Phenotype-Stratified (Q5),0.03076923076923077,6,0,113,76,1.0,1.0,113
0.6900000000000001,Global Predictor (Q1),0.09743589743589744,19,0,113,63,1.0,1.0,113
0.6900000000000001,CD274 (PD-L1+),0.0,0,0,113,82,0.0,,113
0.6900000000000001,High TMB,-0.0011579818031430978,2,1,112,80,0.6666666666666666,1.5,112
0.7000000000000001,Treat None,0.0,0,0,113,82,,,113
0.7000000000000001,Treat All,-0.9316239316239321,82,113,0,0,0.4205128205128205,2.3780487804878048,0
0.7000000000000001,Phenotype-Stratified (Q5),0.02564102564102564,5,0,113,77,1.0,1.0,113
0.7000000000000001,Global Predictor (Q1),0.08205128205128205,16,0,113,66,1.0,1.0,113
0.7000000000000001,CD274 (PD-L1+),0.0,0,0,113,82,0.0,,113
0.7000000000000001,High TMB,-0.001709401709401712,2,1,112,80,0.6666666666666666,1.5,112
0.7100000000000001,Treat None,0.0,0,0,113,82,,,113
0.7100000000000001,Treat All,-0.9982316534040678,82,113,0,0,0.4205128205128205,2.3780487804878048,0
0.7100000000000001,Phenotype-Stratified (Q5),0.0,0,0,113,82,0.0,,113
0.7100000000000001,Global Predictor (Q1),0.06153846153846154,12,0,113,70,1.0,1.0,113
0.7100000000000001,CD274 (PD-L1+),0.0,0,0,113,82,0.0,,113
0.7100000000000001,High TMB,-0.002298850574712649,2,1,112,80,0.6666666666666666,1.5,112
0.72,Treat None,0.0,0,0,113,82,,,113
0.72,Treat All,-1.0695970695970696,82,113,0,0,0.4205128205128205,2.3780487804878048,0
0.72,Phenotype-Stratified (Q5),0.0,0,0,113,82,0.0,,113
0.72,Global Predictor (Q1),0.046153846153846156,9,0,113,73,1.0,1.0,113
0.72,CD274 (PD-L1+),0.0,0,0,113,82,0.0,,113
0.72,High TMB,-0.008058608058608058,1,1,112,81,0.5,2.0,112
0.73,Treat None,0.0,0,0,113,82,,,113
0.73,Treat All,-1.1462488129154793,82,113,0,0,0.4205128205128205,2.3780487804878048,0
0.73,Phenotype-Stratified (Q5),0.0,0,0,113,82,0.0,,113
0.73,Global Predictor (Q1),0.041025641025641026,8,0,113,74,1.0,1.0,113
0.73,CD274 (PD-L1+),0.0,0,0,113,82,0.0,,113
0.73,High TMB,-0.008736942070275401,1,1,112,81,0.5,2.0,112
0.74,Treat None,0.0,0,0,113,82,,,113
0.74,Treat All,-1.2287968441814594,82,113,0,0,0.4205128205128205,2.3780487804878048,0
0.74,Phenotype-Stratified (Q5),0.0,0,0,113,82,0.0,,113
0.74,Global Predictor (Q1),0.02564102564102564,5,0,113,77,1.0,1.0,113
0.74,CD274 (PD-L1+),0.0,0,0,113,82,0.0,,113
0.74,High TMB,-0.009467455621301774,1,1,112,81,0.5,2.0,112
0.75,Treat None,0.0,0,0,113,82,,,113
0.75,Treat All,-1.317948717948718,82,113,0,0,0.4205128205128205,2.3780487804878048,0
0.75,Phenotype-Stratified (Q5),0.0,0,0,113,82,0.0,,113
0.75,Global Predictor (Q1),0.015384615384615385,3,0,113,79,1.0,1.0,113
0.75,CD274 (PD-L1+),0.0,0,0,113,82,0.0,,113
0.75,High TMB,-0.010256410256410258,1,1,112,81,0.5,2.0,112
0.76,Treat None,0.0,0,0,113,82,,,113
0.76,Treat All,-1.4145299145299148,82,113,0,0,0.4205128205128205,2.3780487804878048,0
0.76,Phenotype-Stratified (Q5),0.0,0,0,113,82,0.0,,113
0.76,Global Predictor (Q1),0.010256410256410256,2,0,113,80,1.0,1.0,113
0.76,CD274 (PD-L1+),0.0,0,0,113,82,0.0,,113
0.76,High TMB,-0.011111111111111113,1,1,112,81,0.5,2.0,112
0.77,Treat None,0.0,0,0,113,82,,,113
0.77,Treat All,-1.5195094760312153,82,113,0,0,0.4205128205128205,2.3780487804878048,0
0.77,Phenotype-Stratified (Q5),0.0,0,0,113,82,0.0,,113
0.77,Global Predictor (Q1),0.0,0,0,113,82,0.0,,113
0.77,CD274 (PD-L1+),0.0,0,0,113,82,0.0,,113
0.77,High TMB,0.005128205128205128,1,0,113,81,1.0,1.0,113
0.78,Treat None,0.0,0,0,113,82,,,113
0.78,Treat All,-1.6340326340326345,82,113,0,0,0.4205128205128205,2.3780487804878048,0
0.78,Phenotype-Stratified (Q5),0.0,0,0,113,82,0.0,,113
0.78,Global Predictor (Q1),0.0,0,0,113,82,0.0,,113
0.78,CD274 (PD-L1+),0.0,0,0,113,82,0.0,,113
0.78,High TMB,0.005128205128205128,1,0,113,81,1.0,1.0,113
0.79,Treat None,0.0,0,0,113,82,,,113
0.79,Treat All,-1.75946275946276,82,113,0,0,0.4205128205128205,2.3780487804878048,0
0.79,Phenotype-Stratified (Q5),0.0,0,0,113,82,0.0,,113
0.79,Global Predictor (Q1),0.0,0,0,113,82,0.0,,113
0.79,CD274 (PD-L1+),0.0,0,0,113,82,0.0,,113
0.79,High TMB,0.005128205128205128,1,0,113,81,1.0,1.0,113
0.8,Treat None,0.0,0,0,113,82,,,113
0.8,Treat All,-1.897435897435898,82,113,0,0,0.4205128205128205,2.3780487804878048,0
0.8,Phenotype-Stratified (Q5),0.0,0,0,113,82,0.0,,113
0.8,Global Predictor (Q1),0.0,0,0,113,82,0.0,,113
0.8,CD274 (PD-L1+),0.0,0,0,113,82,0.0,,113
0.8,High TMB,0.005128205128205128,1,0,113,81,1.0,1.0,113
0.81,Treat None,0.0,0,0,113,82,,,113
0.81,Treat All,-2.0499325236167354,82,113,0,0,0.4205128205128205,2.3780487804878048,0
0.81,Phenotype-Stratified (Q5),0.0,0,0,113,82,0.0,,113
0.81,Global Predictor (Q1),0.0,0,0,113,82,0.0,,113
0.81,CD274 (PD-L1+),0.0,0,0,113,82,0.0,,113
0.81,High TMB,0.005128205128205128,1,0,113,81,1.0,1.0,113
0.8200000000000001,Treat None,0.0,0,0,113,82,,,113
0.8200000000000001,Treat All,-2.2193732193732205,82,113,0,0,0.4205128205128205,2.3780487804878048,0
0.8200000000000001,Phenotype-Stratified (Q5),0.0,0,0,113,82,0.0,,113
0.8200000000000001,Global Predictor (Q1),0.0,0,0,113,82,0.0,,113
0.8200000000000001,CD274 (PD-L1+),0.0,0,0,113,82,0.0,,113
0.8200000000000001,High TMB,0.005128205128205128,1,0,113,81,1.0,1.0,113
0.8300000000000001,Treat None,0.0,0,0,113,82,,,113
0.8300000000000001,Treat All,-2.4087481146304692,82,113,0,0,0.4205128205128205,2.3780487804878048,0
0.8300000000000001,Phenotype-Stratified (Q5),0.0,0,0,113,82,0.0,,113
0.8300000000000001,Global Predictor (Q1),0.0,0,0,113,82,0.0,,113
0.8300000000000001,CD274 (PD-L1+),0.0,0,0,113,82,0.0,,113
0.8300000000000001,High TMB,0.005128205128205128,1,0,113,81,1.0,1.0,113
0.8400000000000001,Treat None,0.0,0,0,113,82,,,113
0.8400000000000001,Treat All,-2.6217948717948745,82,113,0,0,0.4205128205128205,2.3780487804878048,0
0.8400000000000001,Phenotype-Stratified (Q5),0.0,0,0,113,82,0.0,,113
0.8400000000000001,Global Predictor (Q1),0.0,0,0,113,82,0.0,,113
0.8400000000000001,CD274 (PD-L1+),0.0,0,0,113,82,0.0,,113
0.8400000000000001,High TMB,0.005128205128205128,1,0,113,81,1.0,1.0,113
0.85,Treat None,0.0,0,0,113,82,,,113
0.85,Treat All,-2.8632478632478633,82,113,0,0,0.4205128205128205,2.3780487804878048,0
0.85,Phenotype-Stratified (Q5),0.0,0,0,113,82,0.0,,113
0.85,Global Predictor (Q1),0.0,0,0,113,82,0.0,,113
0.85,CD274 (PD-L1+),0.0,0,0,113,82,0.0,,113
0.85,High TMB,0.005128205128205128,1,0,113,81,1.0,1.0,113
0.86,Treat None,0.0,0,0,113,82,,,113
0.86,Treat All,-3.1391941391941396,82,113,0,0,0.4205128205128205,2.3780487804878048,0
0.86,Phenotype-Stratified (Q5),0.0,0,0,113,82,0.0,,113
0.86,Global Predictor (Q1),0.0,0,0,113,82,0.0,,113
0.86,CD274 (PD-L1+),0.0,0,0,113,82,0.0,,113
0.86,High TMB,0.005128205128205128,1,0,113,81,1.0,1.0,113
0.87,Treat None,0.0,0,0,113,82,,,113
0.87,Treat All,-3.4575936883629192,82,113,0,0,0.4205128205128205,2.3780487804878048,0
0.87,Phenotype-Stratified (Q5),0.0,0,0,113,82,0.0,,113
0.87,Global Predictor (Q1),0.0,0,0,113,82,0.0,,113
0.87,CD274 (PD-L1+),0.0,0,0,113,82,0.0,,113
0.87,High TMB,0.005128205128205128,1,0,113,81,1.0,1.0,113
0.88,Treat None,0.0,0,0,113,82,,,113
0.88,Treat All,-3.82905982905983,82,113,0,0,0.4205128205128205,2.3780487804878048,0
0.88,Phenotype-Stratified (Q5),0.0,0,0,113,82,0.0,,113
0.88,Global Predictor (Q1),0.0,0,0,113,82,0.0,,113
0.88,CD274 (PD-L1+),0.0,0,0,113,82,0.0,,113
0.88,High TMB,0.005128205128205128,1,0,113,81,1.0,1.0,113
0.89,Treat None,0.0,0,0,113,82,,,113
0.89,Treat All,-4.268065268065269,82,113,0,0,0.4205128205128205,2.3780487804878048,0
0.89,Phenotype-Stratified (Q5),0.0,0,0,113,82,0.0,,113
0.89,Global Predictor (Q1),0.0,0,0,113,82,0.0,,113
0.89,CD274 (PD-L1+),0.0,0,0,113,82,0.0,,113
0.89,High TMB,0.005128205128205128,1,0,113,81,1.0,1.0,113
0.9,Treat None,0.0,0,0,113,82,,,113
0.9,Treat All,-4.7948717948717965,82,113,0,0,0.4205128205128205,2.3780487804878048,0
0.9,Phenotype-Stratified (Q5),0.0,0,0,113,82,0.0,,113
0.9,Global Predictor (Q1),0.0,0,0,113,82,0.0,,113
0.9,CD274 (PD-L1+),0.0,0,0,113,82,0.0,,113
0.9,High TMB,0.005128205128205128,1,0,113,81,1.0,1.0,113
0.91,Treat None,0.0,0,0,113,82,,,113
0.91,Treat All,-5.438746438746441,82,113,0,0,0.4205128205128205,2.3780487804878048,0
0.91,Phenotype-Stratified (Q5),0.0,0,0,113,82,0.0,,113
0.91,Global Predictor (Q1),0.0,0,0,113,82,0.0,,113
0.91,CD274 (PD-L1+),0.0,0,0,113,82,0.0,,113
0.91,High TMB,0.005128205128205128,1,0,113,81,1.0,1.0,113
0.92,Treat None,0.0,0,0,113,82,,,113
0.92,Treat All,-6.243589743589748,82,113,0,0,0.4205128205128205,2.3780487804878048,0
0.92,Phenotype-Stratified (Q5),0.0,0,0,113,82,0.0,,113
0.92,Global Predictor (Q1),0.0,0,0,113,82,0.0,,113
0.92,CD274 (PD-L1+),0.0,0,0,113,82,0.0,,113
0.92,High TMB,0.005128205128205128,1,0,113,81,1.0,1.0,113
0.93,Treat None,0.0,0,0,113,82,,,113
0.93,Treat All,-7.2783882783882845,82,113,0,0,0.4205128205128205,2.3780487804878048,0
0.93,Phenotype-Stratified (Q5),0.0,0,0,113,82,0.0,,113
0.93,Global Predictor (Q1),0.0,0,0,113,82,0.0,,113
0.93,CD274 (PD-L1+),0.0,0,0,113,82,0.0,,113
0.93,High TMB,0.005128205128205128,1,0,113,81,1.0,1.0,113
0.9400000000000001,Treat None,0.0,0,0,113,82,,,113
0.9400000000000001,Treat All,-8.658119658119668,82,113,0,0,0.4205128205128205,2.3780487804878048,0
0.9400000000000001,Phenotype-Stratified (Q5),0.0,0,0,113,82,0.0,,113
0.9400000000000001,Global Predictor (Q1),0.0,0,0,113,82,0.0,,113
0.9400000000000001,CD274 (PD-L1+),0.0,0,0,113,82,0.0,,113
0.9400000000000001,High TMB,0.005128205128205128,1,0,113,81,1.0,1.0,113
0.9500000000000001,Treat None,0.0,0,0,113,82,,,113
0.9500000000000001,Treat All,-10.589743589743607,82,113,0,0,0.4205128205128205,2.3780487804878048,0
0.9500000000000001,Phenotype-Stratified (Q5),0.0,0,0,113,82,0.0,,113
0.9500000000000001,Global Predictor (Q1),0.0,0,0,113,82,0.0,,113
0.9500000000000001,CD274 (PD-L1+),0.0,0,0,113,82,0.0,,113
0.9500000000000001,High TMB,0.005128205128205128,1,0,113,81,1.0,1.0,113
0.9600000000000001,Treat None,0.0,0,0,113,82,,,113
0.9600000000000001,Treat All,-13.487179487179516,82,113,0,0,0.4205128205128205,2.3780487804878048,0
0.9600000000000001,Phenotype-Stratified (Q5),0.0,0,0,113,82,0.0,,113
0.9600000000000001,Global Predictor (Q1),0.0,0,0,113,82,0.0,,113
0.9600000000000001,CD274 (PD-L1+),0.0,0,0,113,82,0.0,,113
0.9600000000000001,High TMB,0.005128205128205128,1,0,113,81,1.0,1.0,113
0.97,Treat None,0.0,0,0,113,82,,,113
0.97,Treat All,-18.316239316239304,82,113,0,0,0.4205128205128205,2.3780487804878048,0
0.97,Phenotype-Stratified (Q5),0.0,0,0,113,82,0.0,,113
0.97,Global Predictor (Q1),0.0,0,0,113,82,0.0,,113
0.97,CD274 (PD-L1+),0.0,0,0,113,82,0.0,,113
0.97,High TMB,0.0,0,0,113,82,0.0,,113
0.98,Treat None,0.0,0,0,113,82,,,113
0.98,Treat All,-27.974358974358953,82,113,0,0,0.4205128205128205,2.3780487804878048,0
0.98,Phenotype-Stratified (Q5),0.0,0,0,113,82,0.0,,113
0.98,Global Predictor (Q1),0.0,0,0,113,82,0.0,,113
0.98,CD274 (PD-L1+),0.0,0,0,113,82,0.0,,113
0.98,High TMB,0.0,0,0,113,82,0.0,,113
0.99,Treat None,0.0,0,0,113,82,,,113
0.99,Treat All,-56.948717948717906,82,113,0,0,0.4205128205128205,2.3780487804878048,0
0.99,Phenotype-Stratified (Q5),0.0,0,0,113,82,0.0,,113
0.99,Global Predictor (Q1),0.0,0,0,113,82,0.0,,113
0.99,CD274 (PD-L1+),0.0,0,0,113,82,0.0,,113
0.99,High TMB,0.0,0,0,113,82,0.0,,113
